<?xml version="1.0"?>
<Portfolio>
  <Trade id="YearOnYear_Cap">
    <TradeType>CapFloor</TradeType>
    <Envelope>
      <CounterParty>CPTY_B</CounterParty>
      <NettingSetId>CPTY_B</NettingSetId>
      <AdditionalFields/>
    </Envelope>
    <CapFloorData>
      <LongShort>Long</LongShort>
      <LegData>
        <LegType>YY</LegType>
        <Payer>false</Payer>
        <Currency>EUR</Currency>
        <Notionals>
          <Notional>10000000</Notional>
        </Notionals>
        <DayCounter>ACT/ACT</DayCounter>
        <PaymentConvention>Following</PaymentConvention>
        <ScheduleData>
          <Rules>
            <StartDate>2016-02-05</StartDate>
            <EndDate>2021-02-05</EndDate>
            <Tenor>1Y</Tenor>
            <Calendar>TARGET</Calendar>
            <Convention>ModifiedFollowing</Convention>
            <TermConvention>ModifiedFollowing</TermConvention>
            <Rule>Forward</Rule>
            <EndOfMonth/>
            <FirstDate/>
            <LastDate/>
          </Rules>
        </ScheduleData>
        <YYLegData>
          <Index>EUHICPXT</Index>
          <FixingDays>2</FixingDays>
          <ObservationLag>2M</ObservationLag>
        </YYLegData>
      </LegData>
      <Caps>
        <Cap>0.03</Cap>
      </Caps>
      <Floors/>
    </CapFloorData>
  </Trade>
  
  <Trade id="YearOnYear_Floor">
    <TradeType>CapFloor</TradeType>
    <Envelope>
      <CounterParty>CPTY_B</CounterParty>
      <NettingSetId>CPTY_B</NettingSetId>
      <AdditionalFields/>
    </Envelope>
    <CapFloorData>
      <LongShort>Long</LongShort>
      <LegData>
        <LegType>YY</LegType>
        <Payer>false</Payer>
        <Currency>EUR</Currency>
        <Notionals>
          <Notional>10000000</Notional>
        </Notionals>
        <DayCounter>ACT/ACT</DayCounter>
        <PaymentConvention>Following</PaymentConvention>
        <ScheduleData>
          <Rules>
            <StartDate>2016-02-05</StartDate>
            <EndDate>2019-02-05</EndDate>
            <Tenor>1Y</Tenor>
            <Calendar>TARGET</Calendar>
            <Convention>ModifiedFollowing</Convention>
            <TermConvention>ModifiedFollowing</TermConvention>
            <Rule>Forward</Rule>
            <EndOfMonth/>
            <FirstDate/>
            <LastDate/>
          </Rules>
        </ScheduleData>
        <YYLegData>
          <Index>EUHICPXT</Index>
          <FixingDays>2</FixingDays>
          <ObservationLag>2M</ObservationLag>
        </YYLegData>
      </LegData>
      <Caps/>
      <Floors>
	    <Floor>-0.01</Floor>
	  </Floors>
    </CapFloorData>
  </Trade>

  <Trade id="CPI_Floor">
    <TradeType>CapFloor</TradeType>
    <Envelope>
      <CounterParty>CPTY_B</CounterParty>
      <NettingSetId>CPTY_B</NettingSetId>
      <AdditionalFields/>
    </Envelope>
    <CapFloorData>
      <LongShort>Long</LongShort>
      <LegData>
        <LegType>CPI</LegType>
        <Payer>false</Payer>
        <Currency>EUR</Currency>
        <Notionals>
          <Notional>10000000</Notional>
        </Notionals>
        <DayCounter>ACT/ACT</DayCounter>
        <PaymentConvention>Following</PaymentConvention>
        <ScheduleData>
          <Rules>
            <StartDate>2016-02-05</StartDate>
            <EndDate>2019-02-05</EndDate>
            <Tenor>1Y</Tenor>
            <Calendar>TARGET</Calendar>
            <Convention>ModifiedFollowing</Convention>
            <TermConvention>ModifiedFollowing</TermConvention>
            <Rule>Forward</Rule>
            <EndOfMonth/>
            <FirstDate/>
            <LastDate/>
          </Rules>
        </ScheduleData>
        <CPILegData>
          <Index>EUHICPXT</Index>
	  <Rates>
            <Rate>0.05</Rate>
          </Rates>
	  <BaseCPI>100</BaseCPI>
	  <StartDate>2016-02-05</StartDate>
	  <ObservationLag>3M</ObservationLag>
          <Interpolation>AsIndex</Interpolation>
	  <SubtractInflationNotional>false</SubtractInflationNotional>	  
        </CPILegData>
      </LegData>
      <Caps>
	<Cap>0.03</Cap>
      </Caps>
      <Floors>
	<Floor>0.01</Floor>
      </Floors>
    </CapFloorData>
  </Trade>

  <Trade id="CPI_Floor_SingleFlow">
    <TradeType>CapFloor</TradeType>
    <Envelope>
      <CounterParty>CPTY_B</CounterParty>
      <NettingSetId>CPTY_B</NettingSetId>
      <AdditionalFields/>
    </Envelope>
    <CapFloorData>
      <LongShort>Short</LongShort>
      <LegData>
        <LegType>CPI</LegType>
        <Payer>false</Payer>
        <Currency>EUR</Currency>
        <Notionals>
          <Notional>10000000</Notional>
	  <Exchanges>
	    <NotionalInitialExchange>N</NotionalInitialExchange>
	    <NotionalFinalExchange>Y</NotionalFinalExchange>
	  </Exchanges>
        </Notionals>
        <DayCounter>ACT/ACT</DayCounter>
        <PaymentConvention>Following</PaymentConvention>
        <ScheduleData>
          <Dates>
	    <Calendar>EUR</Calendar>
	    <Dates>
	      <Date>2019-02-05</Date>
	    </Dates>
          </Dates>
        </ScheduleData>
        <CPILegData>
          <Index>EUHICPXT</Index>
	  <Rates>
            <Rate>0.05</Rate>
          </Rates>
	  <BaseCPI>100</BaseCPI>
	  <StartDate>2016-02-05</StartDate>
	  <ObservationLag>3M</ObservationLag>
          <Interpolation>AsIndex</Interpolation>
	  <SubtractInflationNotional>false</SubtractInflationNotional>	  
        </CPILegData>
      </LegData>
      <Caps/>
      <Floors>
	<Floor>0.01</Floor>
      </Floors>
    </CapFloorData>
  </Trade>

  <Trade id="CPI_Cap">
    <TradeType>CapFloor</TradeType>
    <Envelope>
      <CounterParty>CPTY_B</CounterParty>
      <NettingSetId>CPTY_B</NettingSetId>
      <AdditionalFields/>
    </Envelope>
    <CapFloorData>
      <LongShort>Long</LongShort>
      <LegData>
        <LegType>CPI</LegType>
        <Payer>false</Payer>
        <Currency>EUR</Currency>
        <Notionals>
          <Notional>10000000</Notional>
	  <Exchanges>
	    <NotionalInitialExchange>N</NotionalInitialExchange>
	    <NotionalFinalExchange>Y</NotionalFinalExchange>
	  </Exchanges>
        </Notionals>
        <DayCounter>ACT/ACT</DayCounter>
        <PaymentConvention>Following</PaymentConvention>
        <ScheduleData>
          <Rules>
            <StartDate>2016-02-05</StartDate>
            <EndDate>2019-02-05</EndDate>
            <Tenor>1Y</Tenor>
            <Calendar>TARGET</Calendar>
            <Convention>ModifiedFollowing</Convention>
            <TermConvention>ModifiedFollowing</TermConvention>
            <Rule>Forward</Rule>
            <EndOfMonth/>
            <FirstDate/>
            <LastDate/>
          </Rules>
        </ScheduleData>
        <CPILegData>
          <Index>EUHICPXT</Index>
	  <Rates>
            <Rate>0.05</Rate>
          </Rates>
	  <BaseCPI>100</BaseCPI>
	  <StartDate>2016-02-05</StartDate>
	  <ObservationLag>3M</ObservationLag>
          <Interpolation>AsIndex</Interpolation>
	  <SubtractInflationNotional>false</SubtractInflationNotional>	  
        </CPILegData>
      </LegData>
      <Caps>
	<Cap>0.01</Cap>
      </Caps>
      <Floors/>
    </CapFloorData>
  </Trade>

</Portfolio>
