<?xml version="1.0" encoding="utf-8"?>
<CurveConfiguration>
  <FXVolatilities>
    <FXVolatility>
      <CurveId>EURUSD</CurveId>
      <CurveDescription/>
      <Dimension>Smile</Dimension>
      <Expiries>
        1M,3M,6M,1Y,2Y,3Y,10Y
      </Expiries>
      <FXSpotID>FX/EUR/USD</FXSpotID>
      <FXForeignCurveID>Yield/USD/USD1D</FXForeignCurveID>
      <FXDomesticCurveID>Yield/EUR/EUR1D</FXDomesticCurveID>
    </FXVolatility>
    <FXVolatility>
      <CurveId>EURGBP</CurveId>
      <CurveDescription/>
      <Dimension>ATM</Dimension>
      <Expiries>
        1M,3M,6M,1Y,2Y,5Y,10Y
      </Expiries>
      <FXSpotID>FX/EUR/GBP</FXSpotID>
    </FXVolatility>
    <FXVolatility>
      <CurveId>EURCHF</CurveId>
      <CurveDescription/>
      <Dimension>ATM</Dimension>
      <Expiries>
        1M,3M,6M,1Y,2Y,3Y,4Y,5Y,10Y
      </Expiries>
      <FXSpotID>FX/EUR/CHF</FXSpotID>
    </FXVolatility>
    <FXVolatility>
      <CurveId>EURJPY</CurveId>
      <CurveDescription/>
      <Dimension>ATM</Dimension>
      <Expiries>
        1M,3M,6M,1Y,2Y,3Y,4Y,5Y,10Y
      </Expiries>
      <FXSpotID>FX/EUR/JPY</FXSpotID>
    </FXVolatility>
    <FXVolatility>
      <CurveId>GBPUSD</CurveId>
      <CurveDescription/>
      <Dimension>ATM</Dimension>
      <Expiries>
        1M,3M,6M,1Y,2Y,3Y,4Y,5Y,10Y
      </Expiries>
      <FXSpotID>FX/GBP/USD</FXSpotID>
    </FXVolatility>
  </FXVolatilities>
  <SwaptionVolatilities>

    <SwaptionVolatility>
      <CurveId>EUR_SW_SMILE</CurveId>
      <CurveDescription>EUR normal swaption volatilities</CurveDescription>
      <Dimension>Smile</Dimension>
      <VolatilityType>Normal</VolatilityType>
      <Extrapolation>Flat</Extrapolation>
      <DayCounter>Actual/365 (Fixed)</DayCounter>
      <Calendar>TARGET</Calendar>
      <BusinessDayConvention>Following</BusinessDayConvention>
      <OptionTenors>
	1M,3M,6M,1Y,2Y,3Y,4Y,5Y,7Y,10Y,15Y,20Y,25Y,30Y
      </OptionTenors>
      <SwapTenors>
	1Y,2Y,3Y,4Y,5Y,7Y,10Y,15Y,20Y,25Y,30Y
      </SwapTenors>
      <ShortSwapIndexBase>EUR-CMS-1Y</ShortSwapIndexBase>
      <SwapIndexBase>EUR-CMS-30Y</SwapIndexBase>
      <!-- Smile stuff -->
      <SmileOptionTenors>
      6M,1Y,10Y
      </SmileOptionTenors>
      <SmileSwapTenors>
      2Y,5Y
      </SmileSwapTenors>
      <SmileSpreads>
      -0.02,-0.01,0.01,0.02
      </SmileSpreads>

    </SwaptionVolatility>
  </SwaptionVolatilities>
  <CapFloorVolatilities>
    <CapFloorVolatility>
      <CurveId>EUR_CF_N</CurveId>
      <CurveDescription>EUR normal cap floor volatilities</CurveDescription>
      <!-- Normal, Lognormal or ShiftedLognormal -->
      <VolatilityType>Normal</VolatilityType>
      <!-- Linear, Flat, None -->
      <Extrapolation>Linear</Extrapolation>
      <!-- Include ATM vol quotes also: True or False -->
      <IncludeAtm>FALSE</IncludeAtm>
      <!-- Day counter for date to time conversion -->
      <DayCounter>Actual/365 (Fixed)</DayCounter>
      <!--Calendar and Business day convention for cap/floor term to date conversion -->
      <Calendar>TARGET</Calendar>
      <BusinessDayConvention>Following</BusinessDayConvention>
      <!-- <Tenors>1Y,2Y,3Y,4Y,5Y,6Y,7Y,8Y,9Y,10Y,12Y,15Y,20Y,25Y,30Y</Tenors> -->
      <Tenors>1Y,2Y,3Y,4Y,5Y,6Y,7Y,8Y,9Y,10Y,15Y,20Y</Tenors>
      <!-- <Strikes>0.01,0.015,0.02,0.025,0.03,0.04,0.05</Strikes> -->
      <Strikes>-0.01,0,0.01,0.02,0.03,0.04,0.05,0.06,0.07,0.08,0.09,0.1</Strikes>
      <IborIndex>EUR-EURIBOR-6M</IborIndex>
      <DiscountCurve>Yield/EUR/EUR1D</DiscountCurve>
    </CapFloorVolatility>
    <CapFloorVolatility>
      <CurveId>GBP_CF_N</CurveId>
      <CurveDescription>GBP normal cap floor volatilities</CurveDescription>
      <!-- Normal, Lognormal or ShiftedLognormal -->
      <VolatilityType>Normal</VolatilityType>
      <!-- Linear, Flat, None -->
      <Extrapolation>Linear</Extrapolation>
      <!-- Include ATM vol quotes also: True or False -->
      <IncludeAtm>FALSE</IncludeAtm>
      <!-- Day counter for date to time conversion -->
      <DayCounter>Actual/365 (Fixed)</DayCounter>
      <!--Calendar and Business day convention for cap/floor term to date conversion -->
      <Calendar>UK</Calendar>
      <BusinessDayConvention>Following</BusinessDayConvention>
      <Tenors>1Y,2Y,3Y,4Y,5Y,6Y,7Y,8Y,9Y,10Y,15Y,20Y</Tenors>
      <Strikes>0.005,0.015,0.02,0.025,0.03,0.035,0.04,0.045,0.05,0.055,0.06,0.065,0.07,0.075,0.08,0.085,0.09,0.095,0.1</Strikes>
      <IborIndex>GBP-LIBOR-6M</IborIndex>
      <DiscountCurve>Yield/GBP/GBP1D</DiscountCurve>
    </CapFloorVolatility>
    <CapFloorVolatility>
      <CurveId>USD_CF_N</CurveId>
      <CurveDescription>USD normal cap floor volatilities</CurveDescription>
      <!-- Normal, Lognormal or ShiftedLognormal -->
      <VolatilityType>Normal</VolatilityType>
      <!-- Linear, Flat, None -->
      <Extrapolation>Linear</Extrapolation>
      <!-- Include ATM vol quotes also: True or False -->
      <IncludeAtm>FALSE</IncludeAtm>
      <!-- Day counter for date to time conversion -->
      <DayCounter>Actual/365 (Fixed)</DayCounter>
      <!--Calendar and Business day convention for cap/floor term to date conversion -->
      <Calendar>UK</Calendar>
      <BusinessDayConvention>Following</BusinessDayConvention>
      <Tenors>1Y,2Y,3Y,4Y,5Y,6Y,7Y,8Y,9Y,10Y,15Y,20Y</Tenors>
      <Strikes>0.005,0.015,0.02,0.025,0.03,0.035,0.04,0.045,0.05,0.055,0.06,0.065,0.07,0.075,0.08,0.085,0.09,0.095,0.1</Strikes>
      <IborIndex>USD-LIBOR-3M</IborIndex>
      <DiscountCurve>Yield/USD/USD1D</DiscountCurve>
    </CapFloorVolatility>
  </CapFloorVolatilities>
  <DefaultCurves>
    <DefaultCurve>
      <CurveId>BANK_SR_USD</CurveId>
      <CurveDescription>BANK SR CDS USD</CurveDescription>
      <Currency>USD</Currency>
      <!-- SpreadCDS, HazardRate -->
      <Type>SpreadCDS</Type>
      <!-- discount curve (only needed for CDS boostrapping) -->
      <DiscountCurve>Yield/USD/USD3M</DiscountCurve>
      <DayCounter>A365</DayCounter>
      <!-- although only needed for CDS curve, we require
           this for HR curves too, because it's needed
           for the XVA calculations, so we put it here -->
      <RecoveryRate>RECOVERY_RATE/RATE/BANK/SR/USD</RecoveryRate>
      <Quotes>
        <Quote>CDS/CREDIT_SPREAD/BANK/SR/USD/1Y</Quote>
        <Quote>CDS/CREDIT_SPREAD/BANK/SR/USD/2Y</Quote>
        <Quote>CDS/CREDIT_SPREAD/BANK/SR/USD/3Y</Quote>
        <Quote>CDS/CREDIT_SPREAD/BANK/SR/USD/4Y</Quote>
        <Quote>CDS/CREDIT_SPREAD/BANK/SR/USD/5Y</Quote>
        <Quote>CDS/CREDIT_SPREAD/BANK/SR/USD/7Y</Quote>
        <Quote>CDS/CREDIT_SPREAD/BANK/SR/USD/10Y</Quote>
      </Quotes>
      <Conventions>CDS-STANDARD-CONVENTIONS</Conventions>
      <!-- interpolation is hard coded backward flat in hazard rate -->
    </DefaultCurve>
    <DefaultCurve>
      <CurveId>CPTY_A_SR_USD</CurveId>
      <CurveDescription>CPTY_A SR HR USD</CurveDescription>
      <Currency>USD</Currency>
      <Type>HazardRate</Type>
      <DiscountCurve/>
      <DayCounter>A365</DayCounter>
      <RecoveryRate>RECOVERY_RATE/RATE/CPTY_A/SR/USD</RecoveryRate>
      <Quotes>
        <Quote>HAZARD_RATE/RATE/CPTY_A/SR/USD/0Y</Quote>
        <Quote>HAZARD_RATE/RATE/CPTY_A/SR/USD/1Y</Quote>
        <Quote>HAZARD_RATE/RATE/CPTY_A/SR/USD/2Y</Quote>
        <Quote>HAZARD_RATE/RATE/CPTY_A/SR/USD/3Y</Quote>
        <Quote>HAZARD_RATE/RATE/CPTY_A/SR/USD/4Y</Quote>
        <Quote>HAZARD_RATE/RATE/CPTY_A/SR/USD/5Y</Quote>
        <Quote>HAZARD_RATE/RATE/CPTY_A/SR/USD/7Y</Quote>
        <Quote>HAZARD_RATE/RATE/CPTY_A/SR/USD/10Y</Quote>
        <Quote>HAZARD_RATE/RATE/CPTY_A/SR/USD/15Y</Quote>
        <Quote>HAZARD_RATE/RATE/CPTY_A/SR/USD/20Y</Quote>
        <Quote>HAZARD_RATE/RATE/CPTY_A/SR/USD/30Y</Quote>
      </Quotes>
      <Conventions>CDS-STANDARD-CONVENTIONS</Conventions>
    </DefaultCurve>
    <DefaultCurve>
      <CurveId>CPTY_C_SR_EUR</CurveId>
      <CurveDescription>CPTY_C SR HR EUR</CurveDescription>
      <Currency>EUR</Currency>
      <Type>HazardRate</Type>
      <DiscountCurve/>
      <DayCounter>A360</DayCounter>
      <RecoveryRate>RECOVERY_RATE/RATE/CPTY_C/SR/EUR</RecoveryRate>
      <Quotes>
        <Quote>HAZARD_RATE/RATE/CPTY_C/SR/EUR/1Y</Quote>
      </Quotes>
      <Conventions>CDS-STANDARD-CONVENTIONS</Conventions>
    </DefaultCurve>
  </DefaultCurves>
  <YieldCurves>
    <YieldCurve>
      <CurveId>CHF6M</CurveId>
      <CurveDescription/>
      <Currency>CHF</Currency>
      <DiscountCurve/>
      <Segments>
        <Simple>
          <Type>Deposit</Type>
          <Quotes>
            <Quote>MM/RATE/CHF/2D/1W</Quote>
            <Quote>MM/RATE/CHF/2D/2W</Quote>
            <Quote>MM/RATE/CHF/2D/3W</Quote>
            <Quote>MM/RATE/CHF/2D/1M</Quote>
            <Quote>MM/RATE/CHF/2D/2M</Quote>
            <Quote>MM/RATE/CHF/2D/3M</Quote>
            <Quote>MM/RATE/CHF/2D/6M</Quote>
          </Quotes>
          <Conventions>CHF-LIBOR-CONVENTIONS</Conventions>
          <ProjectionCurve>CHF6M</ProjectionCurve>
        </Simple>
        <Simple>
          <Type>FRA</Type>
          <Quotes>
            <Quote>FRA/RATE/CHF/1M/6M</Quote>
            <Quote>FRA/RATE/CHF/2M/6M</Quote>
            <Quote>FRA/RATE/CHF/3M/6M</Quote>
            <Quote>FRA/RATE/CHF/4M/6M</Quote>
            <Quote>FRA/RATE/CHF/5M/6M</Quote>
            <Quote>FRA/RATE/CHF/6M/6M</Quote>
          </Quotes>
          <Conventions>CHF-6M-FRA-CONVENTIONS</Conventions>
          <ProjectionCurve>CHF6M</ProjectionCurve>
        </Simple>
        <Simple>
          <Type>Swap</Type>
          <Quotes>
            <Quote>IR_SWAP/RATE/CHF/2D/6M/2Y</Quote>
            <Quote>IR_SWAP/RATE/CHF/2D/6M/3Y</Quote>
            <Quote>IR_SWAP/RATE/CHF/2D/6M/4Y</Quote>
            <Quote>IR_SWAP/RATE/CHF/2D/6M/5Y</Quote>
            <Quote>IR_SWAP/RATE/CHF/2D/6M/6Y</Quote>
            <Quote>IR_SWAP/RATE/CHF/2D/6M/7Y</Quote>
            <Quote>IR_SWAP/RATE/CHF/2D/6M/8Y</Quote>
            <Quote>IR_SWAP/RATE/CHF/2D/6M/9Y</Quote>
            <Quote>IR_SWAP/RATE/CHF/2D/6M/10Y</Quote>
            <Quote>IR_SWAP/RATE/CHF/2D/6M/12Y</Quote>
            <Quote>IR_SWAP/RATE/CHF/2D/6M/15Y</Quote>
            <Quote>IR_SWAP/RATE/CHF/2D/6M/20Y</Quote>
            <Quote>IR_SWAP/RATE/CHF/2D/6M/25Y</Quote>
            <Quote>IR_SWAP/RATE/CHF/2D/6M/30Y</Quote>
          </Quotes>
          <Conventions>CHF-6M-SWAP-CONVENTIONS</Conventions>
          <ProjectionCurve>CHF6M</ProjectionCurve>
        </Simple>
      </Segments>
    </YieldCurve>
    <YieldCurve>
      <CurveId>CHF3M</CurveId>
      <CurveDescription/>
      <Currency>CHF</Currency>
      <DiscountCurve/>
      <Segments>
        <Simple>
          <Type>Deposit</Type>
          <Quotes>
            <Quote>MM/RATE/CHF/2D/1W</Quote>
            <Quote>MM/RATE/CHF/2D/1M</Quote>
            <Quote>MM/RATE/CHF/2D/3M</Quote>
          </Quotes>
          <Conventions>CHF-LIBOR-CONVENTIONS</Conventions>
          <ProjectionCurve>CHF3M</ProjectionCurve>
        </Simple>
        <Simple>
          <Type>FRA</Type>
          <Quotes>
            <!--
		<Quote>FRA/RATE/CHF/3M/3M</Quote>
		<Quote>FRA/RATE/CHF/6M/3M</Quote>
		<Quote>FRA/RATE/CHF/9M/3M</Quote>
	    -->
          </Quotes>
          <Conventions>CHF-3M-FRA-CONVENTIONS</Conventions>
          <ProjectionCurve>CHF3M</ProjectionCurve>
        </Simple>
        <Simple>
          <Type>Swap</Type>
          <Quotes>
            <!--
		<Quote>IR_SWAP/RATE/CHF/2D/3M/1Y3M</Quote>
		<Quote>IR_SWAP/RATE/CHF/2D/3M/1Y6M</Quote>
            -->
            <Quote>IR_SWAP/RATE/CHF/2D/3M/2Y</Quote>
            <Quote>IR_SWAP/RATE/CHF/2D/3M/3Y</Quote>
            <Quote>IR_SWAP/RATE/CHF/2D/3M/4Y</Quote>
            <Quote>IR_SWAP/RATE/CHF/2D/3M/5Y</Quote>
            <Quote>IR_SWAP/RATE/CHF/2D/3M/7Y</Quote>
            <Quote>IR_SWAP/RATE/CHF/2D/3M/10Y</Quote>
            <Quote>IR_SWAP/RATE/CHF/2D/3M/12Y</Quote>
            <Quote>IR_SWAP/RATE/CHF/2D/3M/15Y</Quote>
            <Quote>IR_SWAP/RATE/CHF/2D/3M/20Y</Quote>
            <Quote>IR_SWAP/RATE/CHF/2D/3M/25Y</Quote>
            <Quote>IR_SWAP/RATE/CHF/2D/3M/30Y</Quote>
          </Quotes>
          <Conventions>CHF-3M-SWAP-CONVENTIONS</Conventions>
          <ProjectionCurve>CHF3M</ProjectionCurve>
        </Simple>
      </Segments>
    </YieldCurve>
    <YieldCurve>
      <CurveId>CHF1M</CurveId>
      <CurveDescription/>
      <Currency>CHF</Currency>
      <DiscountCurve/>
      <Segments>
        <Simple>
          <Type>Deposit</Type>
          <Quotes>
            <Quote>MM/RATE/CHF/2D/1W</Quote>
            <Quote>MM/RATE/CHF/2D/1M</Quote>
          </Quotes>
          <Conventions>CHF-Deposit</Conventions>
          <ProjectionCurve>CHF1M</ProjectionCurve>
        </Simple>
        <Simple>
          <Type>Swap</Type>
          <Quotes>
            <Quote>IR_SWAP/RATE/CHF/2D/1M/2M</Quote>
            <Quote>IR_SWAP/RATE/CHF/2D/1M/3M</Quote>
            <Quote>IR_SWAP/RATE/CHF/2D/1M/4M</Quote>
            <Quote>IR_SWAP/RATE/CHF/2D/1M/5M</Quote>
            <Quote>IR_SWAP/RATE/CHF/2D/1M/6M</Quote>
            <Quote>IR_SWAP/RATE/CHF/2D/1M/7M</Quote>
            <Quote>IR_SWAP/RATE/CHF/2D/1M/8M</Quote>
            <Quote>IR_SWAP/RATE/CHF/2D/1M/9M</Quote>
            <Quote>IR_SWAP/RATE/CHF/2D/1M/10M</Quote>
            <Quote>IR_SWAP/RATE/CHF/2D/1M/11M</Quote>
            <Quote>IR_SWAP/RATE/CHF/2D/1M/1Y</Quote>
            <Quote>IR_SWAP/RATE/CHF/2D/1M/2Y</Quote>
            <Quote>IR_SWAP/RATE/CHF/2D/1M/3Y</Quote>
            <Quote>IR_SWAP/RATE/CHF/2D/1M/4Y</Quote>
            <Quote>IR_SWAP/RATE/CHF/2D/1M/5Y</Quote>
            <Quote>IR_SWAP/RATE/CHF/2D/1M/7Y</Quote>
            <Quote>IR_SWAP/RATE/CHF/2D/1M/10Y</Quote>
            <Quote>IR_SWAP/RATE/CHF/2D/1M/12Y</Quote>
            <Quote>IR_SWAP/RATE/CHF/2D/1M/15Y</Quote>
            <Quote>IR_SWAP/RATE/CHF/2D/1M/20Y</Quote>
            <Quote>IR_SWAP/RATE/CHF/2D/1M/25Y</Quote>
            <Quote>IR_SWAP/RATE/CHF/2D/1M/30Y</Quote>
          </Quotes>
          <Conventions>CHF1M-Swap</Conventions>
          <ProjectionCurve>CHF1M</ProjectionCurve>
        </Simple>
      </Segments>
    </YieldCurve>
    <YieldCurve>
      <CurveId>CHF1D</CurveId>
      <CurveDescription>CHF discount curve bootstrapped from TOIS swap rates</CurveDescription>
      <Currency>CHF</Currency>
      <DiscountCurve/>
      <Segments>
        <Simple>
          <Type>Deposit</Type>
          <Quotes>
            <Quote>MM/RATE/CHF/0D/1D</Quote>
          </Quotes>
          <Conventions>CHF-TOIS-CONVENTIONS</Conventions>
        </Simple>
        <Simple>
          <Type>OIS</Type>
          <Quotes>
            <Quote>IR_SWAP/RATE/CHF/2D/1D/1M</Quote>
            <Quote>IR_SWAP/RATE/CHF/2D/1D/2M</Quote>
            <Quote>IR_SWAP/RATE/CHF/2D/1D/3M</Quote>
            <Quote>IR_SWAP/RATE/CHF/2D/1D/4M</Quote>
            <Quote>IR_SWAP/RATE/CHF/2D/1D/5M</Quote>
            <Quote>IR_SWAP/RATE/CHF/2D/1D/6M</Quote>
            <Quote>IR_SWAP/RATE/CHF/2D/1D/7M</Quote>
            <Quote>IR_SWAP/RATE/CHF/2D/1D/8M</Quote>
            <Quote>IR_SWAP/RATE/CHF/2D/1D/9M</Quote>
            <Quote>IR_SWAP/RATE/CHF/2D/1D/10M</Quote>
            <Quote>IR_SWAP/RATE/CHF/2D/1D/11M</Quote>
            <Quote>IR_SWAP/RATE/CHF/2D/1D/1Y</Quote>
            <Quote>IR_SWAP/RATE/CHF/2D/1D/1Y3M</Quote>
            <Quote>IR_SWAP/RATE/CHF/2D/1D/1Y6M</Quote>
            <Quote>IR_SWAP/RATE/CHF/2D/1D/1Y9M</Quote>
            <Quote>IR_SWAP/RATE/CHF/2D/1D/2Y</Quote>
            <Quote>IR_SWAP/RATE/CHF/2D/1D/3Y</Quote>
            <Quote>IR_SWAP/RATE/CHF/2D/1D/4Y</Quote>
            <Quote>IR_SWAP/RATE/CHF/2D/1D/5Y</Quote>
            <Quote>IR_SWAP/RATE/CHF/2D/1D/6Y</Quote>
            <Quote>IR_SWAP/RATE/CHF/2D/1D/7Y</Quote>
            <Quote>IR_SWAP/RATE/CHF/2D/1D/8Y</Quote>
            <Quote>IR_SWAP/RATE/CHF/2D/1D/10Y</Quote>
            <Quote>IR_SWAP/RATE/CHF/2D/1D/12Y</Quote>
            <Quote>IR_SWAP/RATE/CHF/2D/1D/15Y</Quote>
            <Quote>IR_SWAP/RATE/CHF/2D/1D/20Y</Quote>
            <Quote>IR_SWAP/RATE/CHF/2D/1D/25Y</Quote>
            <Quote>IR_SWAP/RATE/CHF/2D/1D/30Y</Quote>
          </Quotes>
          <Conventions>CHF-OIS-CONVENTIONS</Conventions>
        </Simple>
      </Segments>
      <InterpolationVariable>Discount</InterpolationVariable>
      <InterpolationMethod>LogLinear</InterpolationMethod>
      <YieldCurveDayCounter>A365</YieldCurveDayCounter>
      <Tolerance>0.000000000001</Tolerance>
    </YieldCurve>
    <YieldCurve>
      <CurveId>EUR1D</CurveId>
      <CurveDescription>EUR discount curve bootstrapped from EONIA swap rates</CurveDescription>
      <Currency>EUR</Currency>
      <DiscountCurve/>
      <Segments>
        <Simple>
          <Type>Deposit</Type>
          <Quotes>
            <Quote>MM/RATE/EUR/0D/1D</Quote>
          </Quotes>
          <Conventions>EUR-EONIA-CONVENTIONS</Conventions>
        </Simple>
        <Simple>
          <Type>OIS</Type>
          <Quotes>
            <Quote>IR_SWAP/RATE/EUR/2D/1D/1W</Quote>
            <Quote>IR_SWAP/RATE/EUR/2D/1D/2W</Quote>
            <Quote>IR_SWAP/RATE/EUR/2D/1D/1M</Quote>
            <Quote>IR_SWAP/RATE/EUR/2D/1D/2M</Quote>
            <Quote>IR_SWAP/RATE/EUR/2D/1D/3M</Quote>
            <Quote>IR_SWAP/RATE/EUR/2D/1D/4M</Quote>
            <Quote>IR_SWAP/RATE/EUR/2D/1D/5M</Quote>
            <Quote>IR_SWAP/RATE/EUR/2D/1D/6M</Quote>
            <Quote>IR_SWAP/RATE/EUR/2D/1D/7M</Quote>
            <Quote>IR_SWAP/RATE/EUR/2D/1D/8M</Quote>
            <Quote>IR_SWAP/RATE/EUR/2D/1D/9M</Quote>
            <Quote>IR_SWAP/RATE/EUR/2D/1D/10M</Quote>
            <Quote>IR_SWAP/RATE/EUR/2D/1D/11M</Quote>
            <Quote>IR_SWAP/RATE/EUR/2D/1D/1Y</Quote>
            <Quote>IR_SWAP/RATE/EUR/2D/1D/1Y3M</Quote>
            <Quote>IR_SWAP/RATE/EUR/2D/1D/1Y6M</Quote>
            <Quote>IR_SWAP/RATE/EUR/2D/1D/1Y9M</Quote>
            <Quote>IR_SWAP/RATE/EUR/2D/1D/2Y</Quote>
            <Quote>IR_SWAP/RATE/EUR/2D/1D/3Y</Quote>
            <Quote>IR_SWAP/RATE/EUR/2D/1D/4Y</Quote>
            <Quote>IR_SWAP/RATE/EUR/2D/1D/5Y</Quote>
            <Quote>IR_SWAP/RATE/EUR/2D/1D/6Y</Quote>
            <Quote>IR_SWAP/RATE/EUR/2D/1D/7Y</Quote>
            <Quote>IR_SWAP/RATE/EUR/2D/1D/8Y</Quote>
            <Quote>IR_SWAP/RATE/EUR/2D/1D/9Y</Quote>
            <Quote>IR_SWAP/RATE/EUR/2D/1D/10Y</Quote>
            <Quote>IR_SWAP/RATE/EUR/2D/1D/12Y</Quote>
            <Quote>IR_SWAP/RATE/EUR/2D/1D/15Y</Quote>
            <Quote>IR_SWAP/RATE/EUR/2D/1D/20Y</Quote>
            <Quote>IR_SWAP/RATE/EUR/2D/1D/25Y</Quote>
            <Quote>IR_SWAP/RATE/EUR/2D/1D/30Y</Quote>
            <!--<Quote>IR_SWAP/RATE/EUR/2D/1D/50Y</Quote>-->
          </Quotes>
          <Conventions>EUR-OIS-CONVENTIONS</Conventions>
        </Simple>
      </Segments>
      <InterpolationVariable>Discount</InterpolationVariable>
      <InterpolationMethod>LogLinear</InterpolationMethod>
      <YieldCurveDayCounter>A365</YieldCurveDayCounter>
      <Tolerance>0.000000000001</Tolerance>
    </YieldCurve>
    <YieldCurve>
      <CurveId>EUR6M</CurveId>
      <CurveDescription/>
      <Currency>EUR</Currency>
      <DiscountCurve/>
      <Segments>
        <Simple>
          <Type>Deposit</Type>
          <Quotes>
            <!--
		<Quote>MM/RATE/EUR/0D/1D</Quote>
		<Quote>MM/RATE/EUR/2D/1W</Quote>
		<Quote>MM/RATE/EUR/2D/1M</Quote>
		<Quote>MM/RATE/EUR/2D/2M</Quote>
		<Quote>MM/RATE/EUR/2D/3M</Quote>
		<Quote>MM/RATE/EUR/2D/4M</Quote>
		<Quote>MM/RATE/EUR/2D/5M</Quote>
	    -->
            <Quote>MM/RATE/EUR/2D/6M</Quote>
          </Quotes>
          <Conventions>EUR-EURIBOR-CONVENTIONS</Conventions>
          <ProjectionCurve>EUR6M</ProjectionCurve>
        </Simple>
        <Simple>
          <Type>FRA</Type>
          <Quotes>
            <!--
		<Quote>FRA/RATE/EUR/1M/6M</Quote>
		<Quote>FRA/RATE/EUR/2M/6M</Quote>
		<Quote>FRA/RATE/EUR/3M/6M</Quote>
		<Quote>FRA/RATE/EUR/4M/6M</Quote>
		<Quote>FRA/RATE/EUR/5M/6M</Quote>
		<Quote>FRA/RATE/EUR/6M/6M</Quote>
		<Quote>FRA/RATE/EUR/7M/6M</Quote>
		<Quote>FRA/RATE/EUR/8M/6M</Quote>
		<Quote>FRA/RATE/EUR/9M/6M</Quote>
		<Quote>FRA/RATE/EUR/10M/6M</Quote>
		<Quote>FRA/RATE/EUR/11M/6M</Quote>
		<Quote>FRA/RATE/EUR/1Y/6M</Quote>
		<Quote>FRA/RATE/EUR/1Y1M/6M</Quote>
		<Quote>FRA/RATE/EUR/1Y2M/6M</Quote>
		<Quote>FRA/RATE/EUR/1Y3M/6M</Quote>
		<Quote>FRA/RATE/EUR/1Y4M/6M</Quote>
		<Quote>FRA/RATE/EUR/1Y5M/6M</Quote>
		<Quote>FRA/RATE/EUR/1Y6M/6M</Quote>
            -->
          </Quotes>
          <Conventions>EUR-6M-FRA-CONVENTIONS</Conventions>
          <ProjectionCurve>EUR6M</ProjectionCurve>
        </Simple>
        <Simple>
          <Type>Swap</Type>
          <Quotes>
            <Quote>IR_SWAP/RATE/EUR/2D/6M/2Y</Quote>
            <Quote>IR_SWAP/RATE/EUR/2D/6M/3Y</Quote>
            <Quote>IR_SWAP/RATE/EUR/2D/6M/4Y</Quote>
            <Quote>IR_SWAP/RATE/EUR/2D/6M/5Y</Quote>
            <Quote>IR_SWAP/RATE/EUR/2D/6M/7Y</Quote>
            <Quote>IR_SWAP/RATE/EUR/2D/6M/10Y</Quote>
            <Quote>IR_SWAP/RATE/EUR/2D/6M/12Y</Quote>
            <Quote>IR_SWAP/RATE/EUR/2D/6M/15Y</Quote>
            <Quote>IR_SWAP/RATE/EUR/2D/6M/20Y</Quote>
            <Quote>IR_SWAP/RATE/EUR/2D/6M/25Y</Quote>
            <Quote>IR_SWAP/RATE/EUR/2D/6M/30Y</Quote>
            <Quote>IR_SWAP/RATE/EUR/2D/6M/40Y</Quote>
            <Quote>IR_SWAP/RATE/EUR/2D/6M/50Y</Quote>
            <!--
		<Quote>IR_SWAP/RATE/EUR/2D/6M/60Y</Quote>
	    -->
          </Quotes>
          <Conventions>EUR-6M-SWAP-CONVENTIONS</Conventions>
          <ProjectionCurve>EUR6M</ProjectionCurve>
        </Simple>
      </Segments>
    </YieldCurve>
    <YieldCurve>
      <CurveId>EUR12M</CurveId>
      <CurveDescription/>
      <Currency>EUR</Currency>
      <DiscountCurve/>
      <Segments>
        <Simple>
          <Type>Deposit</Type>
          <Quotes>
            <!--<Quote>MM/RATE/EUR/1D/1D</Quote>
            <Quote>MM/RATE/EUR/2D/1D</Quote>-->
            <Quote>MM/RATE/EUR/2D/1W</Quote>
            <Quote>MM/RATE/EUR/2D/1M</Quote>
            <Quote>MM/RATE/EUR/2D/2M</Quote>
            <Quote>MM/RATE/EUR/2D/3M</Quote>
            <Quote>MM/RATE/EUR/2D/4M</Quote>
            <Quote>MM/RATE/EUR/2D/5M</Quote>
            <Quote>MM/RATE/EUR/2D/6M</Quote>
            <Quote>MM/RATE/EUR/2D/7M</Quote>
            <Quote>MM/RATE/EUR/2D/8M</Quote>
            <Quote>MM/RATE/EUR/2D/9M</Quote>
            <Quote>MM/RATE/EUR/2D/10M</Quote>
            <Quote>MM/RATE/EUR/2D/11M</Quote>
            <Quote>MM/RATE/EUR/2D/1Y</Quote>
          </Quotes>
          <Conventions>EUR-DEPOSIT</Conventions>
          <ProjectionCurve>EUR12M</ProjectionCurve>
        </Simple>
        <TenorBasis>
          <Type>Tenor Basis Two Swaps</Type>
          <Quotes>
            <Quote>BASIS_SWAP/BASIS_SPREAD/6M/12M/EUR/2Y</Quote>
            <Quote>BASIS_SWAP/BASIS_SPREAD/6M/12M/EUR/3Y</Quote>
            <Quote>BASIS_SWAP/BASIS_SPREAD/6M/12M/EUR/4Y</Quote>
            <Quote>BASIS_SWAP/BASIS_SPREAD/6M/12M/EUR/5Y</Quote>
            <Quote>BASIS_SWAP/BASIS_SPREAD/6M/12M/EUR/6Y</Quote>
            <Quote>BASIS_SWAP/BASIS_SPREAD/6M/12M/EUR/8Y</Quote>
            <Quote>BASIS_SWAP/BASIS_SPREAD/6M/12M/EUR/9Y</Quote>
            <Quote>BASIS_SWAP/BASIS_SPREAD/6M/12M/EUR/10Y</Quote>
            <Quote>BASIS_SWAP/BASIS_SPREAD/6M/12M/EUR/11Y</Quote>
            <Quote>BASIS_SWAP/BASIS_SPREAD/6M/12M/EUR/12Y</Quote>
            <Quote>BASIS_SWAP/BASIS_SPREAD/6M/12M/EUR/15Y</Quote>
            <Quote>BASIS_SWAP/BASIS_SPREAD/6M/12M/EUR/20Y</Quote>
            <Quote>BASIS_SWAP/BASIS_SPREAD/6M/12M/EUR/25Y</Quote>
            <Quote>BASIS_SWAP/BASIS_SPREAD/6M/12M/EUR/30Y</Quote>
          </Quotes>
          <Conventions>EUR-EURIBOR-6M-12M-BASIS-CONVENTIONS</Conventions>
          <ProjectionCurveLong>EUR12M</ProjectionCurveLong>
          <ProjectionCurveShort>EUR6M</ProjectionCurveShort>
        </TenorBasis>
      </Segments>
    </YieldCurve>
    <YieldCurve>
      <CurveId>EUR3M</CurveId>
      <CurveDescription/>
      <Currency>EUR</Currency>
      <DiscountCurve/>
      <Segments>
        <Simple>
          <Type>Deposit</Type>
          <Quotes>
            <Quote>MM/RATE/EUR/2D/1W</Quote>
            <Quote>MM/RATE/EUR/2D/1M</Quote>
            <Quote>MM/RATE/EUR/2D/2M</Quote>
            <Quote>MM/RATE/EUR/2D/3M</Quote>
          </Quotes>
          <Conventions>EUR-EURIBOR-CONVENTIONS</Conventions>
          <ProjectionCurve>EUR3M</ProjectionCurve>
        </Simple>
        <Simple>
          <Type>FRA</Type>
          <Quotes>
            <Quote>FRA/RATE/EUR/1M/3M</Quote>
            <Quote>FRA/RATE/EUR/2M/3M</Quote>
            <Quote>FRA/RATE/EUR/3M/3M</Quote>
            <Quote>FRA/RATE/EUR/4M/3M</Quote>
            <Quote>FRA/RATE/EUR/5M/3M</Quote>
            <Quote>FRA/RATE/EUR/6M/3M</Quote>
            <Quote>FRA/RATE/EUR/9M/3M</Quote>
            <Quote>FRA/RATE/EUR/1Y/3M</Quote>
          </Quotes>
          <Conventions>EUR-3M-FRA-CONVENTIONS</Conventions>
          <ProjectionCurve>EUR3M</ProjectionCurve>
        </Simple>
        <Simple>
          <Type>Swap</Type>
          <Quotes>
            <Quote>IR_SWAP/RATE/EUR/2D/3M/2Y</Quote>
            <Quote>IR_SWAP/RATE/EUR/2D/3M/3Y</Quote>
            <Quote>IR_SWAP/RATE/EUR/2D/3M/4Y</Quote>
            <Quote>IR_SWAP/RATE/EUR/2D/3M/5Y</Quote>
            <Quote>IR_SWAP/RATE/EUR/2D/3M/6Y</Quote>
            <Quote>IR_SWAP/RATE/EUR/2D/3M/7Y</Quote>
            <Quote>IR_SWAP/RATE/EUR/2D/3M/8Y</Quote>
            <Quote>IR_SWAP/RATE/EUR/2D/3M/9Y</Quote>
            <Quote>IR_SWAP/RATE/EUR/2D/3M/10Y</Quote>
            <Quote>IR_SWAP/RATE/EUR/2D/3M/12Y</Quote>
            <Quote>IR_SWAP/RATE/EUR/2D/3M/15Y</Quote>
            <Quote>IR_SWAP/RATE/EUR/2D/3M/20Y</Quote>
            <Quote>IR_SWAP/RATE/EUR/2D/3M/25Y</Quote>
            <Quote>IR_SWAP/RATE/EUR/2D/3M/40Y</Quote>
            <Quote>IR_SWAP/RATE/EUR/2D/3M/50Y</Quote>
          </Quotes>
          <Conventions>EUR-3M-SWAP-CONVENTIONS</Conventions>
          <ProjectionCurve>EUR3M</ProjectionCurve>
        </Simple>
      </Segments>
    </YieldCurve>
    <YieldCurve>
      <CurveId>EUR1M</CurveId>
      <CurveDescription/>
      <Currency>EUR</Currency>
      <DiscountCurve/>
      <Segments>
        <Simple>
          <Type>Deposit</Type>
          <Quotes>
            <Quote>MM/RATE/EUR/2D/1W</Quote>
            <Quote>MM/RATE/EUR/2D/1M</Quote>
          </Quotes>
          <Conventions>EUR-DEPOSIT</Conventions>
          <ProjectionCurve>EUR1M</ProjectionCurve>
        </Simple>
        <Simple>
          <Type>Swap</Type>
          <Quotes>
            <Quote>IR_SWAP/RATE/EUR/2D/1M/2M</Quote>
            <Quote>IR_SWAP/RATE/EUR/2D/1M/3M</Quote>
            <Quote>IR_SWAP/RATE/EUR/2D/1M/4M</Quote>
            <Quote>IR_SWAP/RATE/EUR/2D/1M/5M</Quote>
            <Quote>IR_SWAP/RATE/EUR/2D/1M/6M</Quote>
            <Quote>IR_SWAP/RATE/EUR/2D/1M/7M</Quote>
            <Quote>IR_SWAP/RATE/EUR/2D/1M/8M</Quote>
            <Quote>IR_SWAP/RATE/EUR/2D/1M/9M</Quote>
            <Quote>IR_SWAP/RATE/EUR/2D/1M/10M</Quote>
            <Quote>IR_SWAP/RATE/EUR/2D/1M/11M</Quote>
            <Quote>IR_SWAP/RATE/EUR/2D/1M/1Y</Quote>
            <Quote>IR_SWAP/RATE/EUR/2D/1M/2Y</Quote>
            <Quote>IR_SWAP/RATE/EUR/2D/1M/3Y</Quote>
            <Quote>IR_SWAP/RATE/EUR/2D/1M/4Y</Quote>
            <Quote>IR_SWAP/RATE/EUR/2D/1M/5Y</Quote>
            <Quote>IR_SWAP/RATE/EUR/2D/1M/6Y</Quote>
            <Quote>IR_SWAP/RATE/EUR/2D/1M/7Y</Quote>
            <Quote>IR_SWAP/RATE/EUR/2D/1M/8Y</Quote>
            <Quote>IR_SWAP/RATE/EUR/2D/1M/9Y</Quote>
            <Quote>IR_SWAP/RATE/EUR/2D/1M/10Y</Quote>
            <Quote>IR_SWAP/RATE/EUR/2D/1M/12Y</Quote>
            <Quote>IR_SWAP/RATE/EUR/2D/1M/15Y</Quote>
            <Quote>IR_SWAP/RATE/EUR/2D/1M/20Y</Quote>
            <Quote>IR_SWAP/RATE/EUR/2D/1M/25Y</Quote>
            <Quote>IR_SWAP/RATE/EUR/2D/1M/30Y</Quote>
          </Quotes>
          <Conventions>EUR-1M-SWAP-CONVENTIONS</Conventions>
          <ProjectionCurve>EUR1M</ProjectionCurve>
        </Simple>
      </Segments>
    </YieldCurve>
    <YieldCurve>
      <CurveId>USD1D</CurveId>
      <CurveDescription>USD discount curve bootstrapped from FED FUNDS swap rates</CurveDescription>
      <Currency>USD</Currency>
      <DiscountCurve/>
      <Segments>
        <Simple>
          <Type>Deposit</Type>
          <Quotes>
            <Quote>MM/RATE/USD/0D/1D</Quote>
          </Quotes>
          <Conventions>USD-FED-FUNDS-CONVENTIONS</Conventions>
        </Simple>
        <Simple>
          <Type>OIS</Type>
          <Quotes>
            <!--<Quote>IR_SWAP/RATE/USD/2D/1D/1W</Quote>-->
            <Quote>IR_SWAP/RATE/USD/2D/1D/1M</Quote>
            <Quote>IR_SWAP/RATE/USD/2D/1D/3M</Quote>
            <Quote>IR_SWAP/RATE/USD/2D/1D/6M</Quote>
            <Quote>IR_SWAP/RATE/USD/2D/1D/9M</Quote>
            <Quote>IR_SWAP/RATE/USD/2D/1D/1Y</Quote>
            <Quote>IR_SWAP/RATE/USD/2D/1D/1Y3M</Quote>
            <Quote>IR_SWAP/RATE/USD/2D/1D/1Y6M</Quote>
            <Quote>IR_SWAP/RATE/USD/2D/1D/1Y9M</Quote>
            <Quote>IR_SWAP/RATE/USD/2D/1D/2Y</Quote>
            <Quote>IR_SWAP/RATE/USD/2D/1D/3Y</Quote>
            <Quote>IR_SWAP/RATE/USD/2D/1D/4Y</Quote>
            <Quote>IR_SWAP/RATE/USD/2D/1D/5Y</Quote>
            <Quote>IR_SWAP/RATE/USD/2D/1D/7Y</Quote>
            <Quote>IR_SWAP/RATE/USD/2D/1D/10Y</Quote>
            <Quote>IR_SWAP/RATE/USD/2D/1D/12Y</Quote>
            <Quote>IR_SWAP/RATE/USD/2D/1D/15Y</Quote>
            <Quote>IR_SWAP/RATE/USD/2D/1D/20Y</Quote>
            <Quote>IR_SWAP/RATE/USD/2D/1D/25Y</Quote>
            <Quote>IR_SWAP/RATE/USD/2D/1D/30Y</Quote>
            <!--<Quote>IR_SWAP/RATE/USD/2D/1D/40Y</Quote>-->
            <!--<Quote>IR_SWAP/RATE/USD/2D/1D/50Y</Quote>-->
          </Quotes>
          <Conventions>USD-OIS-CONVENTIONS</Conventions>
        </Simple>
        <!--
	    <AverageOIS>
            <Type>Average OIS</Type>
            <Quotes>
            <CompositeQuote>
            <SpreadQuote>BASIS_SWAP/BASIS_SPREAD/3M/1D/USD/3Y</SpreadQuote>
            <RateQuote>IR_SWAP/RATE/USD/2D/3M/3Y</RateQuote>
            </CompositeQuote>
            <CompositeQuote>
            <SpreadQuote>BASIS_SWAP/BASIS_SPREAD/3M/1D/USD/4Y</SpreadQuote>
            <RateQuote>IR_SWAP/RATE/USD/2D/3M/4Y</RateQuote>
            </CompositeQuote>
            <CompositeQuote>
            <SpreadQuote>BASIS_SWAP/BASIS_SPREAD/3M/1D/USD/5Y</SpreadQuote>
            <RateQuote>IR_SWAP/RATE/USD/2D/3M/5Y</RateQuote>
            </CompositeQuote>
            <CompositeQuote>
            <SpreadQuote>BASIS_SWAP/BASIS_SPREAD/3M/1D/USD/7Y</SpreadQuote>
            <RateQuote>IR_SWAP/RATE/USD/2D/3M/7Y</RateQuote>
            </CompositeQuote>
            <CompositeQuote>
            <SpreadQuote>BASIS_SWAP/BASIS_SPREAD/3M/1D/USD/10Y</SpreadQuote>
            <RateQuote>IR_SWAP/RATE/USD/2D/3M/10Y</RateQuote>
            </CompositeQuote>
            <CompositeQuote>
            <SpreadQuote>BASIS_SWAP/BASIS_SPREAD/3M/1D/USD/15Y</SpreadQuote>
            <RateQuote>IR_SWAP/RATE/USD/2D/3M/15Y</RateQuote>
            </CompositeQuote>
            <CompositeQuote>
            <SpreadQuote>BASIS_SWAP/BASIS_SPREAD/3M/1D/USD/20Y</SpreadQuote>
            <RateQuote>IR_SWAP/RATE/USD/2D/3M/20Y</RateQuote>
            </CompositeQuote>
            <CompositeQuote>
            <SpreadQuote>BASIS_SWAP/BASIS_SPREAD/3M/1D/USD/30Y</SpreadQuote>
            <RateQuote>IR_SWAP/RATE/USD/2D/3M/30Y</RateQuote>
            </CompositeQuote>
            </Quotes>
            <Conventions>USD-AVERAGE-OIS-CONVENTIONS</Conventions>
	    </AverageOIS>
	-->
      </Segments>
      <InterpolationVariable>Discount</InterpolationVariable>
      <InterpolationMethod>LogLinear</InterpolationMethod>
      <YieldCurveDayCounter>A365</YieldCurveDayCounter>
      <Tolerance>0.000000000001</Tolerance>
    </YieldCurve>
    <YieldCurve>
      <CurveId>USD3M</CurveId>
      <CurveDescription/>
      <Currency>USD</Currency>
      <DiscountCurve/>
      <Segments>
        <Simple>
          <Type>Deposit</Type>
          <Quotes>
            <Quote>MM/RATE/USD/2D/1W</Quote>
            <Quote>MM/RATE/USD/2D/1M</Quote>
            <Quote>MM/RATE/USD/2D/2M</Quote>
            <Quote>MM/RATE/USD/2D/3M</Quote>
          </Quotes>
          <Conventions>USD-LIBOR-CONVENTIONS</Conventions>
          <ProjectionCurve>USD3M</ProjectionCurve>
        </Simple>
        <Simple>
          <Type>FRA</Type>
          <Quotes>
            <Quote>FRA/RATE/USD/3M/3M</Quote>
            <!--
		<Quote>FRA/RATE/USD/4M/3M</Quote>
		<Quote>FRA/RATE/USD/5M/3M</Quote>
            -->
            <Quote>FRA/RATE/USD/6M/3M</Quote>
            <Quote>FRA/RATE/USD/9M/3M</Quote>
            <Quote>FRA/RATE/USD/1Y/3M</Quote>
            <!--
		<Quote>FRA/RATE/USD/1Y3M/3M</Quote>
	    -->
          </Quotes>
          <Conventions>USD-3M-FRA-CONVENTIONS</Conventions>
          <ProjectionCurve>USD3M</ProjectionCurve>
        </Simple>
        <Simple>
          <Type>Swap</Type>
          <Quotes>
            <Quote>IR_SWAP/RATE/USD/2D/3M/2Y</Quote>
            <Quote>IR_SWAP/RATE/USD/2D/3M/3Y</Quote>
            <Quote>IR_SWAP/RATE/USD/2D/3M/4Y</Quote>
            <Quote>IR_SWAP/RATE/USD/2D/3M/5Y</Quote>
            <Quote>IR_SWAP/RATE/USD/2D/3M/6Y</Quote>
            <Quote>IR_SWAP/RATE/USD/2D/3M/7Y</Quote>
            <Quote>IR_SWAP/RATE/USD/2D/3M/8Y</Quote>
            <Quote>IR_SWAP/RATE/USD/2D/3M/9Y</Quote>
            <Quote>IR_SWAP/RATE/USD/2D/3M/10Y</Quote>
            <Quote>IR_SWAP/RATE/USD/2D/3M/12Y</Quote>
            <Quote>IR_SWAP/RATE/USD/2D/3M/15Y</Quote>
            <Quote>IR_SWAP/RATE/USD/2D/3M/20Y</Quote>
            <Quote>IR_SWAP/RATE/USD/2D/3M/25Y</Quote>
            <Quote>IR_SWAP/RATE/USD/2D/3M/30Y</Quote>
          </Quotes>
          <Conventions>USD-3M-SWAP-CONVENTIONS</Conventions>
          <ProjectionCurve>USD3M</ProjectionCurve>
        </Simple>
      </Segments>
    </YieldCurve>
    <YieldCurve>
      <CurveId>USD6M</CurveId>
      <CurveDescription/>
      <Currency>USD</Currency>
      <DiscountCurve/>
      <Segments>
        <Simple>
          <Type>Deposit</Type>
          <Quotes>
            <Quote>MM/RATE/USD/2D/1W</Quote>
            <Quote>MM/RATE/USD/2D/1M</Quote>
            <Quote>MM/RATE/USD/2D/2M</Quote>
            <Quote>MM/RATE/USD/2D/3M</Quote>
            <Quote>MM/RATE/USD/2D/6M</Quote>
          </Quotes>
          <Conventions>USD-LIBOR-CONVENTIONS</Conventions>
          <ProjectionCurve>USD6M</ProjectionCurve>
        </Simple>
        <Simple>
          <Type>FRA</Type>
          <Quotes>
            <Quote>FRA/RATE/USD/6M/6M</Quote>
            <Quote>FRA/RATE/USD/1Y/6M</Quote>
          </Quotes>
          <Conventions>USD-6M-FRA-CONVENTIONS</Conventions>
          <ProjectionCurve>USD6M</ProjectionCurve>
        </Simple>
        <TenorBasis>
          <Type>Tenor Basis Swap</Type>
          <Quotes>
            <Quote>BASIS_SWAP/BASIS_SPREAD/3M/6M/USD/2Y</Quote>
            <Quote>BASIS_SWAP/BASIS_SPREAD/3M/6M/USD/3Y</Quote>
            <Quote>BASIS_SWAP/BASIS_SPREAD/3M/6M/USD/4Y</Quote>
            <Quote>BASIS_SWAP/BASIS_SPREAD/3M/6M/USD/5Y</Quote>
            <Quote>BASIS_SWAP/BASIS_SPREAD/3M/6M/USD/6Y</Quote>
            <Quote>BASIS_SWAP/BASIS_SPREAD/3M/6M/USD/7Y</Quote>
            <Quote>BASIS_SWAP/BASIS_SPREAD/3M/6M/USD/8Y</Quote>
            <Quote>BASIS_SWAP/BASIS_SPREAD/3M/6M/USD/9Y</Quote>
            <Quote>BASIS_SWAP/BASIS_SPREAD/3M/6M/USD/10Y</Quote>
            <Quote>BASIS_SWAP/BASIS_SPREAD/3M/6M/USD/12Y</Quote>
            <Quote>BASIS_SWAP/BASIS_SPREAD/3M/6M/USD/15Y</Quote>
            <Quote>BASIS_SWAP/BASIS_SPREAD/3M/6M/USD/20Y</Quote>
            <Quote>BASIS_SWAP/BASIS_SPREAD/3M/6M/USD/25Y</Quote>
            <Quote>BASIS_SWAP/BASIS_SPREAD/3M/6M/USD/30Y</Quote>
          </Quotes>
          <Conventions>USD-LIBOR-3M-6M-BASIS-CONVENTIONS</Conventions>
          <ProjectionCurveLong>USD6M</ProjectionCurveLong>
          <ProjectionCurveShort>USD3M</ProjectionCurveShort>
        </TenorBasis>
      </Segments>
    </YieldCurve>
    <YieldCurve>
      <CurveId>GBP1D</CurveId>
      <CurveDescription/>
      <Currency>GBP</Currency>
      <DiscountCurve/>
      <Segments>
        <Simple>
          <Type>OIS</Type>
          <Quotes>
            <Quote>IR_SWAP/RATE/GBP/0D/1D/1W</Quote>
            <Quote>IR_SWAP/RATE/GBP/0D/1D/2W</Quote>
            <Quote>IR_SWAP/RATE/GBP/0D/1D/1M</Quote>
            <Quote>IR_SWAP/RATE/GBP/0D/1D/2M</Quote>
            <Quote>IR_SWAP/RATE/GBP/0D/1D/3M</Quote>
            <Quote>IR_SWAP/RATE/GBP/0D/1D/4M</Quote>
            <Quote>IR_SWAP/RATE/GBP/0D/1D/5M</Quote>
            <Quote>IR_SWAP/RATE/GBP/0D/1D/6M</Quote>
            <Quote>IR_SWAP/RATE/GBP/0D/1D/7M</Quote>
            <Quote>IR_SWAP/RATE/GBP/0D/1D/8M</Quote>
            <Quote>IR_SWAP/RATE/GBP/0D/1D/9M</Quote>
            <Quote>IR_SWAP/RATE/GBP/0D/1D/10M</Quote>
            <Quote>IR_SWAP/RATE/GBP/0D/1D/11M</Quote>
            <Quote>IR_SWAP/RATE/GBP/0D/1D/12M</Quote>
            <!--<Quote>IR_SWAP/RATE/GBP/0D/1D/1Y6M</Quote>-->
            <Quote>IR_SWAP/RATE/GBP/0D/1D/2Y</Quote>
            <Quote>IR_SWAP/RATE/GBP/0D/1D/3Y</Quote>
            <Quote>IR_SWAP/RATE/GBP/0D/1D/4Y</Quote>
            <Quote>IR_SWAP/RATE/GBP/0D/1D/5Y</Quote>
            <Quote>IR_SWAP/RATE/GBP/0D/1D/6Y</Quote>
            <Quote>IR_SWAP/RATE/GBP/0D/1D/7Y</Quote>
            <Quote>IR_SWAP/RATE/GBP/0D/1D/8Y</Quote>
            <Quote>IR_SWAP/RATE/GBP/0D/1D/9Y</Quote>
            <Quote>IR_SWAP/RATE/GBP/0D/1D/10Y</Quote>
            <!--
		<Quote>IR_SWAP/RATE/GBP/0D/1D/12Y</Quote>
            -->
            <Quote>IR_SWAP/RATE/GBP/0D/1D/15Y</Quote>
            <Quote>IR_SWAP/RATE/GBP/0D/1D/20Y</Quote>
            <Quote>IR_SWAP/RATE/GBP/0D/1D/25Y</Quote>
            <Quote>IR_SWAP/RATE/GBP/0D/1D/30Y</Quote>
            <Quote>IR_SWAP/RATE/GBP/0D/1D/40Y</Quote>
            <Quote>IR_SWAP/RATE/GBP/0D/1D/50Y</Quote>
          </Quotes>
          <Conventions>GBP-OIS-CONVENTIONS</Conventions>
          <ProjectionCurve>GBP1D</ProjectionCurve>
        </Simple>
      </Segments>
    </YieldCurve>
    <YieldCurve>
      <CurveId>GBP6M</CurveId>
      <CurveDescription/>
      <Currency>GBP</Currency>
      <DiscountCurve/>
      <Segments>
        <Simple>
          <Type>Deposit</Type>
          <Quotes>
            <Quote>MM/RATE/GBP/0D/1W</Quote>
            <Quote>MM/RATE/GBP/0D/1M</Quote>
            <Quote>MM/RATE/GBP/0D/2M</Quote>
            <Quote>MM/RATE/GBP/0D/3M</Quote>
            <Quote>MM/RATE/GBP/0D/6M</Quote>
          </Quotes>
          <Conventions>GBP-DEPOSIT</Conventions>
          <ProjectionCurve>GBP6M</ProjectionCurve>
        </Simple>
        <Simple>
          <Type>FRA</Type>
          <Quotes>
            <Quote>FRA/RATE/GBP/1M/6M</Quote>
            <Quote>FRA/RATE/GBP/2M/6M</Quote>
            <Quote>FRA/RATE/GBP/3M/6M</Quote>
            <Quote>FRA/RATE/GBP/4M/6M</Quote>
            <Quote>FRA/RATE/GBP/5M/6M</Quote>
            <Quote>FRA/RATE/GBP/6M/6M</Quote>
            <Quote>FRA/RATE/GBP/1Y/6M</Quote>
          </Quotes>
          <Conventions>GBP-6M-FRA</Conventions>
          <ProjectionCurve>GBP6M</ProjectionCurve>
        </Simple>
        <Simple>
          <Type>Swap</Type>
          <Quotes>
            <!--
		<Quote>IR_SWAP/RATE/GBP/0D/6M/1Y</Quote>
		<Quote>IR_SWAP/RATE/GBP/0D/6M/1Y6M</Quote>
            -->
            <Quote>IR_SWAP/RATE/GBP/0D/6M/2Y</Quote>
            <Quote>IR_SWAP/RATE/GBP/0D/6M/3Y</Quote>
            <Quote>IR_SWAP/RATE/GBP/0D/6M/4Y</Quote>
            <Quote>IR_SWAP/RATE/GBP/0D/6M/5Y</Quote>
            <Quote>IR_SWAP/RATE/GBP/0D/6M/6Y</Quote>
            <Quote>IR_SWAP/RATE/GBP/0D/6M/7Y</Quote>
            <Quote>IR_SWAP/RATE/GBP/0D/6M/8Y</Quote>
            <Quote>IR_SWAP/RATE/GBP/0D/6M/9Y</Quote>
            <Quote>IR_SWAP/RATE/GBP/0D/6M/10Y</Quote>
            <Quote>IR_SWAP/RATE/GBP/0D/6M/12Y</Quote>
            <Quote>IR_SWAP/RATE/GBP/0D/6M/15Y</Quote>
            <Quote>IR_SWAP/RATE/GBP/0D/6M/20Y</Quote>
            <Quote>IR_SWAP/RATE/GBP/0D/6M/25Y</Quote>
            <Quote>IR_SWAP/RATE/GBP/0D/6M/30Y</Quote>
          </Quotes>
          <Conventions>GBP-6M-SWAP-CONVENTIONS</Conventions>
          <ProjectionCurve>GBP6M</ProjectionCurve>
        </Simple>
      </Segments>
    </YieldCurve>
    <YieldCurve>
      <CurveId>GBP3M</CurveId>
      <CurveDescription/>
      <Currency>GBP</Currency>
      <DiscountCurve/>
      <Segments>
        <Simple>
          <Type>Deposit</Type>
          <Quotes>
            <Quote>MM/RATE/GBP/0D/1W</Quote>
            <Quote>MM/RATE/GBP/0D/1M</Quote>
            <Quote>MM/RATE/GBP/0D/2M</Quote>
            <Quote>MM/RATE/GBP/0D/3M</Quote>
          </Quotes>
          <Conventions>GBP-DEPOSIT</Conventions>
          <ProjectionCurve>GBP3M</ProjectionCurve>
        </Simple>
        <TenorBasis>
          <Type>Tenor Basis Swap</Type>
          <Quotes>
            <Quote>BASIS_SWAP/BASIS_SPREAD/6M/3M/GBP/1Y</Quote>
            <Quote>BASIS_SWAP/BASIS_SPREAD/6M/3M/GBP/2Y</Quote>
            <Quote>BASIS_SWAP/BASIS_SPREAD/6M/3M/GBP/3Y</Quote>
            <Quote>BASIS_SWAP/BASIS_SPREAD/6M/3M/GBP/4Y</Quote>
            <Quote>BASIS_SWAP/BASIS_SPREAD/6M/3M/GBP/5Y</Quote>
            <Quote>BASIS_SWAP/BASIS_SPREAD/6M/3M/GBP/7Y</Quote>
            <Quote>BASIS_SWAP/BASIS_SPREAD/6M/3M/GBP/10Y</Quote>
            <Quote>BASIS_SWAP/BASIS_SPREAD/6M/3M/GBP/12Y</Quote>
            <Quote>BASIS_SWAP/BASIS_SPREAD/6M/3M/GBP/15Y</Quote>
            <Quote>BASIS_SWAP/BASIS_SPREAD/6M/3M/GBP/20Y</Quote>
            <Quote>BASIS_SWAP/BASIS_SPREAD/6M/3M/GBP/30Y</Quote>
            <Quote>BASIS_SWAP/BASIS_SPREAD/6M/3M/GBP/40Y</Quote>
            <Quote>BASIS_SWAP/BASIS_SPREAD/6M/3M/GBP/50Y</Quote>
            <Quote>BASIS_SWAP/BASIS_SPREAD/6M/3M/GBP/60Y</Quote>
            <Quote>BASIS_SWAP/BASIS_SPREAD/6M/3M/GBP/70Y</Quote>
          </Quotes>
          <Conventions>GBP-LIBOR-3M-6M-BASIS-CONVENTIONS</Conventions>
          <ProjectionCurveLong>GBP6M</ProjectionCurveLong>
          <ProjectionCurveShort/>
        </TenorBasis>
      </Segments>
    </YieldCurve>
    <YieldCurve>
      <CurveId>SEK6M</CurveId>
      <CurveDescription/>
      <Currency>SEK</Currency>
      <DiscountCurve/>
      <Segments>
        <Simple>
          <Type>Deposit</Type>
          <Quotes>
            <Quote>MM/RATE/SEK/2D/1W</Quote>
            <Quote>MM/RATE/SEK/2D/1M</Quote>
            <Quote>MM/RATE/SEK/2D/2M</Quote>
            <Quote>MM/RATE/SEK/2D/3M</Quote>
            <Quote>MM/RATE/SEK/2D/6M</Quote>
          </Quotes>
          <Conventions>SEK-STIBOR-CONVENTIONS</Conventions>
          <ProjectionCurve>SEK6M</ProjectionCurve>
        </Simple>
        <Simple>
          <Type>Swap</Type>
          <Quotes>
            <Quote>IR_SWAP/RATE/SEK/2D/6M/2Y</Quote>
            <Quote>IR_SWAP/RATE/SEK/2D/6M/3Y</Quote>
            <Quote>IR_SWAP/RATE/SEK/2D/6M/4Y</Quote>
            <Quote>IR_SWAP/RATE/SEK/2D/6M/5Y</Quote>
            <Quote>IR_SWAP/RATE/SEK/2D/6M/6Y</Quote>
            <Quote>IR_SWAP/RATE/SEK/2D/6M/7Y</Quote>
            <Quote>IR_SWAP/RATE/SEK/2D/6M/8Y</Quote>
            <Quote>IR_SWAP/RATE/SEK/2D/6M/9Y</Quote>
            <Quote>IR_SWAP/RATE/SEK/2D/6M/10Y</Quote>
            <Quote>IR_SWAP/RATE/SEK/2D/6M/12Y</Quote>
            <Quote>IR_SWAP/RATE/SEK/2D/6M/15Y</Quote>
            <Quote>IR_SWAP/RATE/SEK/2D/6M/20Y</Quote>
            <Quote>IR_SWAP/RATE/SEK/2D/6M/25Y</Quote>
            <Quote>IR_SWAP/RATE/SEK/2D/6M/30Y</Quote>
          </Quotes>
          <Conventions>SEK-6M-SWAP-CONVENTIONS</Conventions>
          <ProjectionCurve>SEK6M</ProjectionCurve>
        </Simple>
      </Segments>
    </YieldCurve>
    <YieldCurve>
      <CurveId>JPY1D</CurveId>
      <CurveDescription>JPY discount curve bootstrapped from MUTAN swap rates</CurveDescription>
      <Currency>JPY</Currency>
      <DiscountCurve/>
      <Segments>
        <Simple>
          <Type>Deposit</Type>
          <Quotes>
            <!--<Quote>MM/RATE/JPY/0D/1D</Quote>-->
            <Quote>MM/RATE/JPY/0D/2D</Quote>
          </Quotes>
          <Conventions>JPY-LIBOR-CONVENTIONS</Conventions>
        </Simple>
        <Simple>
          <Type>OIS</Type>
          <Quotes>
            <!--<Quote>IR_SWAP/RATE/JPY/2D/1D/1W</Quote>-->
            <!--<Quote>IR_SWAP/RATE/JPY/2D/1D/2W</Quote>-->
            <Quote>IR_SWAP/RATE/JPY/2D/1D/1M</Quote>
            <Quote>IR_SWAP/RATE/JPY/2D/1D/2M</Quote>
            <Quote>IR_SWAP/RATE/JPY/2D/1D/3M</Quote>
            <Quote>IR_SWAP/RATE/JPY/2D/1D/4M</Quote>
            <Quote>IR_SWAP/RATE/JPY/2D/1D/5M</Quote>
            <Quote>IR_SWAP/RATE/JPY/2D/1D/6M</Quote>
            <!--<Quote>IR_SWAP/RATE/JPY/2D/1D/7M</Quote>-->
            <!--<Quote>IR_SWAP/RATE/JPY/2D/1D/8M</Quote>-->
            <Quote>IR_SWAP/RATE/JPY/2D/1D/9M</Quote>
            <!--<Quote>IR_SWAP/RATE/JPY/2D/1D/10M</Quote>-->
            <!--<Quote>IR_SWAP/RATE/JPY/2D/1D/11M</Quote>-->
            <Quote>IR_SWAP/RATE/JPY/2D/1D/1Y</Quote>
            <!--<Quote>IR_SWAP/RATE/JPY/2D/1D/1Y3M</Quote>-->
            <Quote>IR_SWAP/RATE/JPY/2D/1D/1Y6M</Quote>
            <!--<Quote>IR_SWAP/RATE/JPY/2D/1D/1Y9M</Quote>-->
            <Quote>IR_SWAP/RATE/JPY/2D/1D/2Y</Quote>
            <Quote>IR_SWAP/RATE/JPY/2D/1D/3Y</Quote>
            <Quote>IR_SWAP/RATE/JPY/2D/1D/4Y</Quote>
            <Quote>IR_SWAP/RATE/JPY/2D/1D/5Y</Quote>
            <!--<Quote>IR_SWAP/RATE/JPY/2D/1D/6Y</Quote>-->
            <Quote>IR_SWAP/RATE/JPY/2D/1D/7Y</Quote>
            <!--<Quote>IR_SWAP/RATE/JPY/2D/1D/8Y</Quote>-->
            <!--<Quote>IR_SWAP/RATE/JPY/2D/1D/9Y</Quote>-->
            <Quote>IR_SWAP/RATE/JPY/2D/1D/10Y</Quote>
            <Quote>IR_SWAP/RATE/JPY/2D/1D/12Y</Quote>
            <Quote>IR_SWAP/RATE/JPY/2D/1D/15Y</Quote>
            <Quote>IR_SWAP/RATE/JPY/2D/1D/20Y</Quote>
            <Quote>IR_SWAP/RATE/JPY/2D/1D/25Y</Quote>
            <Quote>IR_SWAP/RATE/JPY/2D/1D/30Y</Quote>
          </Quotes>
          <Conventions>JPY-OIS-CONVENTIONS</Conventions>
        </Simple>
      </Segments>
      <InterpolationVariable>Discount</InterpolationVariable>
      <InterpolationMethod>LogLinear</InterpolationMethod>
      <YieldCurveDayCounter>A365</YieldCurveDayCounter>
      <Tolerance>0.000000000001</Tolerance>
    </YieldCurve>
    <YieldCurve>
      <CurveId>JPY6M</CurveId>
      <CurveDescription/>
      <Currency>JPY</Currency>
      <DiscountCurve/>
      <Segments>
        <Simple>
          <Type>Deposit</Type>
          <Quotes>
            <!--<Quote>MM/RATE/JPY/0D/1D</Quote>-->
            <Quote>MM/RATE/JPY/2D/1W</Quote>
            <Quote>MM/RATE/JPY/2D/1M</Quote>
            <Quote>MM/RATE/JPY/2D/2M</Quote>
            <Quote>MM/RATE/JPY/2D/3M</Quote>
            <!--<Quote>MM/RATE/JPY/2D/6M</Quote>-->
            <!--<Quote>MM/RATE/JPY/2D/1Y</Quote>-->
          </Quotes>
          <Conventions>JPY-LIBOR-CONVENTIONS</Conventions>
          <ProjectionCurve>JPY6M</ProjectionCurve>
        </Simple>
        <Simple>
          <Type>Swap</Type>
          <Quotes>
            <!--
		<Quote>IR_SWAP/RATE/JPY/2D/6M/1Y6M</Quote>
            -->
            <Quote>IR_SWAP/RATE/JPY/2D/6M/2Y</Quote>
            <Quote>IR_SWAP/RATE/JPY/2D/6M/3Y</Quote>
            <Quote>IR_SWAP/RATE/JPY/2D/6M/4Y</Quote>
            <Quote>IR_SWAP/RATE/JPY/2D/6M/5Y</Quote>
            <Quote>IR_SWAP/RATE/JPY/2D/6M/6Y</Quote>
            <Quote>IR_SWAP/RATE/JPY/2D/6M/7Y</Quote>
            <Quote>IR_SWAP/RATE/JPY/2D/6M/8Y</Quote>
            <Quote>IR_SWAP/RATE/JPY/2D/6M/9Y</Quote>
            <Quote>IR_SWAP/RATE/JPY/2D/6M/10Y</Quote>
            <Quote>IR_SWAP/RATE/JPY/2D/6M/12Y</Quote>
            <Quote>IR_SWAP/RATE/JPY/2D/6M/15Y</Quote>
            <Quote>IR_SWAP/RATE/JPY/2D/6M/20Y</Quote>
            <Quote>IR_SWAP/RATE/JPY/2D/6M/25Y</Quote>
            <Quote>IR_SWAP/RATE/JPY/2D/6M/30Y</Quote>
          </Quotes>
          <Conventions>JPY-LIBOR-6M-SWAP-CONVENTIONS</Conventions>
          <ProjectionCurve>JPY6M</ProjectionCurve>
        </Simple>
      </Segments>
    </YieldCurve>
    <YieldCurve>
      <CurveId>JPY3M</CurveId>
      <CurveDescription/>
      <Currency>JPY</Currency>
      <DiscountCurve/>
      <Segments>
        <Simple>
          <Type>Deposit</Type>
          <Quotes>
            <Quote>MM/RATE/JPY/2D/1W</Quote>
            <Quote>MM/RATE/JPY/2D/1M</Quote>
            <Quote>MM/RATE/JPY/2D/2M</Quote>
            <Quote>MM/RATE/JPY/2D/3M</Quote>
          </Quotes>
          <Conventions>JPY-Deposit</Conventions>
          <ProjectionCurve>JPY3M</ProjectionCurve>
        </Simple>
        <Simple>
          <Type>FRA</Type>
          <Quotes>
            <Quote>FRA/RATE/JPY/3M/3M</Quote>
            <Quote>FRA/RATE/JPY/6M/3M</Quote>
            <Quote>FRA/RATE/JPY/9M/3M</Quote>
            <Quote>FRA/RATE/JPY/1Y/3M</Quote>
          </Quotes>
          <Conventions>JPY-FRA</Conventions>
          <ProjectionCurve>JPY3M</ProjectionCurve>
        </Simple>
        <Simple>
          <Type>Swap</Type>
          <Quotes>
            <Quote>IR_SWAP/RATE/JPY/2D/3M/2Y</Quote>
            <Quote>IR_SWAP/RATE/JPY/2D/3M/3Y</Quote>
            <Quote>IR_SWAP/RATE/JPY/2D/3M/4Y</Quote>
            <Quote>IR_SWAP/RATE/JPY/2D/3M/5Y</Quote>
            <Quote>IR_SWAP/RATE/JPY/2D/3M/6Y</Quote>
            <Quote>IR_SWAP/RATE/JPY/2D/3M/7Y</Quote>
            <Quote>IR_SWAP/RATE/JPY/2D/3M/8Y</Quote>
            <Quote>IR_SWAP/RATE/JPY/2D/3M/9Y</Quote>
            <Quote>IR_SWAP/RATE/JPY/2D/3M/10Y</Quote>
            <Quote>IR_SWAP/RATE/JPY/2D/3M/15Y</Quote>
            <Quote>IR_SWAP/RATE/JPY/2D/3M/20Y</Quote>
            <Quote>IR_SWAP/RATE/JPY/2D/3M/30Y</Quote>
          </Quotes>
          <Conventions>JPY3M-Swap</Conventions>
          <ProjectionCurve>JPY3M</ProjectionCurve>
        </Simple>
      </Segments>
    </YieldCurve>
    <YieldCurve>
      <CurveId>SEK3M</CurveId>
      <CurveDescription/>
      <Currency>SEK</Currency>
      <DiscountCurve/>
      <Segments>
        <Simple>
          <Type>Deposit</Type>
          <Quotes>
            <Quote>MM/RATE/SEK/2D/1W</Quote>
            <Quote>MM/RATE/SEK/2D/1M</Quote>
            <Quote>MM/RATE/SEK/2D/2M</Quote>
            <Quote>MM/RATE/SEK/2D/3M</Quote>
            <!--<Quote>MM/RATE/SEK/2D/6M</Quote>-->
          </Quotes>
          <Conventions>SEK-STIBOR-CONVENTIONS</Conventions>
          <ProjectionCurve>SEK3M</ProjectionCurve>
        </Simple>
        <Simple>
          <Type>Swap</Type>
          <Quotes>
            <Quote>IR_SWAP/RATE/SEK/2D/3M/1Y</Quote>
            <Quote>IR_SWAP/RATE/SEK/2D/3M/2Y</Quote>
            <Quote>IR_SWAP/RATE/SEK/2D/3M/3Y</Quote>
            <Quote>IR_SWAP/RATE/SEK/2D/3M/4Y</Quote>
            <Quote>IR_SWAP/RATE/SEK/2D/3M/5Y</Quote>
            <Quote>IR_SWAP/RATE/SEK/2D/3M/6Y</Quote>
            <Quote>IR_SWAP/RATE/SEK/2D/3M/7Y</Quote>
            <Quote>IR_SWAP/RATE/SEK/2D/3M/8Y</Quote>
            <Quote>IR_SWAP/RATE/SEK/2D/3M/9Y</Quote>
            <Quote>IR_SWAP/RATE/SEK/2D/3M/10Y</Quote>
            <Quote>IR_SWAP/RATE/SEK/2D/3M/12Y</Quote>
            <Quote>IR_SWAP/RATE/SEK/2D/3M/15Y</Quote>
            <Quote>IR_SWAP/RATE/SEK/2D/3M/20Y</Quote>
            <Quote>IR_SWAP/RATE/SEK/2D/3M/25Y</Quote>
            <Quote>IR_SWAP/RATE/SEK/2D/3M/30Y</Quote>
          </Quotes>
          <Conventions>SEK-3M-SWAP-CONVENTIONS</Conventions>
          <ProjectionCurve>SEK3M</ProjectionCurve>
        </Simple>
      </Segments>
    </YieldCurve>
    <YieldCurve>
      <CurveId>EUR-IN-USD</CurveId>
      <CurveDescription>EUR collateralized in USD discount curve</CurveDescription>
      <Currency>EUR</Currency>
      <DiscountCurve/>
      <Segments>
        <CrossCurrency>
          <Type>FX Forward</Type>
          <Quotes>
            <Quote>FXFWD/RATE/EUR/USD/3M</Quote>
            <Quote>FXFWD/RATE/EUR/USD/6M</Quote>
            <Quote>FXFWD/RATE/EUR/USD/9M</Quote>
            <Quote>FXFWD/RATE/EUR/USD/1Y</Quote>
          </Quotes>
          <Conventions>EUR-USD-FX-CONVENTIONS</Conventions>
          <DiscountCurve>USD1D</DiscountCurve>
          <SpotRate>FX/RATE/EUR/USD</SpotRate>
        </CrossCurrency>
        <CrossCurrency>
          <Type>Cross Currency Basis Swap</Type>
          <Quotes>
            <Quote>CC_BASIS_SWAP/BASIS_SPREAD/USD/3M/EUR/3M/2Y</Quote>
            <Quote>CC_BASIS_SWAP/BASIS_SPREAD/USD/3M/EUR/3M/3Y</Quote>
            <Quote>CC_BASIS_SWAP/BASIS_SPREAD/USD/3M/EUR/3M/4Y</Quote>
            <Quote>CC_BASIS_SWAP/BASIS_SPREAD/USD/3M/EUR/3M/5Y</Quote>
            <Quote>CC_BASIS_SWAP/BASIS_SPREAD/USD/3M/EUR/3M/7Y</Quote>
            <Quote>CC_BASIS_SWAP/BASIS_SPREAD/USD/3M/EUR/3M/10Y</Quote>
            <!--
		<Quote>CC_BASIS_SWAP/BASIS_SPREAD/USD/3M/EUR/3M/12Y</Quote>
            -->
            <Quote>CC_BASIS_SWAP/BASIS_SPREAD/USD/3M/EUR/3M/15Y</Quote>
            <Quote>CC_BASIS_SWAP/BASIS_SPREAD/USD/3M/EUR/3M/20Y</Quote>
            <Quote>CC_BASIS_SWAP/BASIS_SPREAD/USD/3M/EUR/3M/30Y</Quote>
            <Quote>CC_BASIS_SWAP/BASIS_SPREAD/USD/3M/EUR/3M/40Y</Quote>
            <Quote>CC_BASIS_SWAP/BASIS_SPREAD/USD/3M/EUR/3M/50Y</Quote>
          </Quotes>
          <Conventions>EUR-USD-XCCY-BASIS-CONVENTIONS</Conventions>
          <DiscountCurve>USD1D</DiscountCurve>
          <SpotRate>FX/RATE/EUR/USD</SpotRate>
          <ProjectionCurveDomestic>EUR3M</ProjectionCurveDomestic>
          <ProjectionCurveForeign>USD3M</ProjectionCurveForeign>
        </CrossCurrency>
      </Segments>
      <InterpolationVariable>Discount</InterpolationVariable>
      <InterpolationMethod>LogLinear</InterpolationMethod>
      <YieldCurveDayCounter>A365</YieldCurveDayCounter>
      <Tolerance>0.000000000001</Tolerance>
    </YieldCurve>
    <YieldCurve>
      <CurveId>GBP-IN-USD</CurveId>
      <CurveDescription>GBP collateralized in USD discount curve</CurveDescription>
      <Currency>GBP</Currency>
      <DiscountCurve/>
      <Segments>
        <CrossCurrency>
          <Type>FX Forward</Type>
          <Quotes>
            <Quote>FXFWD/RATE/USD/GBP/3M</Quote>
            <Quote>FXFWD/RATE/USD/GBP/6M</Quote>
            <Quote>FXFWD/RATE/USD/GBP/9M</Quote>
            <Quote>FXFWD/RATE/USD/GBP/1Y</Quote>
          </Quotes>
          <Conventions>USD-GBP-FX-CONVENTIONS</Conventions>
          <DiscountCurve>USD1D</DiscountCurve>
          <SpotRate>FX/RATE/USD/GBP</SpotRate>
        </CrossCurrency>
        <CrossCurrency>
          <Type>Cross Currency Basis Swap</Type>
          <Quotes>
            <Quote>CC_BASIS_SWAP/BASIS_SPREAD/USD/3M/GBP/3M/2Y</Quote>
            <Quote>CC_BASIS_SWAP/BASIS_SPREAD/USD/3M/GBP/3M/3Y</Quote>
            <Quote>CC_BASIS_SWAP/BASIS_SPREAD/USD/3M/GBP/3M/4Y</Quote>
            <Quote>CC_BASIS_SWAP/BASIS_SPREAD/USD/3M/GBP/3M/5Y</Quote>
            <Quote>CC_BASIS_SWAP/BASIS_SPREAD/USD/3M/GBP/3M/7Y</Quote>
            <Quote>CC_BASIS_SWAP/BASIS_SPREAD/USD/3M/GBP/3M/10Y</Quote>
            <Quote>CC_BASIS_SWAP/BASIS_SPREAD/USD/3M/GBP/3M/15Y</Quote>
            <Quote>CC_BASIS_SWAP/BASIS_SPREAD/USD/3M/GBP/3M/20Y</Quote>
            <Quote>CC_BASIS_SWAP/BASIS_SPREAD/USD/3M/GBP/3M/30Y</Quote>
            <Quote>CC_BASIS_SWAP/BASIS_SPREAD/USD/3M/GBP/3M/40Y</Quote>
            <Quote>CC_BASIS_SWAP/BASIS_SPREAD/USD/3M/GBP/3M/50Y</Quote>
          </Quotes>
          <Conventions>USD-GBP-XCCY-BASIS-CONVENTIONS</Conventions>
          <DiscountCurve>USD1D</DiscountCurve>
          <SpotRate>FX/RATE/USD/GBP</SpotRate>
          <ProjectionCurveDomestic>GBP3M</ProjectionCurveDomestic>
          <ProjectionCurveForeign>USD3M</ProjectionCurveForeign>
        </CrossCurrency>
      </Segments>
      <InterpolationVariable>Discount</InterpolationVariable>
      <InterpolationMethod>LogLinear</InterpolationMethod>
      <YieldCurveDayCounter>A365</YieldCurveDayCounter>
      <Tolerance>0.000000000001</Tolerance>
    </YieldCurve>
    <YieldCurve>
      <CurveId>CHF-IN-USD</CurveId>
      <CurveDescription>CHF collateralized in USD discount curve</CurveDescription>
      <Currency>CHF</Currency>
      <DiscountCurve/>
      <Segments>
        <CrossCurrency>
          <Type>FX Forward</Type>
          <Quotes>
            <Quote>FXFWD/RATE/USD/CHF/3M</Quote>
            <Quote>FXFWD/RATE/USD/CHF/6M</Quote>
            <Quote>FXFWD/RATE/USD/CHF/9M</Quote>
            <Quote>FXFWD/RATE/USD/CHF/1Y</Quote>
          </Quotes>
          <Conventions>USD-CHF-FX-CONVENTIONS</Conventions>
          <DiscountCurve>USD1D</DiscountCurve>
          <SpotRate>FX/RATE/USD/CHF</SpotRate>
        </CrossCurrency>
        <CrossCurrency>
          <Type>Cross Currency Basis Swap</Type>
          <Quotes>
            <Quote>CC_BASIS_SWAP/BASIS_SPREAD/USD/3M/CHF/3M/2Y</Quote>
            <Quote>CC_BASIS_SWAP/BASIS_SPREAD/USD/3M/CHF/3M/3Y</Quote>
            <Quote>CC_BASIS_SWAP/BASIS_SPREAD/USD/3M/CHF/3M/4Y</Quote>
            <Quote>CC_BASIS_SWAP/BASIS_SPREAD/USD/3M/CHF/3M/5Y</Quote>
            <Quote>CC_BASIS_SWAP/BASIS_SPREAD/USD/3M/CHF/3M/7Y</Quote>
            <Quote>CC_BASIS_SWAP/BASIS_SPREAD/USD/3M/CHF/3M/10Y</Quote>
            <!--
		<Quote>CC_BASIS_SWAP/BASIS_SPREAD/USD/3M/CHF/3M/12Y</Quote>
            -->
            <Quote>CC_BASIS_SWAP/BASIS_SPREAD/USD/3M/CHF/3M/15Y</Quote>
            <Quote>CC_BASIS_SWAP/BASIS_SPREAD/USD/3M/CHF/3M/20Y</Quote>
            <Quote>CC_BASIS_SWAP/BASIS_SPREAD/USD/3M/CHF/3M/30Y</Quote>
            <!--
		<Quote>CC_BASIS_SWAP/BASIS_SPREAD/USD/3M/CHF/3M/40Y</Quote>
		<Quote>CC_BASIS_SWAP/BASIS_SPREAD/USD/3M/CHF/3M/50Y</Quote>
	    -->
          </Quotes>
          <Conventions>USD-CHF-XCCY-BASIS-CONVENTIONS</Conventions>
          <DiscountCurve>USD1D</DiscountCurve>
          <SpotRate>FX/RATE/USD/CHF</SpotRate>
          <ProjectionCurveDomestic>CHF3M</ProjectionCurveDomestic>
          <ProjectionCurveForeign>USD3M</ProjectionCurveForeign>
        </CrossCurrency>
      </Segments>
      <InterpolationVariable>Discount</InterpolationVariable>
      <InterpolationMethod>LogLinear</InterpolationMethod>
      <YieldCurveDayCounter>A365</YieldCurveDayCounter>
      <Tolerance>0.000000000001</Tolerance>
    </YieldCurve>
    <YieldCurve>
      <CurveId>USD-IN-EUR</CurveId>
      <CurveDescription>USD collateralized in EUR discount curve</CurveDescription>
      <Currency>USD</Currency>
      <DiscountCurve/>
      <Segments>
        <CrossCurrency>
          <Type>FX Forward</Type>
          <Quotes>
            <Quote>FXFWD/RATE/EUR/USD/3M</Quote>
            <Quote>FXFWD/RATE/EUR/USD/6M</Quote>
            <Quote>FXFWD/RATE/EUR/USD/9M</Quote>
            <Quote>FXFWD/RATE/EUR/USD/12M</Quote>
          </Quotes>
          <Conventions>EUR-USD-FX-CONVENTIONS</Conventions>
          <DiscountCurve>EUR1D</DiscountCurve>
          <SpotRate>FX/RATE/EUR/USD</SpotRate>
        </CrossCurrency>
        <CrossCurrency>
          <Type>Cross Currency Basis Swap</Type>
          <Quotes>
            <Quote>CC_BASIS_SWAP/BASIS_SPREAD/USD/3M/EUR/3M/2Y</Quote>
            <Quote>CC_BASIS_SWAP/BASIS_SPREAD/USD/3M/EUR/3M/3Y</Quote>
            <Quote>CC_BASIS_SWAP/BASIS_SPREAD/USD/3M/EUR/3M/4Y</Quote>
            <Quote>CC_BASIS_SWAP/BASIS_SPREAD/USD/3M/EUR/3M/5Y</Quote>
            <Quote>CC_BASIS_SWAP/BASIS_SPREAD/USD/3M/EUR/3M/7Y</Quote>
            <Quote>CC_BASIS_SWAP/BASIS_SPREAD/USD/3M/EUR/3M/10Y</Quote>
            <!--
		<Quote>CC_BASIS_SWAP/BASIS_SPREAD/USD/3M/EUR/3M/12Y</Quote>
            -->
            <Quote>CC_BASIS_SWAP/BASIS_SPREAD/USD/3M/EUR/3M/15Y</Quote>
            <Quote>CC_BASIS_SWAP/BASIS_SPREAD/USD/3M/EUR/3M/20Y</Quote>
            <Quote>CC_BASIS_SWAP/BASIS_SPREAD/USD/3M/EUR/3M/30Y</Quote>
            <Quote>CC_BASIS_SWAP/BASIS_SPREAD/USD/3M/EUR/3M/40Y</Quote>
            <Quote>CC_BASIS_SWAP/BASIS_SPREAD/USD/3M/EUR/3M/50Y</Quote>
          </Quotes>
          <Conventions>EUR-USD-XCCY-BASIS-CONVENTIONS</Conventions>
          <DiscountCurve>EUR1D</DiscountCurve>
          <SpotRate>FX/RATE/EUR/USD</SpotRate>
          <ProjectionCurveDomestic>USD3M</ProjectionCurveDomestic>
          <ProjectionCurveForeign>EUR3M</ProjectionCurveForeign>
        </CrossCurrency>
      </Segments>
      <InterpolationVariable>Discount</InterpolationVariable>
      <InterpolationMethod>LogLinear</InterpolationMethod>
      <YieldCurveDayCounter>A365</YieldCurveDayCounter>
      <Tolerance>0.000000000001</Tolerance>
    </YieldCurve>
    <YieldCurve>
      <CurveId>GBP-IN-EUR</CurveId>
      <CurveDescription>GBP collateralized in EUR discount curve</CurveDescription>
      <Currency>GBP</Currency>
      <DiscountCurve/>
      <Segments>
        <CrossCurrency>
          <Type>FX Forward</Type>
          <Quotes>
            <Quote>FXFWD/RATE/EUR/GBP/3M</Quote>
            <Quote>FXFWD/RATE/EUR/GBP/6M</Quote>
            <Quote>FXFWD/RATE/EUR/GBP/9M</Quote>
            <Quote>FXFWD/RATE/EUR/GBP/12M</Quote>
          </Quotes>
          <Conventions>EUR-GBP-FX-CONVENTIONS</Conventions>
          <DiscountCurve>EUR1D</DiscountCurve>
          <SpotRate>FX/RATE/EUR/GBP</SpotRate>
        </CrossCurrency>
        <CrossCurrency>
          <Type>Cross Currency Basis Swap</Type>
          <Quotes>
            <Quote>CC_BASIS_SWAP/BASIS_SPREAD/EUR/3M/GBP/3M/2Y</Quote>
            <Quote>CC_BASIS_SWAP/BASIS_SPREAD/EUR/3M/GBP/3M/3Y</Quote>
            <Quote>CC_BASIS_SWAP/BASIS_SPREAD/EUR/3M/GBP/3M/4Y</Quote>
            <Quote>CC_BASIS_SWAP/BASIS_SPREAD/EUR/3M/GBP/3M/5Y</Quote>
            <Quote>CC_BASIS_SWAP/BASIS_SPREAD/EUR/3M/GBP/3M/7Y</Quote>
            <Quote>CC_BASIS_SWAP/BASIS_SPREAD/EUR/3M/GBP/3M/10Y</Quote>
            <!--
		<Quote>CC_BASIS_SWAP/BASIS_SPREAD/EUR/3M/GBP/3M/12Y</Quote>
            -->
            <Quote>CC_BASIS_SWAP/BASIS_SPREAD/EUR/3M/GBP/3M/15Y</Quote>
            <Quote>CC_BASIS_SWAP/BASIS_SPREAD/EUR/3M/GBP/3M/20Y</Quote>
            <Quote>CC_BASIS_SWAP/BASIS_SPREAD/EUR/3M/GBP/3M/30Y</Quote>
            <Quote>CC_BASIS_SWAP/BASIS_SPREAD/EUR/3M/GBP/3M/40Y</Quote>
            <Quote>CC_BASIS_SWAP/BASIS_SPREAD/EUR/3M/GBP/3M/50Y</Quote>
          </Quotes>
          <Conventions>EUR-GBP-XCCY-BASIS-CONVENTIONS</Conventions>
          <DiscountCurve>EUR1D</DiscountCurve>
          <SpotRate>FX/RATE/EUR/GBP</SpotRate>
          <ProjectionCurveDomestic>GBP3M</ProjectionCurveDomestic>
          <ProjectionCurveForeign>EUR3M</ProjectionCurveForeign>
        </CrossCurrency>
      </Segments>
      <InterpolationVariable>Discount</InterpolationVariable>
      <InterpolationMethod>LogLinear</InterpolationMethod>
      <YieldCurveDayCounter>A365</YieldCurveDayCounter>
      <Tolerance>0.000000000001</Tolerance>
    </YieldCurve>
    <YieldCurve>
      <CurveId>CHF-IN-EUR</CurveId>
      <CurveDescription>CHF collateralized in EUR discount curve</CurveDescription>
      <Currency>CHF</Currency>
      <DiscountCurve/>
      <Segments>
        <CrossCurrency>
          <Type>FX Forward</Type>
          <Quotes>
            <Quote>FXFWD/RATE/EUR/CHF/3M</Quote>
            <Quote>FXFWD/RATE/EUR/CHF/6M</Quote>
            <Quote>FXFWD/RATE/EUR/CHF/9M</Quote>
            <Quote>FXFWD/RATE/EUR/CHF/1Y</Quote>
          </Quotes>
          <Conventions>EUR-CHF-FX-CONVENTIONS</Conventions>
          <DiscountCurve>EUR1D</DiscountCurve>
          <SpotRate>FX/RATE/EUR/CHF</SpotRate>
        </CrossCurrency>
        <CrossCurrency>
          <Type>Cross Currency Basis Swap</Type>
          <Quotes>
            <Quote>CC_BASIS_SWAP/BASIS_SPREAD/EUR/3M/CHF/3M/2Y</Quote>
            <Quote>CC_BASIS_SWAP/BASIS_SPREAD/EUR/3M/CHF/3M/3Y</Quote>
            <Quote>CC_BASIS_SWAP/BASIS_SPREAD/EUR/3M/CHF/3M/4Y</Quote>
            <Quote>CC_BASIS_SWAP/BASIS_SPREAD/EUR/3M/CHF/3M/5Y</Quote>
            <Quote>CC_BASIS_SWAP/BASIS_SPREAD/EUR/3M/CHF/3M/7Y</Quote>
            <Quote>CC_BASIS_SWAP/BASIS_SPREAD/EUR/3M/CHF/3M/10Y</Quote>
            <!--
		<Quote>CC_BASIS_SWAP/BASIS_SPREAD/EUR/3M/CHF/3M/12Y</Quote>
	    -->
            <Quote>CC_BASIS_SWAP/BASIS_SPREAD/EUR/3M/CHF/3M/15Y</Quote>
            <Quote>CC_BASIS_SWAP/BASIS_SPREAD/EUR/3M/CHF/3M/20Y</Quote>
            <!--
		<Quote>CC_BASIS_SWAP/BASIS_SPREAD/EUR/3M/CHF/3M/30Y</Quote>
		<Quote>CC_BASIS_SWAP/BASIS_SPREAD/EUR/3M/CHF/3M/40Y</Quote>
		<Quote>CC_BASIS_SWAP/BASIS_SPREAD/EUR/3M/CHF/3M/50Y</Quote>
	    -->
          </Quotes>
          <Conventions>EUR-CHF-XCCY-BASIS-CONVENTIONS</Conventions>
          <DiscountCurve>EUR1D</DiscountCurve>
          <SpotRate>FX/RATE/EUR/CHF</SpotRate>
          <ProjectionCurveDomestic>CHF3M</ProjectionCurveDomestic>
          <ProjectionCurveForeign>EUR3M</ProjectionCurveForeign>
        </CrossCurrency>
      </Segments>
      <InterpolationVariable>Discount</InterpolationVariable>
      <InterpolationMethod>LogLinear</InterpolationMethod>
      <YieldCurveDayCounter>A365</YieldCurveDayCounter>
      <Tolerance>0.000000000001</Tolerance>
    </YieldCurve>
    <!--
    <YieldCurve>
      <CurveId>BANK_EUR_BORROW</CurveId>
      <CurveDescription>BANK's average funding yield for EUR</CurveDescription>
      <Currency>EUR</Currency>
      <DiscountCurve></DiscountCurve>
      <Segments>
	<Direct>
	  <Type>Zero</Type>
	  <Quotes>
	    <Quote>ZERO/RATE/EUR/BANK_EUR_BORROW/A365/2Y</Quote>
	    <Quote>ZERO/RATE/EUR/BANK_EUR_BORROW/A365/5Y</Quote>
	    <Quote>ZERO/RATE/EUR/BANK_EUR_BORROW/A365/10Y</Quote>
	    <Quote>ZERO/RATE/EUR/BANK_EUR_BORROW/A365/20Y</Quote>
	  </Quotes>
	  <Conventions>EUR-ZERO-CONVENTIONS-TENOR-BASED</Conventions>
	</Direct>
      </Segments>
    </YieldCurve>
    
    <YieldCurve>
      <CurveId>BANK_EUR_LEND</CurveId>
      <CurveDescription>BANK's average investment yield for EUR</CurveDescription>
      <Currency>EUR</Currency>
      <DiscountCurve></DiscountCurve>
      <Segments>
	<Direct>
	  <Type>Zero</Type>
	  <Quotes>
	    <Quote>ZERO/RATE/EUR/BANK_EUR_LEND/A365/2Y</Quote>
	    <Quote>ZERO/RATE/EUR/BANK_EUR_LEND/A365/5Y</Quote>
	    <Quote>ZERO/RATE/EUR/BANK_EUR_LEND/A365/10Y</Quote>
	    <Quote>ZERO/RATE/EUR/BANK_EUR_LEND/A365/20Y</Quote>
	  </Quotes>
	  <Conventions>EUR-ZERO-CONVENTIONS-TENOR-BASED</Conventions>
	</Direct>
      </Segments>
    </YieldCurve>
    -->
    <YieldCurve>
      <CurveId>BENCHMARK_EUR</CurveId>
      <CurveDescription>Bond benchmark curve in EUR</CurveDescription>
      <Currency>EUR</Currency>
      <DiscountCurve/>
      <Segments>
        <ZeroSpread>
          <Type>Zero Spread</Type>
          <Quotes>
            <Quote>ZERO/YIELD_SPREAD/EUR/BENCHMARK_EUR/A365/5Y</Quote>
            <Quote>ZERO/YIELD_SPREAD/EUR/BENCHMARK_EUR/A365/10Y</Quote>
          </Quotes>
          <Conventions>EUR-ZERO-CONVENTIONS-TENOR-BASED</Conventions>
          <ReferenceCurve>EUR1D</ReferenceCurve>
        </ZeroSpread>
      </Segments>
    </YieldCurve>
    <YieldCurve>
      <CurveId>BANK_EUR_BORROW</CurveId>
      <CurveDescription>BANK's average borrowing spread in EUR</CurveDescription>
      <Currency>EUR</Currency>
      <DiscountCurve/>
      <Segments>
        <ZeroSpread>
          <Type>Zero Spread</Type>
          <Quotes>
            <Quote>ZERO/YIELD_SPREAD/EUR/BANK_EUR_BORROW/A365/2Y</Quote>
            <Quote>ZERO/YIELD_SPREAD/EUR/BANK_EUR_BORROW/A365/5Y</Quote>
            <Quote>ZERO/YIELD_SPREAD/EUR/BANK_EUR_BORROW/A365/10Y</Quote>
            <Quote>ZERO/YIELD_SPREAD/EUR/BANK_EUR_BORROW/A365/20Y</Quote>
          </Quotes>
          <Conventions>EUR-ZERO-CONVENTIONS-TENOR-BASED</Conventions>
          <ReferenceCurve>EUR1D</ReferenceCurve>
        </ZeroSpread>
      </Segments>
    </YieldCurve>
    <YieldCurve>
      <CurveId>BANK_EUR_LEND</CurveId>
      <CurveDescription>BANK's average lending spread in EUR</CurveDescription>
      <Currency>EUR</Currency>
      <DiscountCurve/>
      <Segments>
        <ZeroSpread>
          <Type>Zero Spread</Type>
          <Quotes>
            <Quote>ZERO/YIELD_SPREAD/EUR/BANK_EUR_LEND/A365/2Y</Quote>
            <Quote>ZERO/YIELD_SPREAD/EUR/BANK_EUR_LEND/A365/5Y</Quote>
            <Quote>ZERO/YIELD_SPREAD/EUR/BANK_EUR_LEND/A365/10Y</Quote>
            <Quote>ZERO/YIELD_SPREAD/EUR/BANK_EUR_LEND/A365/20Y</Quote>
          </Quotes>
          <Conventions>EUR-ZERO-CONVENTIONS-TENOR-BASED</Conventions>
          <ReferenceCurve>EUR1D</ReferenceCurve>
        </ZeroSpread>
      </Segments>
    </YieldCurve>
  </YieldCurves>
  <InflationCurves>
      <InflationCurve>
          <CurveId>USCPI_ZC_Swaps</CurveId>
          <CurveDescription>Estimation Curve for USCPI</CurveDescription>
          <NominalTermStructure>Yield/USD/USD1D</NominalTermStructure>
          <Type>ZC</Type>
          <Quotes>
              <Quote>ZC_INFLATIONSWAP/RATE/USCPI/1Y</Quote>
              <Quote>ZC_INFLATIONSWAP/RATE/USCPI/2Y</Quote>
              <Quote>ZC_INFLATIONSWAP/RATE/USCPI/3Y</Quote>
              <Quote>ZC_INFLATIONSWAP/RATE/USCPI/4Y</Quote>
              <Quote>ZC_INFLATIONSWAP/RATE/USCPI/5Y</Quote>
              <Quote>ZC_INFLATIONSWAP/RATE/USCPI/6Y</Quote>
              <Quote>ZC_INFLATIONSWAP/RATE/USCPI/7Y</Quote>
              <Quote>ZC_INFLATIONSWAP/RATE/USCPI/8Y</Quote>
              <Quote>ZC_INFLATIONSWAP/RATE/USCPI/9Y</Quote>
              <Quote>ZC_INFLATIONSWAP/RATE/USCPI/10Y</Quote>
              <Quote>ZC_INFLATIONSWAP/RATE/USCPI/12Y</Quote>
              <Quote>ZC_INFLATIONSWAP/RATE/USCPI/15Y</Quote>
              <Quote>ZC_INFLATIONSWAP/RATE/USCPI/20Y</Quote>
              <Quote>ZC_INFLATIONSWAP/RATE/USCPI/25Y</Quote>
              <Quote>ZC_INFLATIONSWAP/RATE/USCPI/30Y</Quote>
              <Quote>ZC_INFLATIONSWAP/RATE/USCPI/40Y</Quote>
          </Quotes>
          <Conventions>USCPI_INFLATIONSWAP</Conventions>
          <Extrapolation>true</Extrapolation>
          <Calendar>US</Calendar>
          <DayCounter>A365</DayCounter>
          <Lag>3M</Lag>
          <Frequency>Monthly</Frequency>
          <BaseRate>0.01</BaseRate>
          <Tolerance>0.000000000001</Tolerance>
          <Seasonality>
              <BaseDate>20160101</BaseDate>
              <Frequency>Monthly</Frequency>
              <Factors>
                  <Factor>SEASONALITY/RATE/MULT/USCPI/JAN</Factor>
                  <Factor>SEASONALITY/RATE/MULT/USCPI/FEB</Factor>
                  <Factor>SEASONALITY/RATE/MULT/USCPI/MAR</Factor>
                  <Factor>SEASONALITY/RATE/MULT/USCPI/APR</Factor>
                  <Factor>SEASONALITY/RATE/MULT/USCPI/MAY</Factor>
                  <Factor>SEASONALITY/RATE/MULT/USCPI/JUN</Factor>
                  <Factor>SEASONALITY/RATE/MULT/USCPI/JUL</Factor>
                  <Factor>SEASONALITY/RATE/MULT/USCPI/AUG</Factor>
                  <Factor>SEASONALITY/RATE/MULT/USCPI/SEP</Factor>
                  <Factor>SEASONALITY/RATE/MULT/USCPI/OCT</Factor>
                  <Factor>SEASONALITY/RATE/MULT/USCPI/NOV</Factor>
                  <Factor>SEASONALITY/RATE/MULT/USCPI/DEC</Factor>
              </Factors>
          </Seasonality>
      </InflationCurve>
      
      <InflationCurve>
          <CurveId>EUHICP_ZC_Swaps</CurveId>
          <CurveDescription>Estimation Curve for EUHICP</CurveDescription>
          <NominalTermStructure>Yield/EUR/EUR1D</NominalTermStructure>
          <Type>ZC</Type>
          <Quotes>
              <Quote>ZC_INFLATIONSWAP/RATE/EUHICP/1Y</Quote>
              <Quote>ZC_INFLATIONSWAP/RATE/EUHICP/2Y</Quote>
              <Quote>ZC_INFLATIONSWAP/RATE/EUHICP/3Y</Quote>
              <Quote>ZC_INFLATIONSWAP/RATE/EUHICP/4Y</Quote>
              <Quote>ZC_INFLATIONSWAP/RATE/EUHICP/5Y</Quote>
              <Quote>ZC_INFLATIONSWAP/RATE/EUHICP/6Y</Quote>
              <Quote>ZC_INFLATIONSWAP/RATE/EUHICP/7Y</Quote>
              <Quote>ZC_INFLATIONSWAP/RATE/EUHICP/8Y</Quote>
              <Quote>ZC_INFLATIONSWAP/RATE/EUHICP/9Y</Quote>
              <Quote>ZC_INFLATIONSWAP/RATE/EUHICP/10Y</Quote>
              <Quote>ZC_INFLATIONSWAP/RATE/EUHICP/12Y</Quote>
              <Quote>ZC_INFLATIONSWAP/RATE/EUHICP/15Y</Quote>
              <Quote>ZC_INFLATIONSWAP/RATE/EUHICP/20Y</Quote>
              <Quote>ZC_INFLATIONSWAP/RATE/EUHICP/25Y</Quote>
              <Quote>ZC_INFLATIONSWAP/RATE/EUHICP/30Y</Quote>
          </Quotes>
          <Conventions>EUHICP_INFLATIONSWAP</Conventions>
          <Extrapolation>true</Extrapolation>
          <Calendar>TARGET</Calendar>
          <DayCounter>A365</DayCounter>
          <Lag>3M</Lag>
          <Frequency>Monthly</Frequency>
          <BaseRate>0.01</BaseRate>
          <Tolerance>0.000000000001</Tolerance>
      </InflationCurve>

      <InflationCurve>
          <CurveId>EUHICPXT_ZC_Swaps</CurveId>
          <CurveDescription>Estimation Curve for EUCPI</CurveDescription>
          <NominalTermStructure>Yield/EUR/EUR1D</NominalTermStructure>
          <Type>ZC</Type>
          <Quotes>
              <Quote>ZC_INFLATIONSWAP/RATE/EUHICPXT/1Y</Quote>
              <Quote>ZC_INFLATIONSWAP/RATE/EUHICPXT/2Y</Quote>
              <Quote>ZC_INFLATIONSWAP/RATE/EUHICPXT/3Y</Quote>
              <Quote>ZC_INFLATIONSWAP/RATE/EUHICPXT/4Y</Quote>
              <Quote>ZC_INFLATIONSWAP/RATE/EUHICPXT/5Y</Quote>
              <Quote>ZC_INFLATIONSWAP/RATE/EUHICPXT/6Y</Quote>
              <Quote>ZC_INFLATIONSWAP/RATE/EUHICPXT/7Y</Quote>
              <Quote>ZC_INFLATIONSWAP/RATE/EUHICPXT/8Y</Quote>
              <Quote>ZC_INFLATIONSWAP/RATE/EUHICPXT/9Y</Quote>
              <Quote>ZC_INFLATIONSWAP/RATE/EUHICPXT/10Y</Quote>
              <Quote>ZC_INFLATIONSWAP/RATE/EUHICPXT/12Y</Quote>
              <Quote>ZC_INFLATIONSWAP/RATE/EUHICPXT/15Y</Quote>
              <Quote>ZC_INFLATIONSWAP/RATE/EUHICPXT/20Y</Quote>
              <Quote>ZC_INFLATIONSWAP/RATE/EUHICPXT/25Y</Quote>
              <Quote>ZC_INFLATIONSWAP/RATE/EUHICPXT/30Y</Quote>
          </Quotes>
          <Conventions>EUHICPXT_INFLATIONSWAP</Conventions>
          <Extrapolation>true</Extrapolation>
          <Calendar>TARGET</Calendar>
          <DayCounter>A365</DayCounter>
          <Lag>3M</Lag>
          <Frequency>Monthly</Frequency>
          <BaseRate>0.01</BaseRate>
          <Tolerance>0.000000000001</Tolerance>
          <Seasonality>
              <BaseDate>20160101</BaseDate>
              <Frequency>Monthly</Frequency>
              <Factors>
                  <Factor>SEASONALITY/RATE/MULT/EUHICPXT/JAN</Factor>
                  <Factor>SEASONALITY/RATE/MULT/EUHICPXT/FEB</Factor>
                  <Factor>SEASONALITY/RATE/MULT/EUHICPXT/MAR</Factor>
                  <Factor>SEASONALITY/RATE/MULT/EUHICPXT/APR</Factor>
                  <Factor>SEASONALITY/RATE/MULT/EUHICPXT/MAY</Factor>
                  <Factor>SEASONALITY/RATE/MULT/EUHICPXT/JUN</Factor>
                  <Factor>SEASONALITY/RATE/MULT/EUHICPXT/JUL</Factor>
                  <Factor>SEASONALITY/RATE/MULT/EUHICPXT/AUG</Factor>
                  <Factor>SEASONALITY/RATE/MULT/EUHICPXT/SEP</Factor>
                  <Factor>SEASONALITY/RATE/MULT/EUHICPXT/OCT</Factor>
                  <Factor>SEASONALITY/RATE/MULT/EUHICPXT/NOV</Factor>
                  <Factor>SEASONALITY/RATE/MULT/EUHICPXT/DEC</Factor>
              </Factors>
          </Seasonality>
      </InflationCurve>

      <InflationCurve>
          <CurveId>EUHICPXT_YY_Swaps</CurveId>
          <CurveDescription>Estimation Curve for EUCPI YoY</CurveDescription>
          <NominalTermStructure>Yield/EUR/EUR1D</NominalTermStructure>
          <Type>YY</Type>
          <Quotes>
              <Quote>YY_INFLATIONSWAP/RATE/EUHICPXT/1Y</Quote>
              <Quote>YY_INFLATIONSWAP/RATE/EUHICPXT/2Y</Quote>
              <Quote>YY_INFLATIONSWAP/RATE/EUHICPXT/3Y</Quote>
              <Quote>YY_INFLATIONSWAP/RATE/EUHICPXT/4Y</Quote>
              <Quote>YY_INFLATIONSWAP/RATE/EUHICPXT/5Y</Quote>
              <Quote>YY_INFLATIONSWAP/RATE/EUHICPXT/6Y</Quote>
              <Quote>YY_INFLATIONSWAP/RATE/EUHICPXT/7Y</Quote>
              <Quote>YY_INFLATIONSWAP/RATE/EUHICPXT/8Y</Quote>
              <Quote>YY_INFLATIONSWAP/RATE/EUHICPXT/9Y</Quote>
              <Quote>YY_INFLATIONSWAP/RATE/EUHICPXT/10Y</Quote>
              <Quote>YY_INFLATIONSWAP/RATE/EUHICPXT/12Y</Quote>
              <Quote>YY_INFLATIONSWAP/RATE/EUHICPXT/15Y</Quote>
              <Quote>YY_INFLATIONSWAP/RATE/EUHICPXT/20Y</Quote>
              <Quote>YY_INFLATIONSWAP/RATE/EUHICPXT/25Y</Quote>
              <Quote>YY_INFLATIONSWAP/RATE/EUHICPXT/30Y</Quote>
          </Quotes>
          <Conventions>EUHICPXT_INFLATIONSWAP</Conventions>
          <Extrapolation>true</Extrapolation>
          <Calendar>TARGET</Calendar>
          <DayCounter>A365</DayCounter>
          <Lag>3M</Lag>
          <Frequency>Monthly</Frequency>
          <BaseRate>0.01</BaseRate>
          <Tolerance>0.000000000001</Tolerance>
          <Seasonality>
              <BaseDate>20160101</BaseDate>
              <Frequency>Monthly</Frequency>
              <Factors>
                  <Factor>SEASONALITY/RATE/MULT/EUHICPXT/JAN</Factor>
                  <Factor>SEASONALITY/RATE/MULT/EUHICPXT/FEB</Factor>
                  <Factor>SEASONALITY/RATE/MULT/EUHICPXT/MAR</Factor>
                  <Factor>SEASONALITY/RATE/MULT/EUHICPXT/APR</Factor>
                  <Factor>SEASONALITY/RATE/MULT/EUHICPXT/MAY</Factor>
                  <Factor>SEASONALITY/RATE/MULT/EUHICPXT/JUN</Factor>
                  <Factor>SEASONALITY/RATE/MULT/EUHICPXT/JUL</Factor>
                  <Factor>SEASONALITY/RATE/MULT/EUHICPXT/AUG</Factor>
                  <Factor>SEASONALITY/RATE/MULT/EUHICPXT/SEP</Factor>
                  <Factor>SEASONALITY/RATE/MULT/EUHICPXT/OCT</Factor>
                  <Factor>SEASONALITY/RATE/MULT/EUHICPXT/NOV</Factor>
                  <Factor>SEASONALITY/RATE/MULT/EUHICPXT/DEC</Factor>
              </Factors>
          </Seasonality>
      </InflationCurve>
      
      <InflationCurve>
          <CurveId>FRHICP_ZC_Swaps</CurveId>
          <CurveDescription>Estimation Curve for FRHICP</CurveDescription>
          <NominalTermStructure>Yield/EUR/EUR1D</NominalTermStructure>
          <Type>ZC</Type>
          <Quotes>
              <Quote>ZC_INFLATIONSWAP/RATE/FRHICP/1Y</Quote>
              <Quote>ZC_INFLATIONSWAP/RATE/FRHICP/2Y</Quote>
              <Quote>ZC_INFLATIONSWAP/RATE/FRHICP/3Y</Quote>
              <Quote>ZC_INFLATIONSWAP/RATE/FRHICP/4Y</Quote>
              <Quote>ZC_INFLATIONSWAP/RATE/FRHICP/5Y</Quote>
              <Quote>ZC_INFLATIONSWAP/RATE/FRHICP/6Y</Quote>
              <Quote>ZC_INFLATIONSWAP/RATE/FRHICP/7Y</Quote>
              <Quote>ZC_INFLATIONSWAP/RATE/FRHICP/8Y</Quote>
              <Quote>ZC_INFLATIONSWAP/RATE/FRHICP/9Y</Quote>
              <Quote>ZC_INFLATIONSWAP/RATE/FRHICP/10Y</Quote>
              <Quote>ZC_INFLATIONSWAP/RATE/FRHICP/12Y</Quote>
              <Quote>ZC_INFLATIONSWAP/RATE/FRHICP/15Y</Quote>
              <Quote>ZC_INFLATIONSWAP/RATE/FRHICP/20Y</Quote>
              <Quote>ZC_INFLATIONSWAP/RATE/FRHICP/25Y</Quote>
              <Quote>ZC_INFLATIONSWAP/RATE/FRHICP/30Y</Quote>
          </Quotes>
          <Conventions>FRHICP_INFLATIONSWAP</Conventions>
          <Extrapolation>true</Extrapolation>
          <Calendar>TARGET</Calendar>
          <DayCounter>A365</DayCounter>
          <Lag>3M</Lag>
          <Frequency>Monthly</Frequency>
          <BaseRate>0.01</BaseRate>
          <Tolerance>0.000000000001</Tolerance>
      </InflationCurve>
      
      <InflationCurve>
          <CurveId>UKRPI_ZC_Swaps</CurveId>
          <CurveDescription>Estimation Curve for UKRPI</CurveDescription>
          <NominalTermStructure>Yield/GBP/GBP1D</NominalTermStructure>
          <Type>ZC</Type>
          <Quotes>
              <Quote>ZC_INFLATIONSWAP/RATE/UKRPI/1Y</Quote>
              <Quote>ZC_INFLATIONSWAP/RATE/UKRPI/2Y</Quote>
              <Quote>ZC_INFLATIONSWAP/RATE/UKRPI/3Y</Quote>
              <Quote>ZC_INFLATIONSWAP/RATE/UKRPI/4Y</Quote>
              <Quote>ZC_INFLATIONSWAP/RATE/UKRPI/5Y</Quote>
              <Quote>ZC_INFLATIONSWAP/RATE/UKRPI/6Y</Quote>
              <Quote>ZC_INFLATIONSWAP/RATE/UKRPI/7Y</Quote>
              <Quote>ZC_INFLATIONSWAP/RATE/UKRPI/8Y</Quote>
              <Quote>ZC_INFLATIONSWAP/RATE/UKRPI/9Y</Quote>
              <Quote>ZC_INFLATIONSWAP/RATE/UKRPI/10Y</Quote>
              <Quote>ZC_INFLATIONSWAP/RATE/UKRPI/12Y</Quote>
              <Quote>ZC_INFLATIONSWAP/RATE/UKRPI/15Y</Quote>
              <Quote>ZC_INFLATIONSWAP/RATE/UKRPI/20Y</Quote>
              <Quote>ZC_INFLATIONSWAP/RATE/UKRPI/25Y</Quote>
              <Quote>ZC_INFLATIONSWAP/RATE/UKRPI/30Y</Quote>
              <Quote>ZC_INFLATIONSWAP/RATE/UKRPI/40Y</Quote>
          </Quotes>
          <Conventions>UKRPI_INFLATIONSWAP</Conventions>
          <Extrapolation>true</Extrapolation>
          <Calendar>UK</Calendar>
          <DayCounter>A365</DayCounter>
          <Lag>3M</Lag>
          <Frequency>Monthly</Frequency>
          <BaseRate>0.01</BaseRate>
          <Tolerance>0.000000000001</Tolerance>
          <Seasonality>
              <BaseDate>20160101</BaseDate>
              <Frequency>Monthly</Frequency>
              <Factors>
                  <Factor>SEASONALITY/RATE/MULT/UKRPI/JAN</Factor>
                  <Factor>SEASONALITY/RATE/MULT/UKRPI/FEB</Factor>
                  <Factor>SEASONALITY/RATE/MULT/UKRPI/MAR</Factor>
                  <Factor>SEASONALITY/RATE/MULT/UKRPI/APR</Factor>
                  <Factor>SEASONALITY/RATE/MULT/UKRPI/MAY</Factor>
                  <Factor>SEASONALITY/RATE/MULT/UKRPI/JUN</Factor>
                  <Factor>SEASONALITY/RATE/MULT/UKRPI/JUL</Factor>
                  <Factor>SEASONALITY/RATE/MULT/UKRPI/AUG</Factor>
                  <Factor>SEASONALITY/RATE/MULT/UKRPI/SEP</Factor>
                  <Factor>SEASONALITY/RATE/MULT/UKRPI/OCT</Factor>
                  <Factor>SEASONALITY/RATE/MULT/UKRPI/NOV</Factor>
                  <Factor>SEASONALITY/RATE/MULT/UKRPI/DEC</Factor>
              </Factors>
          </Seasonality>
      </InflationCurve>
      
      <InflationCurve>
          <CurveId>ZACPI_ZC_Swaps</CurveId>
          <CurveDescription>Estimation Curve for ZACPI</CurveDescription>
          <!-- no ZAR currency setup at the moment -->
          <NominalTermStructure>Yield/EUR/EUR1D</NominalTermStructure>
          <Type>ZC</Type>
          <Quotes>
              <Quote>ZC_INFLATIONSWAP/RATE/ZACPI/1Y</Quote>
              <Quote>ZC_INFLATIONSWAP/RATE/ZACPI/2Y</Quote>
              <Quote>ZC_INFLATIONSWAP/RATE/ZACPI/3Y</Quote>
              <Quote>ZC_INFLATIONSWAP/RATE/ZACPI/4Y</Quote>
              <Quote>ZC_INFLATIONSWAP/RATE/ZACPI/5Y</Quote>
              <Quote>ZC_INFLATIONSWAP/RATE/ZACPI/6Y</Quote>
              <Quote>ZC_INFLATIONSWAP/RATE/ZACPI/7Y</Quote>
              <Quote>ZC_INFLATIONSWAP/RATE/ZACPI/8Y</Quote>
              <Quote>ZC_INFLATIONSWAP/RATE/ZACPI/9Y</Quote>
              <Quote>ZC_INFLATIONSWAP/RATE/ZACPI/10Y</Quote>
              <Quote>ZC_INFLATIONSWAP/RATE/ZACPI/12Y</Quote>
              <Quote>ZC_INFLATIONSWAP/RATE/ZACPI/15Y</Quote>
              <Quote>ZC_INFLATIONSWAP/RATE/ZACPI/20Y</Quote>
              <Quote>ZC_INFLATIONSWAP/RATE/ZACPI/25Y</Quote>
              <Quote>ZC_INFLATIONSWAP/RATE/ZACPI/30Y</Quote>
          </Quotes>
          <Conventions>ZACPI_INFLATIONSWAP</Conventions>
          <Extrapolation>true</Extrapolation>
          <Calendar>ZAR</Calendar>
          <DayCounter>A365</DayCounter>
          <Lag>3M</Lag>
          <Frequency>Monthly</Frequency>
          <BaseRate>0.01</BaseRate>
          <Tolerance>0.000000000001</Tolerance>
      </InflationCurve>
      
  </InflationCurves>
      
  <InflationCapFloorVolatilities>
      <InflationCapFloorVolatility>
          <CurveId>EUHICPXT_ZC_CF</CurveId>
          <CurveDescription>EUHICPXT CPI Cap/Floor vol surface derived from price quotes</CurveDescription>
          <Type>ZC</Type>
          <QuoteType>Price</QuoteType>
	  <VolatilityType>Normal</VolatilityType>
	  <Extrapolation>Y</Extrapolation>
          <DayCounter>ACT</DayCounter>
          <Calendar>TARGET</Calendar>
          <BusinessDayConvention>MF</BusinessDayConvention>
          <Tenors>1Y,2Y,3Y,4Y,5Y,6Y,7Y,8Y,9Y,10Y,12Y,15Y,20Y,30Y</Tenors>
          <CapStrikes/> 
          <FloorStrikes>-0.02,-0.01,-0.005,0.00,0.01,0.015,0.02,0.025,0.03</FloorStrikes>
          <Index>EUHICPXT</Index>
          <IndexCurve>Inflation/EUHICPXT/EUHICPXT_ZC_Swaps</IndexCurve>
          <IndexInterpolated>false</IndexInterpolated>
	  <ObservationLag>3M</ObservationLag>
          <YieldTermStructure>Yield/EUR/EUR1D</YieldTermStructure>
      </InflationCapFloorVolatility>
      <InflationCapFloorVolatility>
	<CurveId>UKRPI_ZC_CF</CurveId>
	<CurveDescription>UKRPI CPI Cap/Floor vol surface derived from price quotes</CurveDescription>
	<Type>ZC</Type>
	<QuoteType>Price</QuoteType>
	<VolatilityType>Lognormal</VolatilityType>
	<Extrapolation>Y</Extrapolation>
	<DayCounter>Actual/365 (Fixed)</DayCounter>
	<Calendar>GBP</Calendar>
	<BusinessDayConvention>Following</BusinessDayConvention>
	<Tenors>2Y,3Y,4Y,5Y,6Y,7Y,8Y,9Y,10Y,12Y,15Y,20Y</Tenors>
	<CapStrikes/> 
        <FloorStrikes>-0.03,-0.02,-0.015,-0.01,-0.005,0.00,0.005,0.01,0.015,0.02,0.025,0.03</FloorStrikes>
	<Index>UKRPI</Index>
	<IndexCurve>Inflation/UKRPI/UKRPI_ZC_Swaps</IndexCurve>
	<IndexInterpolated>false</IndexInterpolated>
	<ObservationLag>2M</ObservationLag>
	<YieldTermStructure>Yield/GBP/GBP1D</YieldTermStructure>
      </InflationCapFloorVolatility>
      <InflationCapFloorVolatility>
        <CurveId>USCPI_ZC_CF</CurveId>
        <CurveDescription>Price Surface ZC CapFloor USCPI</CurveDescription>
        <Type>ZC</Type>
	<QuoteType>Price</QuoteType>
	<VolatilityType>Lognormal</VolatilityType>
	<Extrapolation>Y</Extrapolation>
        <DayCounter>ACT</DayCounter>
        <Calendar>US</Calendar>
        <BusinessDayConvention>MF</BusinessDayConvention>
        <Tenors>1Y,2Y,3Y,4Y,5Y,6Y,7Y,8Y,9Y,10Y,12Y,15Y,20Y,30Y</Tenors>
	<CapStrikes/> 
        <FloorStrikes>-0.02,-0.015,-0.01,-0.005,0.00,0.01,0.015,0.02,0.025,0.03</FloorStrikes>
        <Index>USCPI</Index>
        <IndexCurve>Inflation/USCPI/USCPI_ZC_Swaps</IndexCurve>
        <IndexInterpolated>false</IndexInterpolated>
        <ObservationLag>3M</ObservationLag>
        <YieldTermStructure>Yield/USD/USD1D</YieldTermStructure>
      </InflationCapFloorVolatility>
      <InflationCapFloorVolatility>
        <CurveId>EUHICPXT_YY_CF_N</CurveId>
	<CurveDescription>EUR normal cap floor volatilities</CurveDescription>
        <Type>YY</Type>
	<QuoteType>Volatility</QuoteType>
	<VolatilityType>Normal</VolatilityType>
	<Extrapolation>TRUE</Extrapolation>
	<DayCounter>Actual/365 (Fixed)</DayCounter>
	<Calendar>TARGET</Calendar>
	<BusinessDayConvention>Following</BusinessDayConvention>
	<Tenors>2Y,5Y,7Y,10Y,15Y,20Y</Tenors>
	<Strikes>-0.02,-0.01,0,0.01,0.02,0.03</Strikes>
	<Index>EUHICPXT</Index>
        <IndexCurve>Inflation/EUHICPXT/EUHICPXT_YY_Swaps</IndexCurve>
        <IndexInterpolated>false</IndexInterpolated>
	<ObservationLag>3M</ObservationLag>
        <YieldTermStructure>Yield/EUR/EUR1D</YieldTermStructure>
      </InflationCapFloorVolatility>
  </InflationCapFloorVolatilities>

  <EquityCurves>
        <EquityCurve>
            <CurveId>SP5</CurveId>
            <CurveDescription>SP 500 equity price projection curve</CurveDescription>
            <Currency>USD</Currency>
            <ForecastingCurve>USD1D</ForecastingCurve>
            <Type>DividendYield</Type> <!-- {DividendYield, ForwardPrice} -->
            <SpotQuote>EQUITY/PRICE/SP5/USD</SpotQuote> <!--  the spot quote from the market data file -->
            <Quotes>
                <Quote>EQUITY_DIVIDEND/RATE/SP5/USD/3M</Quote>
                <Quote>EQUITY_DIVIDEND/RATE/SP5/USD/20160915</Quote>
                <Quote>EQUITY_DIVIDEND/RATE/SP5/USD/1Y</Quote>
                <Quote>EQUITY_DIVIDEND/RATE/SP5/USD/20170915</Quote>
            </Quotes>
            <DayCounter>A365</DayCounter>
        </EquityCurve>
        <EquityCurve>
            <CurveId>Lufthansa</CurveId>
            <CurveDescription>Lufthansa equity price projection curve</CurveDescription>
            <Currency>EUR</Currency>
            <ForecastingCurve>EUR1D</ForecastingCurve>
            <Type>ForwardPrice</Type> <!-- {DividendYield, ForwardPrice} -->
            <SpotQuote>EQUITY/PRICE/Lufthansa/EUR</SpotQuote> <!--  the spot quote from the market data file -->
            <Quotes>
                <Quote>EQUITY_FWD/PRICE/Lufthansa/EUR/2016-06-16</Quote>
                <Quote>EQUITY_FWD/PRICE/Lufthansa/EUR/6M</Quote>
                <Quote>EQUITY_FWD/PRICE/Lufthansa/EUR/2017-06-16</Quote>
                <Quote>EQUITY_FWD/PRICE/Lufthansa/EUR/2Y</Quote>
            </Quotes>
            <DayCounter>A365</DayCounter>
        </EquityCurve> 
  </EquityCurves>
  <EquityVolatilities>
        <EquityVolatility>
            <CurveId>SP5</CurveId>
            <CurveDescription>Lognormal option implied vols for SP 500</CurveDescription>
            <Currency>USD</Currency>
            <Dimension>Smile</Dimension>
            <Expiries>
              1M,5Y,10Y
            </Expiries>
            <Strikes>1932.8,2147.56,2254.939</Strikes>
        </EquityVolatility>
        <EquityVolatility>
            <CurveId>Lufthansa</CurveId>
            <CurveDescription/>
            <Currency>EUR</Currency>
            <Dimension>Smile</Dimension>
            <Expiries>
              1M,5Y,10Y
            </Expiries>
            <Strikes>11.47,12.75,13.39</Strikes>
        </EquityVolatility>
  </EquityVolatilities>
  <Securities>
    <Security>
      <CurveId>SECURITY_1</CurveId>
      <CurveDescription>Security</CurveDescription>
      <SpreadQuote>BOND/YIELD_SPREAD/SECURITY_1</SpreadQuote>
      <RecoveryRateQuote>RECOVERY_RATE/RATE/SECURITY_1</RecoveryRateQuote>
    </Security>
  </Securities>
</CurveConfiguration>

