<?xml version="1.0"?>
<Portfolio>
  <Trade id="fra1">
    <TradeType>ForwardRateAgreement</TradeType>
    <Envelope>
      <CounterParty>CPTY_A</CounterParty>
      <NettingSetId>CPTY_A</NettingSetId>
      <AdditionalFields/>
    </Envelope>
    <ForwardRateAgreementData>
      <StartDate>2016-10-28</StartDate>
      <EndDate>2035-10-28</EndDate>
      <Currency>EUR</Currency>
      <Index>EUR-EURIBOR-6M</Index>
      <LongShort>Long</LongShort>
      <Strike>0.00001</Strike>
      <Notional>100000000</Notional>
    </ForwardRateAgreementData>
  </Trade>
  <Trade id="averageOIS">
    <TradeType>Swap</TradeType>
    <Envelope>
      <CounterParty>CPTY_A</CounterParty>
      <NettingSetId>CPTY_A</NettingSetId>
      <AdditionalFields/>
    </Envelope>
    <SwapData>
      <LegData>
        <Payer>false</Payer>
        <Currency>USD</Currency>
        <Notionals>
          <Notional>100000000</Notional>
        </Notionals>
        <DayCounter>A360</DayCounter>
        <PaymentConvention>MF</PaymentConvention>
        <LegType>Floating</LegType>
        <FloatingLegData>
          <Index>USD-FedFunds</Index>
          <Spreads>
            <Spread>0.000188</Spread>
          </Spreads>
          <IsAveraged>true</IsAveraged>
          <FixingDays>2</FixingDays>
        </FloatingLegData>
        <ScheduleData>
          <Rules>
            <StartDate>20160209</StartDate>
            <EndDate>20210209</EndDate>
            <Tenor>3M</Tenor>
            <Calendar>US</Calendar>
            <Convention>MF</Convention>
            <TermConvention>MF</TermConvention>
            <Rule>Backward</Rule>
            <EndOfMonth>false</EndOfMonth>
            <FirstDate/>
            <LastDate/>
          </Rules>
        </ScheduleData>
      </LegData>
      <LegData>
        <LegType>Fixed</LegType>
        <Payer>true</Payer>
        <Currency>USD</Currency>
        <Notionals>
          <Notional>100000000</Notional>
        </Notionals>
        <DayCounter>30/360</DayCounter>
        <PaymentConvention>MF</PaymentConvention>
        <FixedLegData>
          <Rates>
            <Rate>0.012404</Rate>
          </Rates>
        </FixedLegData>
        <ScheduleData>
          <Rules>
            <StartDate>20160209</StartDate>
            <EndDate>20210209</EndDate>
            <Tenor>6M</Tenor>
            <Calendar>US</Calendar>
            <Convention>MF</Convention>
            <TermConvention>MF</TermConvention>
            <Rule>Backward</Rule>
            <EndOfMonth>false</EndOfMonth>
            <FirstDate/>
            <LastDate/>
          </Rules>
        </ScheduleData>
      </LegData>
    </SwapData>
  </Trade>
  <Trade id="averageOIS1">
    <TradeType>Swap</TradeType>
    <Envelope>
      <CounterParty>CPTY_A</CounterParty>
      <NettingSetId>CPTY_A</NettingSetId>
      <AdditionalFields/>
    </Envelope>
    <SwapData>
      <LegData>
        <Payer>false</Payer>
        <Currency>USD</Currency>
        <Notionals>
          <Notional>100000000</Notional>
        </Notionals>
        <DayCounter>A360</DayCounter>
        <PaymentConvention>MF</PaymentConvention>
        <LegType>Floating</LegType>
        <FloatingLegData>
          <Index>USD-FedFunds</Index>
          <Spreads>
            <Spread>0.000188</Spread>
          </Spreads>
          <IsAveraged>true</IsAveraged>
          <FixingDays>2</FixingDays>
        </FloatingLegData>
        <ScheduleData>
          <Rules>
            <StartDate>20160209</StartDate>
            <EndDate>20210209</EndDate>
            <Tenor>3M</Tenor>
            <Calendar>US</Calendar>
            <Convention>MF</Convention>
            <TermConvention>MF</TermConvention>
            <Rule>Backward</Rule>
            <EndOfMonth>false</EndOfMonth>
            <FirstDate/>
            <LastDate/>
          </Rules>
        </ScheduleData>
      </LegData>
    </SwapData>
  </Trade>
  <Trade id="averageOIS2">
    <TradeType>Swap</TradeType>
    <Envelope>
      <CounterParty>CPTY_A</CounterParty>
      <NettingSetId>CPTY_A</NettingSetId>
      <AdditionalFields/>
    </Envelope>
    <SwapData>
      <LegData>
        <LegType>Fixed</LegType>
        <Payer>true</Payer>
        <Currency>USD</Currency>
        <Notionals>
          <Notional>100000000</Notional>
        </Notionals>
        <DayCounter>30/360</DayCounter>
        <PaymentConvention>MF</PaymentConvention>
        <FixedLegData>
          <Rates>
            <Rate>0.012404</Rate>
          </Rates>
        </FixedLegData>
        <ScheduleData>
          <Rules>
            <StartDate>20160209</StartDate>
            <EndDate>20210209</EndDate>
            <Tenor>6M</Tenor>
            <Calendar>US</Calendar>
            <Convention>MF</Convention>
            <TermConvention>MF</TermConvention>
            <Rule>Backward</Rule>
            <EndOfMonth>false</EndOfMonth>
            <FirstDate/>
            <LastDate/>
          </Rules>
        </ScheduleData>
      </LegData>
    </SwapData>
  </Trade>
</Portfolio>
