#TradeId,TradeType,Maturity,MaturityTime,NPV,NpvCurrency,NPV(Base),BaseCurrency,Notional,NotionalCurrency,Notional(Base),NettingSet,CounterParty
Swaption_1,Swaption,2036-03-03,20.073770,42583.191401,EUR,42583.191401,EUR,10000000.00,EUR,10000000.00,CPTY_A,CPTY_A
Swaption_2,Swaption,2036-03-03,20.073770,317016.223012,EUR,317016.223012,EUR,10000000.00,EUR,10000000.00,CPTY_A,CPTY_A
Swaption_3,Swaption,2036-03-03,20.073770,1578353.659588,EUR,1578353.659588,EUR,10000000.00,EUR,10000000.00,CPTY_A,CPTY_A
Swaption_4,Swaption,2036-03-03,20.073770,3071857.596330,EUR,3071857.596330,EUR,10000000.00,EUR,10000000.00,CPTY_A,CPTY_A
