#TradeId,Factor,Up/Down,Base NPV,Scenario NPV,Difference
EQ_CALL_SP5,DiscountCurve/USD/2/2Y,Up,117318.31,117294.82,-23.49
EQ_CALL_SP5,DiscountCurve/USD/2/2Y,Down,117318.31,117341.81,23.50
EQ_CALL_SP5,FXSpot/USDEUR/0/spot,Up,117318.31,118491.49,1173.18
EQ_CALL_SP5,FXSpot/USDEUR/0/spot,Down,117318.31,116145.13,-1173.18
EQ_CALL_SP5,EquitySpot/SP5/0/spot,Up,117318.31,124445.63,7127.32
EQ_CALL_SP5,EquitySpot/SP5/0/spot,Down,117318.31,110421.36,-6896.95
EQ_CALL_SP5,EquityVolatility/SP5/2/2Y/ATM,Up,117318.31,118665.05,1346.74
EQ_CALL_SP5,EquityVolatility/SP5/2/2Y/ATM,Down,117318.31,115971.55,-1346.76
EQ_PUT_SP5,DiscountCurve/USD/2/2Y,Up,-155558.62,-155527.47,31.15
EQ_PUT_SP5,DiscountCurve/USD/2/2Y,Down,-155558.62,-155589.78,-31.16
EQ_PUT_SP5,FXSpot/USDEUR/0/spot,Up,-155558.62,-157114.21,-1555.59
EQ_PUT_SP5,FXSpot/USDEUR/0/spot,Down,-155558.62,-154003.03,1555.59
EQ_PUT_SP5,EquitySpot/SP5/0/spot,Up,-155558.62,-148753.88,6804.74
EQ_PUT_SP5,EquitySpot/SP5/0/spot,Down,-155558.62,-162593.73,-7035.11
EQ_PUT_SP5,EquityVolatility/SP5/2/2Y/ATM,Up,-155558.62,-156905.36,-1346.74
EQ_PUT_SP5,EquityVolatility/SP5/2/2Y/ATM,Down,-155558.62,-154211.86,1346.76
Swaption_CALL,DiscountCurve/EUR/1/1Y,Up,417384.56,417345.39,-39.16
Swaption_CALL,DiscountCurve/EUR/2/2Y,Up,417384.56,417369.51,-15.05
Swaption_CALL,DiscountCurve/EUR/3/3Y,Up,417384.56,417366.42,-18.14
Swaption_CALL,DiscountCurve/EUR/4/5Y,Up,417384.56,417359.57,-24.98
Swaption_CALL,DiscountCurve/EUR/5/7Y,Up,417384.56,417384.30,-0.26
Swaption_CALL,DiscountCurve/EUR/6/10Y,Up,417384.56,417442.88,58.32
Swaption_CALL,DiscountCurve/EUR/7/15Y,Up,417384.56,417497.83,113.27
Swaption_CALL,DiscountCurve/EUR/8/20Y,Up,417384.56,417435.13,50.57
Swaption_CALL,DiscountCurve/EUR/1/1Y,Down,417384.56,417423.72,39.17
Swaption_CALL,DiscountCurve/EUR/2/2Y,Down,417384.56,417399.60,15.05
Swaption_CALL,DiscountCurve/EUR/3/3Y,Down,417384.56,417402.70,18.14
Swaption_CALL,DiscountCurve/EUR/4/5Y,Down,417384.56,417409.55,24.99
Swaption_CALL,DiscountCurve/EUR/5/7Y,Down,417384.56,417384.82,0.26
Swaption_CALL,DiscountCurve/EUR/6/10Y,Down,417384.56,417326.23,-58.33
Swaption_CALL,DiscountCurve/EUR/7/15Y,Down,417384.56,417271.28,-113.28
Swaption_CALL,DiscountCurve/EUR/8/20Y,Down,417384.56,417333.96,-50.59
Swaption_CALL,IndexCurve/EUR-EURIBOR-6M/1/1Y,Up,417384.56,417769.80,385.24
Swaption_CALL,IndexCurve/EUR-EURIBOR-6M/2/2Y,Up,417384.56,417441.24,56.68
Swaption_CALL,IndexCurve/EUR-EURIBOR-6M/3/3Y,Up,417384.56,417386.93,2.37
Swaption_CALL,IndexCurve/EUR-EURIBOR-6M/4/5Y,Up,417384.56,417373.16,-11.40
Swaption_CALL,IndexCurve/EUR-EURIBOR-6M/5/7Y,Up,417384.56,417318.72,-65.83
Swaption_CALL,IndexCurve/EUR-EURIBOR-6M/6/10Y,Up,417384.56,417167.58,-216.98
Swaption_CALL,IndexCurve/EUR-EURIBOR-6M/7/15Y,Up,417384.56,417056.09,-328.47
Swaption_CALL,IndexCurve/EUR-EURIBOR-6M/8/20Y,Up,417384.56,410259.30,-7125.25
Swaption_CALL,IndexCurve/EUR-EURIBOR-6M/1/1Y,Down,417384.56,416999.55,-385.00
Swaption_CALL,IndexCurve/EUR-EURIBOR-6M/2/2Y,Down,417384.56,417327.74,-56.81
Swaption_CALL,IndexCurve/EUR-EURIBOR-6M/3/3Y,Down,417384.56,417381.94,-2.62
Swaption_CALL,IndexCurve/EUR-EURIBOR-6M/4/5Y,Down,417384.56,417395.48,10.93
Swaption_CALL,IndexCurve/EUR-EURIBOR-6M/5/7Y,Down,417384.56,417449.62,65.07
Swaption_CALL,IndexCurve/EUR-EURIBOR-6M/6/10Y,Down,417384.56,417600.61,216.06
Swaption_CALL,IndexCurve/EUR-EURIBOR-6M/7/15Y,Down,417384.56,417711.59,327.04
Swaption_CALL,IndexCurve/EUR-EURIBOR-6M/8/20Y,Down,417384.56,424597.06,7212.50
Swaption_CALL,SwaptionVolatility/EUR/2/1Y/10Y/ATM,Up,417384.56,422630.23,5245.67
Swaption_CALL,SwaptionVolatility/EUR/5/5Y/10Y/ATM,Up,417384.56,417467.21,82.66
Swaption_CALL,SwaptionVolatility/EUR/2/1Y/10Y/ATM,Down,417384.56,412141.70,-5242.86
Swaption_CALL,SwaptionVolatility/EUR/5/5Y/10Y/ATM,Down,417384.56,417301.90,-82.66
Swaption_CALL,DiscountCurve/EUR/0/6M:DiscountCurve/EUR/1/1Y,Cross,417384.56,417345.39,-39.16
Swaption_CALL,DiscountCurve/EUR/0/6M:DiscountCurve/EUR/2/2Y,Cross,417384.56,417369.51,-15.05
Swaption_CALL,DiscountCurve/EUR/0/6M:DiscountCurve/EUR/3/3Y,Cross,417384.56,417366.42,-18.14
Swaption_CALL,DiscountCurve/EUR/0/6M:DiscountCurve/EUR/4/5Y,Cross,417384.56,417359.57,-24.98
Swaption_CALL,DiscountCurve/EUR/0/6M:DiscountCurve/EUR/5/7Y,Cross,417384.56,417384.30,-0.26
Swaption_CALL,DiscountCurve/EUR/0/6M:DiscountCurve/EUR/6/10Y,Cross,417384.56,417442.88,58.32
Swaption_CALL,DiscountCurve/EUR/0/6M:DiscountCurve/EUR/7/15Y,Cross,417384.56,417497.83,113.27
Swaption_CALL,DiscountCurve/EUR/0/6M:DiscountCurve/EUR/8/20Y,Cross,417384.56,417435.13,50.57
Swaption_CALL,DiscountCurve/EUR/0/6M:IndexCurve/EUR-EURIBOR-6M/1/1Y,Cross,417384.56,417769.80,385.24
Swaption_CALL,DiscountCurve/EUR/0/6M:IndexCurve/EUR-EURIBOR-6M/2/2Y,Cross,417384.56,417441.24,56.68
Swaption_CALL,DiscountCurve/EUR/0/6M:IndexCurve/EUR-EURIBOR-6M/3/3Y,Cross,417384.56,417386.93,2.37
Swaption_CALL,DiscountCurve/EUR/0/6M:IndexCurve/EUR-EURIBOR-6M/4/5Y,Cross,417384.56,417373.16,-11.40
Swaption_CALL,DiscountCurve/EUR/0/6M:IndexCurve/EUR-EURIBOR-6M/5/7Y,Cross,417384.56,417318.72,-65.83
Swaption_CALL,DiscountCurve/EUR/0/6M:IndexCurve/EUR-EURIBOR-6M/6/10Y,Cross,417384.56,417167.58,-216.98
Swaption_CALL,DiscountCurve/EUR/0/6M:IndexCurve/EUR-EURIBOR-6M/7/15Y,Cross,417384.56,417056.09,-328.47
Swaption_CALL,DiscountCurve/EUR/0/6M:IndexCurve/EUR-EURIBOR-6M/8/20Y,Cross,417384.56,410259.30,-7125.25
Swaption_CALL,DiscountCurve/EUR/1/1Y:DiscountCurve/EUR/2/2Y,Cross,417384.56,417330.35,-54.21
Swaption_CALL,DiscountCurve/EUR/1/1Y:DiscountCurve/EUR/3/3Y,Cross,417384.56,417327.26,-57.30
Swaption_CALL,DiscountCurve/EUR/1/1Y:DiscountCurve/EUR/4/5Y,Cross,417384.56,417320.41,-64.14
Swaption_CALL,DiscountCurve/EUR/1/1Y:DiscountCurve/EUR/5/7Y,Cross,417384.56,417345.14,-39.42
Swaption_CALL,DiscountCurve/EUR/1/1Y:DiscountCurve/EUR/6/10Y,Cross,417384.56,417403.71,19.16
Swaption_CALL,DiscountCurve/EUR/1/1Y:DiscountCurve/EUR/7/15Y,Cross,417384.56,417458.66,74.10
Swaption_CALL,DiscountCurve/EUR/1/1Y:DiscountCurve/EUR/8/20Y,Cross,417384.56,417395.96,11.41
Swaption_CALL,DiscountCurve/EUR/1/1Y:IndexCurve/EUR-EONIA/0/6M,Cross,417384.56,417345.39,-39.16
Swaption_CALL,DiscountCurve/EUR/1/1Y:IndexCurve/EUR-EONIA/1/1Y,Cross,417384.56,417345.39,-39.16
Swaption_CALL,DiscountCurve/EUR/1/1Y:IndexCurve/EUR-EONIA/2/2Y,Cross,417384.56,417345.39,-39.16
Swaption_CALL,DiscountCurve/EUR/1/1Y:IndexCurve/EUR-EONIA/3/3Y,Cross,417384.56,417345.39,-39.16
Swaption_CALL,DiscountCurve/EUR/1/1Y:IndexCurve/EUR-EONIA/4/5Y,Cross,417384.56,417345.39,-39.16
Swaption_CALL,DiscountCurve/EUR/1/1Y:IndexCurve/EUR-EONIA/5/7Y,Cross,417384.56,417345.39,-39.16
Swaption_CALL,DiscountCurve/EUR/1/1Y:IndexCurve/EUR-EONIA/6/10Y,Cross,417384.56,417345.39,-39.16
Swaption_CALL,DiscountCurve/EUR/1/1Y:IndexCurve/EUR-EONIA/7/15Y,Cross,417384.56,417345.39,-39.16
Swaption_CALL,DiscountCurve/EUR/1/1Y:IndexCurve/EUR-EONIA/8/20Y,Cross,417384.56,417345.39,-39.16
Swaption_CALL,DiscountCurve/EUR/1/1Y:IndexCurve/EUR-EURIBOR-3M/0/6M,Cross,417384.56,417345.39,-39.16
Swaption_CALL,DiscountCurve/EUR/1/1Y:IndexCurve/EUR-EURIBOR-3M/1/1Y,Cross,417384.56,417345.39,-39.16
Swaption_CALL,DiscountCurve/EUR/1/1Y:IndexCurve/EUR-EURIBOR-3M/2/2Y,Cross,417384.56,417345.39,-39.16
Swaption_CALL,DiscountCurve/EUR/1/1Y:IndexCurve/EUR-EURIBOR-3M/3/3Y,Cross,417384.56,417345.39,-39.16
Swaption_CALL,DiscountCurve/EUR/1/1Y:IndexCurve/EUR-EURIBOR-3M/4/5Y,Cross,417384.56,417345.39,-39.16
Swaption_CALL,DiscountCurve/EUR/1/1Y:IndexCurve/EUR-EURIBOR-3M/5/7Y,Cross,417384.56,417345.39,-39.16
Swaption_CALL,DiscountCurve/EUR/1/1Y:IndexCurve/EUR-EURIBOR-3M/6/10Y,Cross,417384.56,417345.39,-39.16
Swaption_CALL,DiscountCurve/EUR/1/1Y:IndexCurve/EUR-EURIBOR-3M/7/15Y,Cross,417384.56,417345.39,-39.16
Swaption_CALL,DiscountCurve/EUR/1/1Y:IndexCurve/EUR-EURIBOR-3M/8/20Y,Cross,417384.56,417345.39,-39.16
Swaption_CALL,DiscountCurve/EUR/1/1Y:IndexCurve/EUR-EURIBOR-6M/0/6M,Cross,417384.56,417345.39,-39.16
Swaption_CALL,DiscountCurve/EUR/1/1Y:IndexCurve/EUR-EURIBOR-6M/1/1Y,Cross,417384.56,417730.59,346.03
Swaption_CALL,DiscountCurve/EUR/1/1Y:IndexCurve/EUR-EURIBOR-6M/2/2Y,Cross,417384.56,417402.09,17.53
Swaption_CALL,DiscountCurve/EUR/1/1Y:IndexCurve/EUR-EURIBOR-6M/3/3Y,Cross,417384.56,417347.77,-36.79
Swaption_CALL,DiscountCurve/EUR/1/1Y:IndexCurve/EUR-EURIBOR-6M/4/5Y,Cross,417384.56,417334.00,-50.56
Swaption_CALL,DiscountCurve/EUR/1/1Y:IndexCurve/EUR-EURIBOR-6M/5/7Y,Cross,417384.56,417279.57,-104.99
Swaption_CALL,DiscountCurve/EUR/1/1Y:IndexCurve/EUR-EURIBOR-6M/6/10Y,Cross,417384.56,417128.44,-256.12
Swaption_CALL,DiscountCurve/EUR/1/1Y:IndexCurve/EUR-EURIBOR-6M/7/15Y,Cross,417384.56,417016.96,-367.60
Swaption_CALL,DiscountCurve/EUR/1/1Y:IndexCurve/EUR-EURIBOR-6M/8/20Y,Cross,417384.56,410220.81,-7163.75
Swaption_CALL,DiscountCurve/EUR/2/2Y:DiscountCurve/EUR/3/3Y,Cross,417384.56,417351.37,-33.18
Swaption_CALL,DiscountCurve/EUR/2/2Y:DiscountCurve/EUR/4/5Y,Cross,417384.56,417344.52,-40.03
Swaption_CALL,DiscountCurve/EUR/2/2Y:DiscountCurve/EUR/5/7Y,Cross,417384.56,417369.25,-15.31
Swaption_CALL,DiscountCurve/EUR/2/2Y:DiscountCurve/EUR/6/10Y,Cross,417384.56,417427.83,43.27
Swaption_CALL,DiscountCurve/EUR/2/2Y:DiscountCurve/EUR/7/15Y,Cross,417384.56,417482.78,98.22
Swaption_CALL,DiscountCurve/EUR/2/2Y:DiscountCurve/EUR/8/20Y,Cross,417384.56,417420.08,35.52
Swaption_CALL,DiscountCurve/EUR/2/2Y:IndexCurve/EUR-EONIA/0/6M,Cross,417384.56,417369.51,-15.05
Swaption_CALL,DiscountCurve/EUR/2/2Y:IndexCurve/EUR-EONIA/1/1Y,Cross,417384.56,417369.51,-15.05
Swaption_CALL,DiscountCurve/EUR/2/2Y:IndexCurve/EUR-EONIA/2/2Y,Cross,417384.56,417369.51,-15.05
Swaption_CALL,DiscountCurve/EUR/2/2Y:IndexCurve/EUR-EONIA/3/3Y,Cross,417384.56,417369.51,-15.05
Swaption_CALL,DiscountCurve/EUR/2/2Y:IndexCurve/EUR-EONIA/4/5Y,Cross,417384.56,417369.51,-15.05
Swaption_CALL,DiscountCurve/EUR/2/2Y:IndexCurve/EUR-EONIA/5/7Y,Cross,417384.56,417369.51,-15.05
Swaption_CALL,DiscountCurve/EUR/2/2Y:IndexCurve/EUR-EONIA/6/10Y,Cross,417384.56,417369.51,-15.05
Swaption_CALL,DiscountCurve/EUR/2/2Y:IndexCurve/EUR-EONIA/7/15Y,Cross,417384.56,417369.51,-15.05
Swaption_CALL,DiscountCurve/EUR/2/2Y:IndexCurve/EUR-EONIA/8/20Y,Cross,417384.56,417369.51,-15.05
Swaption_CALL,DiscountCurve/EUR/2/2Y:IndexCurve/EUR-EURIBOR-3M/0/6M,Cross,417384.56,417369.51,-15.05
Swaption_CALL,DiscountCurve/EUR/2/2Y:IndexCurve/EUR-EURIBOR-3M/1/1Y,Cross,417384.56,417369.51,-15.05
Swaption_CALL,DiscountCurve/EUR/2/2Y:IndexCurve/EUR-EURIBOR-3M/2/2Y,Cross,417384.56,417369.51,-15.05
Swaption_CALL,DiscountCurve/EUR/2/2Y:IndexCurve/EUR-EURIBOR-3M/3/3Y,Cross,417384.56,417369.51,-15.05
Swaption_CALL,DiscountCurve/EUR/2/2Y:IndexCurve/EUR-EURIBOR-3M/4/5Y,Cross,417384.56,417369.51,-15.05
Swaption_CALL,DiscountCurve/EUR/2/2Y:IndexCurve/EUR-EURIBOR-3M/5/7Y,Cross,417384.56,417369.51,-15.05
Swaption_CALL,DiscountCurve/EUR/2/2Y:IndexCurve/EUR-EURIBOR-3M/6/10Y,Cross,417384.56,417369.51,-15.05
Swaption_CALL,DiscountCurve/EUR/2/2Y:IndexCurve/EUR-EURIBOR-3M/7/15Y,Cross,417384.56,417369.51,-15.05
Swaption_CALL,DiscountCurve/EUR/2/2Y:IndexCurve/EUR-EURIBOR-3M/8/20Y,Cross,417384.56,417369.51,-15.05
Swaption_CALL,DiscountCurve/EUR/2/2Y:IndexCurve/EUR-EURIBOR-6M/0/6M,Cross,417384.56,417369.51,-15.05
Swaption_CALL,DiscountCurve/EUR/2/2Y:IndexCurve/EUR-EURIBOR-6M/1/1Y,Cross,417384.56,417754.69,370.13
Swaption_CALL,DiscountCurve/EUR/2/2Y:IndexCurve/EUR-EURIBOR-6M/2/2Y,Cross,417384.56,417426.26,41.70
Swaption_CALL,DiscountCurve/EUR/2/2Y:IndexCurve/EUR-EURIBOR-6M/3/3Y,Cross,417384.56,417371.95,-12.61
Swaption_CALL,DiscountCurve/EUR/2/2Y:IndexCurve/EUR-EURIBOR-6M/4/5Y,Cross,417384.56,417358.11,-26.45
Swaption_CALL,DiscountCurve/EUR/2/2Y:IndexCurve/EUR-EURIBOR-6M/5/7Y,Cross,417384.56,417303.68,-80.88
Swaption_CALL,DiscountCurve/EUR/2/2Y:IndexCurve/EUR-EURIBOR-6M/6/10Y,Cross,417384.56,417152.54,-232.02
Swaption_CALL,DiscountCurve/EUR/2/2Y:IndexCurve/EUR-EURIBOR-6M/7/15Y,Cross,417384.56,417041.05,-343.51
Swaption_CALL,DiscountCurve/EUR/2/2Y:IndexCurve/EUR-EURIBOR-6M/8/20Y,Cross,417384.56,410244.39,-7140.17
Swaption_CALL,DiscountCurve/EUR/3/3Y:DiscountCurve/EUR/4/5Y,Cross,417384.56,417341.44,-43.12
Swaption_CALL,DiscountCurve/EUR/3/3Y:DiscountCurve/EUR/5/7Y,Cross,417384.56,417366.16,-18.39
Swaption_CALL,DiscountCurve/EUR/3/3Y:DiscountCurve/EUR/6/10Y,Cross,417384.56,417424.74,40.18
Swaption_CALL,DiscountCurve/EUR/3/3Y:DiscountCurve/EUR/7/15Y,Cross,417384.56,417479.69,95.13
Swaption_CALL,DiscountCurve/EUR/3/3Y:DiscountCurve/EUR/8/20Y,Cross,417384.56,417416.99,32.43
Swaption_CALL,DiscountCurve/EUR/3/3Y:IndexCurve/EUR-EONIA/0/6M,Cross,417384.56,417366.42,-18.14
Swaption_CALL,DiscountCurve/EUR/3/3Y:IndexCurve/EUR-EONIA/1/1Y,Cross,417384.56,417366.42,-18.14
Swaption_CALL,DiscountCurve/EUR/3/3Y:IndexCurve/EUR-EONIA/2/2Y,Cross,417384.56,417366.42,-18.14
Swaption_CALL,DiscountCurve/EUR/3/3Y:IndexCurve/EUR-EONIA/3/3Y,Cross,417384.56,417366.42,-18.14
Swaption_CALL,DiscountCurve/EUR/3/3Y:IndexCurve/EUR-EONIA/4/5Y,Cross,417384.56,417366.42,-18.14
Swaption_CALL,DiscountCurve/EUR/3/3Y:IndexCurve/EUR-EONIA/5/7Y,Cross,417384.56,417366.42,-18.14
Swaption_CALL,DiscountCurve/EUR/3/3Y:IndexCurve/EUR-EONIA/6/10Y,Cross,417384.56,417366.42,-18.14
Swaption_CALL,DiscountCurve/EUR/3/3Y:IndexCurve/EUR-EONIA/7/15Y,Cross,417384.56,417366.42,-18.14
Swaption_CALL,DiscountCurve/EUR/3/3Y:IndexCurve/EUR-EONIA/8/20Y,Cross,417384.56,417366.42,-18.14
Swaption_CALL,DiscountCurve/EUR/3/3Y:IndexCurve/EUR-EURIBOR-3M/0/6M,Cross,417384.56,417366.42,-18.14
Swaption_CALL,DiscountCurve/EUR/3/3Y:IndexCurve/EUR-EURIBOR-3M/1/1Y,Cross,417384.56,417366.42,-18.14
Swaption_CALL,DiscountCurve/EUR/3/3Y:IndexCurve/EUR-EURIBOR-3M/2/2Y,Cross,417384.56,417366.42,-18.14
Swaption_CALL,DiscountCurve/EUR/3/3Y:IndexCurve/EUR-EURIBOR-3M/3/3Y,Cross,417384.56,417366.42,-18.14
Swaption_CALL,DiscountCurve/EUR/3/3Y:IndexCurve/EUR-EURIBOR-3M/4/5Y,Cross,417384.56,417366.42,-18.14
Swaption_CALL,DiscountCurve/EUR/3/3Y:IndexCurve/EUR-EURIBOR-3M/5/7Y,Cross,417384.56,417366.42,-18.14
Swaption_CALL,DiscountCurve/EUR/3/3Y:IndexCurve/EUR-EURIBOR-3M/6/10Y,Cross,417384.56,417366.42,-18.14
Swaption_CALL,DiscountCurve/EUR/3/3Y:IndexCurve/EUR-EURIBOR-3M/7/15Y,Cross,417384.56,417366.42,-18.14
Swaption_CALL,DiscountCurve/EUR/3/3Y:IndexCurve/EUR-EURIBOR-3M/8/20Y,Cross,417384.56,417366.42,-18.14
Swaption_CALL,DiscountCurve/EUR/3/3Y:IndexCurve/EUR-EURIBOR-6M/0/6M,Cross,417384.56,417366.42,-18.14
Swaption_CALL,DiscountCurve/EUR/3/3Y:IndexCurve/EUR-EURIBOR-6M/1/1Y,Cross,417384.56,417751.66,367.10
Swaption_CALL,DiscountCurve/EUR/3/3Y:IndexCurve/EUR-EURIBOR-6M/2/2Y,Cross,417384.56,417422.93,38.38
Swaption_CALL,DiscountCurve/EUR/3/3Y:IndexCurve/EUR-EURIBOR-6M/3/3Y,Cross,417384.56,417368.91,-15.64
Swaption_CALL,DiscountCurve/EUR/3/3Y:IndexCurve/EUR-EURIBOR-6M/4/5Y,Cross,417384.56,417355.26,-29.30
Swaption_CALL,DiscountCurve/EUR/3/3Y:IndexCurve/EUR-EURIBOR-6M/5/7Y,Cross,417384.56,417300.59,-83.97
Swaption_CALL,DiscountCurve/EUR/3/3Y:IndexCurve/EUR-EURIBOR-6M/6/10Y,Cross,417384.56,417149.44,-235.11
Swaption_CALL,DiscountCurve/EUR/3/3Y:IndexCurve/EUR-EURIBOR-6M/7/15Y,Cross,417384.56,417037.96,-346.60
Swaption_CALL,DiscountCurve/EUR/3/3Y:IndexCurve/EUR-EURIBOR-6M/8/20Y,Cross,417384.56,410241.21,-7143.35
Swaption_CALL,DiscountCurve/EUR/4/5Y:DiscountCurve/EUR/5/7Y,Cross,417384.56,417359.31,-25.24
Swaption_CALL,DiscountCurve/EUR/4/5Y:DiscountCurve/EUR/6/10Y,Cross,417384.56,417417.89,33.33
Swaption_CALL,DiscountCurve/EUR/4/5Y:DiscountCurve/EUR/7/15Y,Cross,417384.56,417472.84,88.28
Swaption_CALL,DiscountCurve/EUR/4/5Y:DiscountCurve/EUR/8/20Y,Cross,417384.56,417410.14,25.58
Swaption_CALL,DiscountCurve/EUR/4/5Y:IndexCurve/EUR-EONIA/0/6M,Cross,417384.56,417359.57,-24.98
Swaption_CALL,DiscountCurve/EUR/4/5Y:IndexCurve/EUR-EONIA/1/1Y,Cross,417384.56,417359.57,-24.98
Swaption_CALL,DiscountCurve/EUR/4/5Y:IndexCurve/EUR-EONIA/2/2Y,Cross,417384.56,417359.57,-24.98
Swaption_CALL,DiscountCurve/EUR/4/5Y:IndexCurve/EUR-EONIA/3/3Y,Cross,417384.56,417359.57,-24.98
Swaption_CALL,DiscountCurve/EUR/4/5Y:IndexCurve/EUR-EONIA/4/5Y,Cross,417384.56,417359.57,-24.98
Swaption_CALL,DiscountCurve/EUR/4/5Y:IndexCurve/EUR-EONIA/5/7Y,Cross,417384.56,417359.57,-24.98
Swaption_CALL,DiscountCurve/EUR/4/5Y:IndexCurve/EUR-EONIA/6/10Y,Cross,417384.56,417359.57,-24.98
Swaption_CALL,DiscountCurve/EUR/4/5Y:IndexCurve/EUR-EONIA/7/15Y,Cross,417384.56,417359.57,-24.98
Swaption_CALL,DiscountCurve/EUR/4/5Y:IndexCurve/EUR-EONIA/8/20Y,Cross,417384.56,417359.57,-24.98
Swaption_CALL,DiscountCurve/EUR/4/5Y:IndexCurve/EUR-EURIBOR-3M/0/6M,Cross,417384.56,417359.57,-24.98
Swaption_CALL,DiscountCurve/EUR/4/5Y:IndexCurve/EUR-EURIBOR-3M/1/1Y,Cross,417384.56,417359.57,-24.98
Swaption_CALL,DiscountCurve/EUR/4/5Y:IndexCurve/EUR-EURIBOR-3M/2/2Y,Cross,417384.56,417359.57,-24.98
Swaption_CALL,DiscountCurve/EUR/4/5Y:IndexCurve/EUR-EURIBOR-3M/3/3Y,Cross,417384.56,417359.57,-24.98
Swaption_CALL,DiscountCurve/EUR/4/5Y:IndexCurve/EUR-EURIBOR-3M/4/5Y,Cross,417384.56,417359.57,-24.98
Swaption_CALL,DiscountCurve/EUR/4/5Y:IndexCurve/EUR-EURIBOR-3M/5/7Y,Cross,417384.56,417359.57,-24.98
Swaption_CALL,DiscountCurve/EUR/4/5Y:IndexCurve/EUR-EURIBOR-3M/6/10Y,Cross,417384.56,417359.57,-24.98
Swaption_CALL,DiscountCurve/EUR/4/5Y:IndexCurve/EUR-EURIBOR-3M/7/15Y,Cross,417384.56,417359.57,-24.98
Swaption_CALL,DiscountCurve/EUR/4/5Y:IndexCurve/EUR-EURIBOR-3M/8/20Y,Cross,417384.56,417359.57,-24.98
Swaption_CALL,DiscountCurve/EUR/4/5Y:IndexCurve/EUR-EURIBOR-6M/0/6M,Cross,417384.56,417359.57,-24.98
Swaption_CALL,DiscountCurve/EUR/4/5Y:IndexCurve/EUR-EURIBOR-6M/1/1Y,Cross,417384.56,417744.82,360.26
Swaption_CALL,DiscountCurve/EUR/4/5Y:IndexCurve/EUR-EURIBOR-6M/2/2Y,Cross,417384.56,417416.25,31.69
Swaption_CALL,DiscountCurve/EUR/4/5Y:IndexCurve/EUR-EURIBOR-6M/3/3Y,Cross,417384.56,417361.57,-22.98
Swaption_CALL,DiscountCurve/EUR/4/5Y:IndexCurve/EUR-EURIBOR-6M/4/5Y,Cross,417384.56,417348.41,-36.14
Swaption_CALL,DiscountCurve/EUR/4/5Y:IndexCurve/EUR-EURIBOR-6M/5/7Y,Cross,417384.56,417294.29,-90.26
Swaption_CALL,DiscountCurve/EUR/4/5Y:IndexCurve/EUR-EURIBOR-6M/6/10Y,Cross,417384.56,417142.59,-241.96
Swaption_CALL,DiscountCurve/EUR/4/5Y:IndexCurve/EUR-EURIBOR-6M/7/15Y,Cross,417384.56,417031.10,-353.45
Swaption_CALL,DiscountCurve/EUR/4/5Y:IndexCurve/EUR-EURIBOR-6M/8/20Y,Cross,417384.56,410234.22,-7150.33
Swaption_CALL,DiscountCurve/EUR/5/7Y:DiscountCurve/EUR/6/10Y,Cross,417384.56,417442.62,58.07
Swaption_CALL,DiscountCurve/EUR/5/7Y:DiscountCurve/EUR/7/15Y,Cross,417384.56,417497.58,113.03
Swaption_CALL,DiscountCurve/EUR/5/7Y:DiscountCurve/EUR/8/20Y,Cross,417384.56,417434.88,50.32
Swaption_CALL,DiscountCurve/EUR/5/7Y:IndexCurve/EUR-EONIA/0/6M,Cross,417384.56,417384.30,-0.26
Swaption_CALL,DiscountCurve/EUR/5/7Y:IndexCurve/EUR-EONIA/1/1Y,Cross,417384.56,417384.30,-0.26
Swaption_CALL,DiscountCurve/EUR/5/7Y:IndexCurve/EUR-EONIA/2/2Y,Cross,417384.56,417384.30,-0.26
Swaption_CALL,DiscountCurve/EUR/5/7Y:IndexCurve/EUR-EONIA/3/3Y,Cross,417384.56,417384.30,-0.26
Swaption_CALL,DiscountCurve/EUR/5/7Y:IndexCurve/EUR-EONIA/4/5Y,Cross,417384.56,417384.30,-0.26
Swaption_CALL,DiscountCurve/EUR/5/7Y:IndexCurve/EUR-EONIA/5/7Y,Cross,417384.56,417384.30,-0.26
Swaption_CALL,DiscountCurve/EUR/5/7Y:IndexCurve/EUR-EONIA/6/10Y,Cross,417384.56,417384.30,-0.26
Swaption_CALL,DiscountCurve/EUR/5/7Y:IndexCurve/EUR-EONIA/7/15Y,Cross,417384.56,417384.30,-0.26
Swaption_CALL,DiscountCurve/EUR/5/7Y:IndexCurve/EUR-EONIA/8/20Y,Cross,417384.56,417384.30,-0.26
Swaption_CALL,DiscountCurve/EUR/5/7Y:IndexCurve/EUR-EURIBOR-3M/0/6M,Cross,417384.56,417384.30,-0.26
Swaption_CALL,DiscountCurve/EUR/5/7Y:IndexCurve/EUR-EURIBOR-3M/1/1Y,Cross,417384.56,417384.30,-0.26
Swaption_CALL,DiscountCurve/EUR/5/7Y:IndexCurve/EUR-EURIBOR-3M/2/2Y,Cross,417384.56,417384.30,-0.26
Swaption_CALL,DiscountCurve/EUR/5/7Y:IndexCurve/EUR-EURIBOR-3M/3/3Y,Cross,417384.56,417384.30,-0.26
Swaption_CALL,DiscountCurve/EUR/5/7Y:IndexCurve/EUR-EURIBOR-3M/4/5Y,Cross,417384.56,417384.30,-0.26
Swaption_CALL,DiscountCurve/EUR/5/7Y:IndexCurve/EUR-EURIBOR-3M/5/7Y,Cross,417384.56,417384.30,-0.26
Swaption_CALL,DiscountCurve/EUR/5/7Y:IndexCurve/EUR-EURIBOR-3M/6/10Y,Cross,417384.56,417384.30,-0.26
Swaption_CALL,DiscountCurve/EUR/5/7Y:IndexCurve/EUR-EURIBOR-3M/7/15Y,Cross,417384.56,417384.30,-0.26
Swaption_CALL,DiscountCurve/EUR/5/7Y:IndexCurve/EUR-EURIBOR-3M/8/20Y,Cross,417384.56,417384.30,-0.26
Swaption_CALL,DiscountCurve/EUR/5/7Y:IndexCurve/EUR-EURIBOR-6M/0/6M,Cross,417384.56,417384.30,-0.26
Swaption_CALL,DiscountCurve/EUR/5/7Y:IndexCurve/EUR-EURIBOR-6M/1/1Y,Cross,417384.56,417769.58,385.02
Swaption_CALL,DiscountCurve/EUR/5/7Y:IndexCurve/EUR-EURIBOR-6M/2/2Y,Cross,417384.56,417440.99,56.43
Swaption_CALL,DiscountCurve/EUR/5/7Y:IndexCurve/EUR-EURIBOR-6M/3/3Y,Cross,417384.56,417386.67,2.11
Swaption_CALL,DiscountCurve/EUR/5/7Y:IndexCurve/EUR-EURIBOR-6M/4/5Y,Cross,417384.56,417372.03,-12.53
Swaption_CALL,DiscountCurve/EUR/5/7Y:IndexCurve/EUR-EURIBOR-6M/5/7Y,Cross,417384.56,417318.86,-65.69
Swaption_CALL,DiscountCurve/EUR/5/7Y:IndexCurve/EUR-EURIBOR-6M/6/10Y,Cross,417384.56,417168.49,-216.06
Swaption_CALL,DiscountCurve/EUR/5/7Y:IndexCurve/EUR-EURIBOR-6M/7/15Y,Cross,417384.56,417055.80,-328.75
Swaption_CALL,DiscountCurve/EUR/5/7Y:IndexCurve/EUR-EURIBOR-6M/8/20Y,Cross,417384.56,410258.36,-7126.20
Swaption_CALL,DiscountCurve/EUR/6/10Y:DiscountCurve/EUR/7/15Y,Cross,417384.56,417556.19,171.63
Swaption_CALL,DiscountCurve/EUR/6/10Y:DiscountCurve/EUR/8/20Y,Cross,417384.56,417493.48,108.93
Swaption_CALL,DiscountCurve/EUR/6/10Y:IndexCurve/EUR-EONIA/0/6M,Cross,417384.56,417442.88,58.32
Swaption_CALL,DiscountCurve/EUR/6/10Y:IndexCurve/EUR-EONIA/1/1Y,Cross,417384.56,417442.88,58.32
Swaption_CALL,DiscountCurve/EUR/6/10Y:IndexCurve/EUR-EONIA/2/2Y,Cross,417384.56,417442.88,58.32
Swaption_CALL,DiscountCurve/EUR/6/10Y:IndexCurve/EUR-EONIA/3/3Y,Cross,417384.56,417442.88,58.32
Swaption_CALL,DiscountCurve/EUR/6/10Y:IndexCurve/EUR-EONIA/4/5Y,Cross,417384.56,417442.88,58.32
Swaption_CALL,DiscountCurve/EUR/6/10Y:IndexCurve/EUR-EONIA/5/7Y,Cross,417384.56,417442.88,58.32
Swaption_CALL,DiscountCurve/EUR/6/10Y:IndexCurve/EUR-EONIA/6/10Y,Cross,417384.56,417442.88,58.32
Swaption_CALL,DiscountCurve/EUR/6/10Y:IndexCurve/EUR-EONIA/7/15Y,Cross,417384.56,417442.88,58.32
Swaption_CALL,DiscountCurve/EUR/6/10Y:IndexCurve/EUR-EONIA/8/20Y,Cross,417384.56,417442.88,58.32
Swaption_CALL,DiscountCurve/EUR/6/10Y:IndexCurve/EUR-EURIBOR-3M/0/6M,Cross,417384.56,417442.88,58.32
Swaption_CALL,DiscountCurve/EUR/6/10Y:IndexCurve/EUR-EURIBOR-3M/1/1Y,Cross,417384.56,417442.88,58.32
Swaption_CALL,DiscountCurve/EUR/6/10Y:IndexCurve/EUR-EURIBOR-3M/2/2Y,Cross,417384.56,417442.88,58.32
Swaption_CALL,DiscountCurve/EUR/6/10Y:IndexCurve/EUR-EURIBOR-3M/3/3Y,Cross,417384.56,417442.88,58.32
Swaption_CALL,DiscountCurve/EUR/6/10Y:IndexCurve/EUR-EURIBOR-3M/4/5Y,Cross,417384.56,417442.88,58.32
Swaption_CALL,DiscountCurve/EUR/6/10Y:IndexCurve/EUR-EURIBOR-3M/5/7Y,Cross,417384.56,417442.88,58.32
Swaption_CALL,DiscountCurve/EUR/6/10Y:IndexCurve/EUR-EURIBOR-3M/6/10Y,Cross,417384.56,417442.88,58.32
Swaption_CALL,DiscountCurve/EUR/6/10Y:IndexCurve/EUR-EURIBOR-3M/7/15Y,Cross,417384.56,417442.88,58.32
Swaption_CALL,DiscountCurve/EUR/6/10Y:IndexCurve/EUR-EURIBOR-3M/8/20Y,Cross,417384.56,417442.88,58.32
Swaption_CALL,DiscountCurve/EUR/6/10Y:IndexCurve/EUR-EURIBOR-6M/0/6M,Cross,417384.56,417442.88,58.32
Swaption_CALL,DiscountCurve/EUR/6/10Y:IndexCurve/EUR-EURIBOR-6M/1/1Y,Cross,417384.56,417828.24,443.69
Swaption_CALL,DiscountCurve/EUR/6/10Y:IndexCurve/EUR-EURIBOR-6M/2/2Y,Cross,417384.56,417499.58,115.02
Swaption_CALL,DiscountCurve/EUR/6/10Y:IndexCurve/EUR-EURIBOR-6M/3/3Y,Cross,417384.56,417445.25,60.70
Swaption_CALL,DiscountCurve/EUR/6/10Y:IndexCurve/EUR-EURIBOR-6M/4/5Y,Cross,417384.56,417431.47,46.91
Swaption_CALL,DiscountCurve/EUR/6/10Y:IndexCurve/EUR-EURIBOR-6M/5/7Y,Cross,417384.56,417375.42,-9.14
Swaption_CALL,DiscountCurve/EUR/6/10Y:IndexCurve/EUR-EURIBOR-6M/6/10Y,Cross,417384.56,417226.41,-158.15
Swaption_CALL,DiscountCurve/EUR/6/10Y:IndexCurve/EUR-EURIBOR-6M/7/15Y,Cross,417384.56,417116.92,-267.64
Swaption_CALL,DiscountCurve/EUR/6/10Y:IndexCurve/EUR-EURIBOR-6M/8/20Y,Cross,417384.56,410315.39,-7069.17
Swaption_CALL,DiscountCurve/EUR/7/15Y:DiscountCurve/EUR/8/20Y,Cross,417384.56,417548.43,163.87
Swaption_CALL,DiscountCurve/EUR/7/15Y:IndexCurve/EUR-EONIA/0/6M,Cross,417384.56,417497.83,113.27
Swaption_CALL,DiscountCurve/EUR/7/15Y:IndexCurve/EUR-EONIA/1/1Y,Cross,417384.56,417497.83,113.27
Swaption_CALL,DiscountCurve/EUR/7/15Y:IndexCurve/EUR-EONIA/2/2Y,Cross,417384.56,417497.83,113.27
Swaption_CALL,DiscountCurve/EUR/7/15Y:IndexCurve/EUR-EONIA/3/3Y,Cross,417384.56,417497.83,113.27
Swaption_CALL,DiscountCurve/EUR/7/15Y:IndexCurve/EUR-EONIA/4/5Y,Cross,417384.56,417497.83,113.27
Swaption_CALL,DiscountCurve/EUR/7/15Y:IndexCurve/EUR-EONIA/5/7Y,Cross,417384.56,417497.83,113.27
Swaption_CALL,DiscountCurve/EUR/7/15Y:IndexCurve/EUR-EONIA/6/10Y,Cross,417384.56,417497.83,113.27
Swaption_CALL,DiscountCurve/EUR/7/15Y:IndexCurve/EUR-EONIA/7/15Y,Cross,417384.56,417497.83,113.27
Swaption_CALL,DiscountCurve/EUR/7/15Y:IndexCurve/EUR-EONIA/8/20Y,Cross,417384.56,417497.83,113.27
Swaption_CALL,DiscountCurve/EUR/7/15Y:IndexCurve/EUR-EURIBOR-3M/0/6M,Cross,417384.56,417497.83,113.27
Swaption_CALL,DiscountCurve/EUR/7/15Y:IndexCurve/EUR-EURIBOR-3M/1/1Y,Cross,417384.56,417497.83,113.27
Swaption_CALL,DiscountCurve/EUR/7/15Y:IndexCurve/EUR-EURIBOR-3M/2/2Y,Cross,417384.56,417497.83,113.27
Swaption_CALL,DiscountCurve/EUR/7/15Y:IndexCurve/EUR-EURIBOR-3M/3/3Y,Cross,417384.56,417497.83,113.27
Swaption_CALL,DiscountCurve/EUR/7/15Y:IndexCurve/EUR-EURIBOR-3M/4/5Y,Cross,417384.56,417497.83,113.27
Swaption_CALL,DiscountCurve/EUR/7/15Y:IndexCurve/EUR-EURIBOR-3M/5/7Y,Cross,417384.56,417497.83,113.27
Swaption_CALL,DiscountCurve/EUR/7/15Y:IndexCurve/EUR-EURIBOR-3M/6/10Y,Cross,417384.56,417497.83,113.27
Swaption_CALL,DiscountCurve/EUR/7/15Y:IndexCurve/EUR-EURIBOR-3M/7/15Y,Cross,417384.56,417497.83,113.27
Swaption_CALL,DiscountCurve/EUR/7/15Y:IndexCurve/EUR-EURIBOR-3M/8/20Y,Cross,417384.56,417497.83,113.27
Swaption_CALL,DiscountCurve/EUR/7/15Y:IndexCurve/EUR-EURIBOR-6M/0/6M,Cross,417384.56,417497.83,113.27
Swaption_CALL,DiscountCurve/EUR/7/15Y:IndexCurve/EUR-EURIBOR-6M/1/1Y,Cross,417384.56,417883.29,498.74
Swaption_CALL,DiscountCurve/EUR/7/15Y:IndexCurve/EUR-EURIBOR-6M/2/2Y,Cross,417384.56,417554.54,169.99
Swaption_CALL,DiscountCurve/EUR/7/15Y:IndexCurve/EUR-EURIBOR-6M/3/3Y,Cross,417384.56,417500.20,115.65
Swaption_CALL,DiscountCurve/EUR/7/15Y:IndexCurve/EUR-EURIBOR-6M/4/5Y,Cross,417384.56,417486.42,101.87
Swaption_CALL,DiscountCurve/EUR/7/15Y:IndexCurve/EUR-EURIBOR-6M/5/7Y,Cross,417384.56,417431.95,47.40
Swaption_CALL,DiscountCurve/EUR/7/15Y:IndexCurve/EUR-EURIBOR-6M/6/10Y,Cross,417384.56,417277.65,-106.90
Swaption_CALL,DiscountCurve/EUR/7/15Y:IndexCurve/EUR-EURIBOR-6M/7/15Y,Cross,417384.56,417170.19,-214.37
Swaption_CALL,DiscountCurve/EUR/7/15Y:IndexCurve/EUR-EURIBOR-6M/8/20Y,Cross,417384.56,410373.30,-7011.26
Swaption_CALL,DiscountCurve/EUR/8/20Y:IndexCurve/EUR-EONIA/0/6M,Cross,417384.56,417435.13,50.57
Swaption_CALL,DiscountCurve/EUR/8/20Y:IndexCurve/EUR-EONIA/1/1Y,Cross,417384.56,417435.13,50.57
Swaption_CALL,DiscountCurve/EUR/8/20Y:IndexCurve/EUR-EONIA/2/2Y,Cross,417384.56,417435.13,50.57
Swaption_CALL,DiscountCurve/EUR/8/20Y:IndexCurve/EUR-EONIA/3/3Y,Cross,417384.56,417435.13,50.57
Swaption_CALL,DiscountCurve/EUR/8/20Y:IndexCurve/EUR-EONIA/4/5Y,Cross,417384.56,417435.13,50.57
Swaption_CALL,DiscountCurve/EUR/8/20Y:IndexCurve/EUR-EONIA/5/7Y,Cross,417384.56,417435.13,50.57
Swaption_CALL,DiscountCurve/EUR/8/20Y:IndexCurve/EUR-EONIA/6/10Y,Cross,417384.56,417435.13,50.57
Swaption_CALL,DiscountCurve/EUR/8/20Y:IndexCurve/EUR-EONIA/7/15Y,Cross,417384.56,417435.13,50.57
Swaption_CALL,DiscountCurve/EUR/8/20Y:IndexCurve/EUR-EONIA/8/20Y,Cross,417384.56,417435.13,50.57
Swaption_CALL,DiscountCurve/EUR/8/20Y:IndexCurve/EUR-EURIBOR-3M/0/6M,Cross,417384.56,417435.13,50.57
Swaption_CALL,DiscountCurve/EUR/8/20Y:IndexCurve/EUR-EURIBOR-3M/1/1Y,Cross,417384.56,417435.13,50.57
Swaption_CALL,DiscountCurve/EUR/8/20Y:IndexCurve/EUR-EURIBOR-3M/2/2Y,Cross,417384.56,417435.13,50.57
Swaption_CALL,DiscountCurve/EUR/8/20Y:IndexCurve/EUR-EURIBOR-3M/3/3Y,Cross,417384.56,417435.13,50.57
Swaption_CALL,DiscountCurve/EUR/8/20Y:IndexCurve/EUR-EURIBOR-3M/4/5Y,Cross,417384.56,417435.13,50.57
Swaption_CALL,DiscountCurve/EUR/8/20Y:IndexCurve/EUR-EURIBOR-3M/5/7Y,Cross,417384.56,417435.13,50.57
Swaption_CALL,DiscountCurve/EUR/8/20Y:IndexCurve/EUR-EURIBOR-3M/6/10Y,Cross,417384.56,417435.13,50.57
Swaption_CALL,DiscountCurve/EUR/8/20Y:IndexCurve/EUR-EURIBOR-3M/7/15Y,Cross,417384.56,417435.13,50.57
Swaption_CALL,DiscountCurve/EUR/8/20Y:IndexCurve/EUR-EURIBOR-3M/8/20Y,Cross,417384.56,417435.13,50.57
Swaption_CALL,DiscountCurve/EUR/8/20Y:IndexCurve/EUR-EURIBOR-6M/0/6M,Cross,417384.56,417435.13,50.57
Swaption_CALL,DiscountCurve/EUR/8/20Y:IndexCurve/EUR-EURIBOR-6M/1/1Y,Cross,417384.56,417820.52,435.96
Swaption_CALL,DiscountCurve/EUR/8/20Y:IndexCurve/EUR-EURIBOR-6M/2/2Y,Cross,417384.56,417491.83,107.28
Swaption_CALL,DiscountCurve/EUR/8/20Y:IndexCurve/EUR-EURIBOR-6M/3/3Y,Cross,417384.56,417437.50,52.95
Swaption_CALL,DiscountCurve/EUR/8/20Y:IndexCurve/EUR-EURIBOR-6M/4/5Y,Cross,417384.56,417423.72,39.17
Swaption_CALL,DiscountCurve/EUR/8/20Y:IndexCurve/EUR-EURIBOR-6M/5/7Y,Cross,417384.56,417369.27,-15.28
Swaption_CALL,DiscountCurve/EUR/8/20Y:IndexCurve/EUR-EURIBOR-6M/6/10Y,Cross,417384.56,417218.06,-166.50
Swaption_CALL,DiscountCurve/EUR/8/20Y:IndexCurve/EUR-EURIBOR-6M/7/15Y,Cross,417384.56,417100.63,-283.93
Swaption_CALL,DiscountCurve/EUR/8/20Y:IndexCurve/EUR-EURIBOR-6M/8/20Y,Cross,417384.56,410314.97,-7069.58
Swaption_CALL,IndexCurve/EUR-EONIA/0/6M:IndexCurve/EUR-EURIBOR-6M/1/1Y,Cross,417384.56,417769.80,385.24
Swaption_CALL,IndexCurve/EUR-EONIA/0/6M:IndexCurve/EUR-EURIBOR-6M/2/2Y,Cross,417384.56,417441.24,56.68
Swaption_CALL,IndexCurve/EUR-EONIA/0/6M:IndexCurve/EUR-EURIBOR-6M/3/3Y,Cross,417384.56,417386.93,2.37
Swaption_CALL,IndexCurve/EUR-EONIA/0/6M:IndexCurve/EUR-EURIBOR-6M/4/5Y,Cross,417384.56,417373.16,-11.40
Swaption_CALL,IndexCurve/EUR-EONIA/0/6M:IndexCurve/EUR-EURIBOR-6M/5/7Y,Cross,417384.56,417318.72,-65.83
Swaption_CALL,IndexCurve/EUR-EONIA/0/6M:IndexCurve/EUR-EURIBOR-6M/6/10Y,Cross,417384.56,417167.58,-216.98
Swaption_CALL,IndexCurve/EUR-EONIA/0/6M:IndexCurve/EUR-EURIBOR-6M/7/15Y,Cross,417384.56,417056.09,-328.47
Swaption_CALL,IndexCurve/EUR-EONIA/0/6M:IndexCurve/EUR-EURIBOR-6M/8/20Y,Cross,417384.56,410259.30,-7125.25
Swaption_CALL,IndexCurve/EUR-EONIA/1/1Y:IndexCurve/EUR-EURIBOR-6M/1/1Y,Cross,417384.56,417769.80,385.24
Swaption_CALL,IndexCurve/EUR-EONIA/1/1Y:IndexCurve/EUR-EURIBOR-6M/2/2Y,Cross,417384.56,417441.24,56.68
Swaption_CALL,IndexCurve/EUR-EONIA/1/1Y:IndexCurve/EUR-EURIBOR-6M/3/3Y,Cross,417384.56,417386.93,2.37
Swaption_CALL,IndexCurve/EUR-EONIA/1/1Y:IndexCurve/EUR-EURIBOR-6M/4/5Y,Cross,417384.56,417373.16,-11.40
Swaption_CALL,IndexCurve/EUR-EONIA/1/1Y:IndexCurve/EUR-EURIBOR-6M/5/7Y,Cross,417384.56,417318.72,-65.83
Swaption_CALL,IndexCurve/EUR-EONIA/1/1Y:IndexCurve/EUR-EURIBOR-6M/6/10Y,Cross,417384.56,417167.58,-216.98
Swaption_CALL,IndexCurve/EUR-EONIA/1/1Y:IndexCurve/EUR-EURIBOR-6M/7/15Y,Cross,417384.56,417056.09,-328.47
Swaption_CALL,IndexCurve/EUR-EONIA/1/1Y:IndexCurve/EUR-EURIBOR-6M/8/20Y,Cross,417384.56,410259.30,-7125.25
Swaption_CALL,IndexCurve/EUR-EONIA/2/2Y:IndexCurve/EUR-EURIBOR-6M/1/1Y,Cross,417384.56,417769.80,385.24
Swaption_CALL,IndexCurve/EUR-EONIA/2/2Y:IndexCurve/EUR-EURIBOR-6M/2/2Y,Cross,417384.56,417441.24,56.68
Swaption_CALL,IndexCurve/EUR-EONIA/2/2Y:IndexCurve/EUR-EURIBOR-6M/3/3Y,Cross,417384.56,417386.93,2.37
Swaption_CALL,IndexCurve/EUR-EONIA/2/2Y:IndexCurve/EUR-EURIBOR-6M/4/5Y,Cross,417384.56,417373.16,-11.40
Swaption_CALL,IndexCurve/EUR-EONIA/2/2Y:IndexCurve/EUR-EURIBOR-6M/5/7Y,Cross,417384.56,417318.72,-65.83
Swaption_CALL,IndexCurve/EUR-EONIA/2/2Y:IndexCurve/EUR-EURIBOR-6M/6/10Y,Cross,417384.56,417167.58,-216.98
Swaption_CALL,IndexCurve/EUR-EONIA/2/2Y:IndexCurve/EUR-EURIBOR-6M/7/15Y,Cross,417384.56,417056.09,-328.47
Swaption_CALL,IndexCurve/EUR-EONIA/2/2Y:IndexCurve/EUR-EURIBOR-6M/8/20Y,Cross,417384.56,410259.30,-7125.25
Swaption_CALL,IndexCurve/EUR-EONIA/3/3Y:IndexCurve/EUR-EURIBOR-6M/1/1Y,Cross,417384.56,417769.80,385.24
Swaption_CALL,IndexCurve/EUR-EONIA/3/3Y:IndexCurve/EUR-EURIBOR-6M/2/2Y,Cross,417384.56,417441.24,56.68
Swaption_CALL,IndexCurve/EUR-EONIA/3/3Y:IndexCurve/EUR-EURIBOR-6M/3/3Y,Cross,417384.56,417386.93,2.37
Swaption_CALL,IndexCurve/EUR-EONIA/3/3Y:IndexCurve/EUR-EURIBOR-6M/4/5Y,Cross,417384.56,417373.16,-11.40
Swaption_CALL,IndexCurve/EUR-EONIA/3/3Y:IndexCurve/EUR-EURIBOR-6M/5/7Y,Cross,417384.56,417318.72,-65.83
Swaption_CALL,IndexCurve/EUR-EONIA/3/3Y:IndexCurve/EUR-EURIBOR-6M/6/10Y,Cross,417384.56,417167.58,-216.98
Swaption_CALL,IndexCurve/EUR-EONIA/3/3Y:IndexCurve/EUR-EURIBOR-6M/7/15Y,Cross,417384.56,417056.09,-328.47
Swaption_CALL,IndexCurve/EUR-EONIA/3/3Y:IndexCurve/EUR-EURIBOR-6M/8/20Y,Cross,417384.56,410259.30,-7125.25
Swaption_CALL,IndexCurve/EUR-EONIA/4/5Y:IndexCurve/EUR-EURIBOR-6M/1/1Y,Cross,417384.56,417769.80,385.24
Swaption_CALL,IndexCurve/EUR-EONIA/4/5Y:IndexCurve/EUR-EURIBOR-6M/2/2Y,Cross,417384.56,417441.24,56.68
Swaption_CALL,IndexCurve/EUR-EONIA/4/5Y:IndexCurve/EUR-EURIBOR-6M/3/3Y,Cross,417384.56,417386.93,2.37
Swaption_CALL,IndexCurve/EUR-EONIA/4/5Y:IndexCurve/EUR-EURIBOR-6M/4/5Y,Cross,417384.56,417373.16,-11.40
Swaption_CALL,IndexCurve/EUR-EONIA/4/5Y:IndexCurve/EUR-EURIBOR-6M/5/7Y,Cross,417384.56,417318.72,-65.83
Swaption_CALL,IndexCurve/EUR-EONIA/4/5Y:IndexCurve/EUR-EURIBOR-6M/6/10Y,Cross,417384.56,417167.58,-216.98
Swaption_CALL,IndexCurve/EUR-EONIA/4/5Y:IndexCurve/EUR-EURIBOR-6M/7/15Y,Cross,417384.56,417056.09,-328.47
Swaption_CALL,IndexCurve/EUR-EONIA/4/5Y:IndexCurve/EUR-EURIBOR-6M/8/20Y,Cross,417384.56,410259.30,-7125.25
Swaption_CALL,IndexCurve/EUR-EONIA/5/7Y:IndexCurve/EUR-EURIBOR-6M/1/1Y,Cross,417384.56,417769.80,385.24
Swaption_CALL,IndexCurve/EUR-EONIA/5/7Y:IndexCurve/EUR-EURIBOR-6M/2/2Y,Cross,417384.56,417441.24,56.68
Swaption_CALL,IndexCurve/EUR-EONIA/5/7Y:IndexCurve/EUR-EURIBOR-6M/3/3Y,Cross,417384.56,417386.93,2.37
Swaption_CALL,IndexCurve/EUR-EONIA/5/7Y:IndexCurve/EUR-EURIBOR-6M/4/5Y,Cross,417384.56,417373.16,-11.40
Swaption_CALL,IndexCurve/EUR-EONIA/5/7Y:IndexCurve/EUR-EURIBOR-6M/5/7Y,Cross,417384.56,417318.72,-65.83
Swaption_CALL,IndexCurve/EUR-EONIA/5/7Y:IndexCurve/EUR-EURIBOR-6M/6/10Y,Cross,417384.56,417167.58,-216.98
Swaption_CALL,IndexCurve/EUR-EONIA/5/7Y:IndexCurve/EUR-EURIBOR-6M/7/15Y,Cross,417384.56,417056.09,-328.47
Swaption_CALL,IndexCurve/EUR-EONIA/5/7Y:IndexCurve/EUR-EURIBOR-6M/8/20Y,Cross,417384.56,410259.30,-7125.25
Swaption_CALL,IndexCurve/EUR-EONIA/6/10Y:IndexCurve/EUR-EURIBOR-6M/1/1Y,Cross,417384.56,417769.80,385.24
Swaption_CALL,IndexCurve/EUR-EONIA/6/10Y:IndexCurve/EUR-EURIBOR-6M/2/2Y,Cross,417384.56,417441.24,56.68
Swaption_CALL,IndexCurve/EUR-EONIA/6/10Y:IndexCurve/EUR-EURIBOR-6M/3/3Y,Cross,417384.56,417386.93,2.37
Swaption_CALL,IndexCurve/EUR-EONIA/6/10Y:IndexCurve/EUR-EURIBOR-6M/4/5Y,Cross,417384.56,417373.16,-11.40
Swaption_CALL,IndexCurve/EUR-EONIA/6/10Y:IndexCurve/EUR-EURIBOR-6M/5/7Y,Cross,417384.56,417318.72,-65.83
Swaption_CALL,IndexCurve/EUR-EONIA/6/10Y:IndexCurve/EUR-EURIBOR-6M/6/10Y,Cross,417384.56,417167.58,-216.98
Swaption_CALL,IndexCurve/EUR-EONIA/6/10Y:IndexCurve/EUR-EURIBOR-6M/7/15Y,Cross,417384.56,417056.09,-328.47
Swaption_CALL,IndexCurve/EUR-EONIA/6/10Y:IndexCurve/EUR-EURIBOR-6M/8/20Y,Cross,417384.56,410259.30,-7125.25
Swaption_CALL,IndexCurve/EUR-EONIA/7/15Y:IndexCurve/EUR-EURIBOR-6M/1/1Y,Cross,417384.56,417769.80,385.24
Swaption_CALL,IndexCurve/EUR-EONIA/7/15Y:IndexCurve/EUR-EURIBOR-6M/2/2Y,Cross,417384.56,417441.24,56.68
Swaption_CALL,IndexCurve/EUR-EONIA/7/15Y:IndexCurve/EUR-EURIBOR-6M/3/3Y,Cross,417384.56,417386.93,2.37
Swaption_CALL,IndexCurve/EUR-EONIA/7/15Y:IndexCurve/EUR-EURIBOR-6M/4/5Y,Cross,417384.56,417373.16,-11.40
Swaption_CALL,IndexCurve/EUR-EONIA/7/15Y:IndexCurve/EUR-EURIBOR-6M/5/7Y,Cross,417384.56,417318.72,-65.83
Swaption_CALL,IndexCurve/EUR-EONIA/7/15Y:IndexCurve/EUR-EURIBOR-6M/6/10Y,Cross,417384.56,417167.58,-216.98
Swaption_CALL,IndexCurve/EUR-EONIA/7/15Y:IndexCurve/EUR-EURIBOR-6M/7/15Y,Cross,417384.56,417056.09,-328.47
Swaption_CALL,IndexCurve/EUR-EONIA/7/15Y:IndexCurve/EUR-EURIBOR-6M/8/20Y,Cross,417384.56,410259.30,-7125.25
Swaption_CALL,IndexCurve/EUR-EONIA/8/20Y:IndexCurve/EUR-EURIBOR-6M/1/1Y,Cross,417384.56,417769.80,385.24
Swaption_CALL,IndexCurve/EUR-EONIA/8/20Y:IndexCurve/EUR-EURIBOR-6M/2/2Y,Cross,417384.56,417441.24,56.68
Swaption_CALL,IndexCurve/EUR-EONIA/8/20Y:IndexCurve/EUR-EURIBOR-6M/3/3Y,Cross,417384.56,417386.93,2.37
Swaption_CALL,IndexCurve/EUR-EONIA/8/20Y:IndexCurve/EUR-EURIBOR-6M/4/5Y,Cross,417384.56,417373.16,-11.40
Swaption_CALL,IndexCurve/EUR-EONIA/8/20Y:IndexCurve/EUR-EURIBOR-6M/5/7Y,Cross,417384.56,417318.72,-65.83
Swaption_CALL,IndexCurve/EUR-EONIA/8/20Y:IndexCurve/EUR-EURIBOR-6M/6/10Y,Cross,417384.56,417167.58,-216.98
Swaption_CALL,IndexCurve/EUR-EONIA/8/20Y:IndexCurve/EUR-EURIBOR-6M/7/15Y,Cross,417384.56,417056.09,-328.47
Swaption_CALL,IndexCurve/EUR-EONIA/8/20Y:IndexCurve/EUR-EURIBOR-6M/8/20Y,Cross,417384.56,410259.30,-7125.25
Swaption_CALL,IndexCurve/EUR-EURIBOR-3M/0/6M:IndexCurve/EUR-EURIBOR-6M/1/1Y,Cross,417384.56,417769.80,385.24
Swaption_CALL,IndexCurve/EUR-EURIBOR-3M/0/6M:IndexCurve/EUR-EURIBOR-6M/2/2Y,Cross,417384.56,417441.24,56.68
Swaption_CALL,IndexCurve/EUR-EURIBOR-3M/0/6M:IndexCurve/EUR-EURIBOR-6M/3/3Y,Cross,417384.56,417386.93,2.37
Swaption_CALL,IndexCurve/EUR-EURIBOR-3M/0/6M:IndexCurve/EUR-EURIBOR-6M/4/5Y,Cross,417384.56,417373.16,-11.40
Swaption_CALL,IndexCurve/EUR-EURIBOR-3M/0/6M:IndexCurve/EUR-EURIBOR-6M/5/7Y,Cross,417384.56,417318.72,-65.83
Swaption_CALL,IndexCurve/EUR-EURIBOR-3M/0/6M:IndexCurve/EUR-EURIBOR-6M/6/10Y,Cross,417384.56,417167.58,-216.98
Swaption_CALL,IndexCurve/EUR-EURIBOR-3M/0/6M:IndexCurve/EUR-EURIBOR-6M/7/15Y,Cross,417384.56,417056.09,-328.47
Swaption_CALL,IndexCurve/EUR-EURIBOR-3M/0/6M:IndexCurve/EUR-EURIBOR-6M/8/20Y,Cross,417384.56,410259.30,-7125.25
Swaption_CALL,IndexCurve/EUR-EURIBOR-3M/1/1Y:IndexCurve/EUR-EURIBOR-6M/1/1Y,Cross,417384.56,417769.80,385.24
Swaption_CALL,IndexCurve/EUR-EURIBOR-3M/1/1Y:IndexCurve/EUR-EURIBOR-6M/2/2Y,Cross,417384.56,417441.24,56.68
Swaption_CALL,IndexCurve/EUR-EURIBOR-3M/1/1Y:IndexCurve/EUR-EURIBOR-6M/3/3Y,Cross,417384.56,417386.93,2.37
Swaption_CALL,IndexCurve/EUR-EURIBOR-3M/1/1Y:IndexCurve/EUR-EURIBOR-6M/4/5Y,Cross,417384.56,417373.16,-11.40
Swaption_CALL,IndexCurve/EUR-EURIBOR-3M/1/1Y:IndexCurve/EUR-EURIBOR-6M/5/7Y,Cross,417384.56,417318.72,-65.83
Swaption_CALL,IndexCurve/EUR-EURIBOR-3M/1/1Y:IndexCurve/EUR-EURIBOR-6M/6/10Y,Cross,417384.56,417167.58,-216.98
Swaption_CALL,IndexCurve/EUR-EURIBOR-3M/1/1Y:IndexCurve/EUR-EURIBOR-6M/7/15Y,Cross,417384.56,417056.09,-328.47
Swaption_CALL,IndexCurve/EUR-EURIBOR-3M/1/1Y:IndexCurve/EUR-EURIBOR-6M/8/20Y,Cross,417384.56,410259.30,-7125.25
Swaption_CALL,IndexCurve/EUR-EURIBOR-3M/2/2Y:IndexCurve/EUR-EURIBOR-6M/1/1Y,Cross,417384.56,417769.80,385.24
Swaption_CALL,IndexCurve/EUR-EURIBOR-3M/2/2Y:IndexCurve/EUR-EURIBOR-6M/2/2Y,Cross,417384.56,417441.24,56.68
Swaption_CALL,IndexCurve/EUR-EURIBOR-3M/2/2Y:IndexCurve/EUR-EURIBOR-6M/3/3Y,Cross,417384.56,417386.93,2.37
Swaption_CALL,IndexCurve/EUR-EURIBOR-3M/2/2Y:IndexCurve/EUR-EURIBOR-6M/4/5Y,Cross,417384.56,417373.16,-11.40
Swaption_CALL,IndexCurve/EUR-EURIBOR-3M/2/2Y:IndexCurve/EUR-EURIBOR-6M/5/7Y,Cross,417384.56,417318.72,-65.83
Swaption_CALL,IndexCurve/EUR-EURIBOR-3M/2/2Y:IndexCurve/EUR-EURIBOR-6M/6/10Y,Cross,417384.56,417167.58,-216.98
Swaption_CALL,IndexCurve/EUR-EURIBOR-3M/2/2Y:IndexCurve/EUR-EURIBOR-6M/7/15Y,Cross,417384.56,417056.09,-328.47
Swaption_CALL,IndexCurve/EUR-EURIBOR-3M/2/2Y:IndexCurve/EUR-EURIBOR-6M/8/20Y,Cross,417384.56,410259.30,-7125.25
Swaption_CALL,IndexCurve/EUR-EURIBOR-3M/3/3Y:IndexCurve/EUR-EURIBOR-6M/1/1Y,Cross,417384.56,417769.80,385.24
Swaption_CALL,IndexCurve/EUR-EURIBOR-3M/3/3Y:IndexCurve/EUR-EURIBOR-6M/2/2Y,Cross,417384.56,417441.24,56.68
Swaption_CALL,IndexCurve/EUR-EURIBOR-3M/3/3Y:IndexCurve/EUR-EURIBOR-6M/3/3Y,Cross,417384.56,417386.93,2.37
Swaption_CALL,IndexCurve/EUR-EURIBOR-3M/3/3Y:IndexCurve/EUR-EURIBOR-6M/4/5Y,Cross,417384.56,417373.16,-11.40
Swaption_CALL,IndexCurve/EUR-EURIBOR-3M/3/3Y:IndexCurve/EUR-EURIBOR-6M/5/7Y,Cross,417384.56,417318.72,-65.83
Swaption_CALL,IndexCurve/EUR-EURIBOR-3M/3/3Y:IndexCurve/EUR-EURIBOR-6M/6/10Y,Cross,417384.56,417167.58,-216.98
Swaption_CALL,IndexCurve/EUR-EURIBOR-3M/3/3Y:IndexCurve/EUR-EURIBOR-6M/7/15Y,Cross,417384.56,417056.09,-328.47
Swaption_CALL,IndexCurve/EUR-EURIBOR-3M/3/3Y:IndexCurve/EUR-EURIBOR-6M/8/20Y,Cross,417384.56,410259.30,-7125.25
Swaption_CALL,IndexCurve/EUR-EURIBOR-3M/4/5Y:IndexCurve/EUR-EURIBOR-6M/1/1Y,Cross,417384.56,417769.80,385.24
Swaption_CALL,IndexCurve/EUR-EURIBOR-3M/4/5Y:IndexCurve/EUR-EURIBOR-6M/2/2Y,Cross,417384.56,417441.24,56.68
Swaption_CALL,IndexCurve/EUR-EURIBOR-3M/4/5Y:IndexCurve/EUR-EURIBOR-6M/3/3Y,Cross,417384.56,417386.93,2.37
Swaption_CALL,IndexCurve/EUR-EURIBOR-3M/4/5Y:IndexCurve/EUR-EURIBOR-6M/4/5Y,Cross,417384.56,417373.16,-11.40
Swaption_CALL,IndexCurve/EUR-EURIBOR-3M/4/5Y:IndexCurve/EUR-EURIBOR-6M/5/7Y,Cross,417384.56,417318.72,-65.83
Swaption_CALL,IndexCurve/EUR-EURIBOR-3M/4/5Y:IndexCurve/EUR-EURIBOR-6M/6/10Y,Cross,417384.56,417167.58,-216.98
Swaption_CALL,IndexCurve/EUR-EURIBOR-3M/4/5Y:IndexCurve/EUR-EURIBOR-6M/7/15Y,Cross,417384.56,417056.09,-328.47
Swaption_CALL,IndexCurve/EUR-EURIBOR-3M/4/5Y:IndexCurve/EUR-EURIBOR-6M/8/20Y,Cross,417384.56,410259.30,-7125.25
Swaption_CALL,IndexCurve/EUR-EURIBOR-3M/5/7Y:IndexCurve/EUR-EURIBOR-6M/1/1Y,Cross,417384.56,417769.80,385.24
Swaption_CALL,IndexCurve/EUR-EURIBOR-3M/5/7Y:IndexCurve/EUR-EURIBOR-6M/2/2Y,Cross,417384.56,417441.24,56.68
Swaption_CALL,IndexCurve/EUR-EURIBOR-3M/5/7Y:IndexCurve/EUR-EURIBOR-6M/3/3Y,Cross,417384.56,417386.93,2.37
Swaption_CALL,IndexCurve/EUR-EURIBOR-3M/5/7Y:IndexCurve/EUR-EURIBOR-6M/4/5Y,Cross,417384.56,417373.16,-11.40
Swaption_CALL,IndexCurve/EUR-EURIBOR-3M/5/7Y:IndexCurve/EUR-EURIBOR-6M/5/7Y,Cross,417384.56,417318.72,-65.83
Swaption_CALL,IndexCurve/EUR-EURIBOR-3M/5/7Y:IndexCurve/EUR-EURIBOR-6M/6/10Y,Cross,417384.56,417167.58,-216.98
Swaption_CALL,IndexCurve/EUR-EURIBOR-3M/5/7Y:IndexCurve/EUR-EURIBOR-6M/7/15Y,Cross,417384.56,417056.09,-328.47
Swaption_CALL,IndexCurve/EUR-EURIBOR-3M/5/7Y:IndexCurve/EUR-EURIBOR-6M/8/20Y,Cross,417384.56,410259.30,-7125.25
Swaption_CALL,IndexCurve/EUR-EURIBOR-3M/6/10Y:IndexCurve/EUR-EURIBOR-6M/1/1Y,Cross,417384.56,417769.80,385.24
Swaption_CALL,IndexCurve/EUR-EURIBOR-3M/6/10Y:IndexCurve/EUR-EURIBOR-6M/2/2Y,Cross,417384.56,417441.24,56.68
Swaption_CALL,IndexCurve/EUR-EURIBOR-3M/6/10Y:IndexCurve/EUR-EURIBOR-6M/3/3Y,Cross,417384.56,417386.93,2.37
Swaption_CALL,IndexCurve/EUR-EURIBOR-3M/6/10Y:IndexCurve/EUR-EURIBOR-6M/4/5Y,Cross,417384.56,417373.16,-11.40
Swaption_CALL,IndexCurve/EUR-EURIBOR-3M/6/10Y:IndexCurve/EUR-EURIBOR-6M/5/7Y,Cross,417384.56,417318.72,-65.83
Swaption_CALL,IndexCurve/EUR-EURIBOR-3M/6/10Y:IndexCurve/EUR-EURIBOR-6M/6/10Y,Cross,417384.56,417167.58,-216.98
Swaption_CALL,IndexCurve/EUR-EURIBOR-3M/6/10Y:IndexCurve/EUR-EURIBOR-6M/7/15Y,Cross,417384.56,417056.09,-328.47
Swaption_CALL,IndexCurve/EUR-EURIBOR-3M/6/10Y:IndexCurve/EUR-EURIBOR-6M/8/20Y,Cross,417384.56,410259.30,-7125.25
Swaption_CALL,IndexCurve/EUR-EURIBOR-3M/7/15Y:IndexCurve/EUR-EURIBOR-6M/1/1Y,Cross,417384.56,417769.80,385.24
Swaption_CALL,IndexCurve/EUR-EURIBOR-3M/7/15Y:IndexCurve/EUR-EURIBOR-6M/2/2Y,Cross,417384.56,417441.24,56.68
Swaption_CALL,IndexCurve/EUR-EURIBOR-3M/7/15Y:IndexCurve/EUR-EURIBOR-6M/3/3Y,Cross,417384.56,417386.93,2.37
Swaption_CALL,IndexCurve/EUR-EURIBOR-3M/7/15Y:IndexCurve/EUR-EURIBOR-6M/4/5Y,Cross,417384.56,417373.16,-11.40
Swaption_CALL,IndexCurve/EUR-EURIBOR-3M/7/15Y:IndexCurve/EUR-EURIBOR-6M/5/7Y,Cross,417384.56,417318.72,-65.83
Swaption_CALL,IndexCurve/EUR-EURIBOR-3M/7/15Y:IndexCurve/EUR-EURIBOR-6M/6/10Y,Cross,417384.56,417167.58,-216.98
Swaption_CALL,IndexCurve/EUR-EURIBOR-3M/7/15Y:IndexCurve/EUR-EURIBOR-6M/7/15Y,Cross,417384.56,417056.09,-328.47
Swaption_CALL,IndexCurve/EUR-EURIBOR-3M/7/15Y:IndexCurve/EUR-EURIBOR-6M/8/20Y,Cross,417384.56,410259.30,-7125.25
Swaption_CALL,IndexCurve/EUR-EURIBOR-3M/8/20Y:IndexCurve/EUR-EURIBOR-6M/1/1Y,Cross,417384.56,417769.80,385.24
Swaption_CALL,IndexCurve/EUR-EURIBOR-3M/8/20Y:IndexCurve/EUR-EURIBOR-6M/2/2Y,Cross,417384.56,417441.24,56.68
Swaption_CALL,IndexCurve/EUR-EURIBOR-3M/8/20Y:IndexCurve/EUR-EURIBOR-6M/3/3Y,Cross,417384.56,417386.93,2.37
Swaption_CALL,IndexCurve/EUR-EURIBOR-3M/8/20Y:IndexCurve/EUR-EURIBOR-6M/4/5Y,Cross,417384.56,417373.16,-11.40
Swaption_CALL,IndexCurve/EUR-EURIBOR-3M/8/20Y:IndexCurve/EUR-EURIBOR-6M/5/7Y,Cross,417384.56,417318.72,-65.83
Swaption_CALL,IndexCurve/EUR-EURIBOR-3M/8/20Y:IndexCurve/EUR-EURIBOR-6M/6/10Y,Cross,417384.56,417167.58,-216.98
Swaption_CALL,IndexCurve/EUR-EURIBOR-3M/8/20Y:IndexCurve/EUR-EURIBOR-6M/7/15Y,Cross,417384.56,417056.09,-328.47
Swaption_CALL,IndexCurve/EUR-EURIBOR-3M/8/20Y:IndexCurve/EUR-EURIBOR-6M/8/20Y,Cross,417384.56,410259.30,-7125.25
Swaption_CALL,IndexCurve/EUR-EURIBOR-6M/0/6M:IndexCurve/EUR-EURIBOR-6M/1/1Y,Cross,417384.56,417769.80,385.24
Swaption_CALL,IndexCurve/EUR-EURIBOR-6M/0/6M:IndexCurve/EUR-EURIBOR-6M/2/2Y,Cross,417384.56,417441.24,56.68
Swaption_CALL,IndexCurve/EUR-EURIBOR-6M/0/6M:IndexCurve/EUR-EURIBOR-6M/3/3Y,Cross,417384.56,417386.93,2.37
Swaption_CALL,IndexCurve/EUR-EURIBOR-6M/0/6M:IndexCurve/EUR-EURIBOR-6M/4/5Y,Cross,417384.56,417373.16,-11.40
Swaption_CALL,IndexCurve/EUR-EURIBOR-6M/0/6M:IndexCurve/EUR-EURIBOR-6M/5/7Y,Cross,417384.56,417318.72,-65.83
Swaption_CALL,IndexCurve/EUR-EURIBOR-6M/0/6M:IndexCurve/EUR-EURIBOR-6M/6/10Y,Cross,417384.56,417167.58,-216.98
Swaption_CALL,IndexCurve/EUR-EURIBOR-6M/0/6M:IndexCurve/EUR-EURIBOR-6M/7/15Y,Cross,417384.56,417056.09,-328.47
Swaption_CALL,IndexCurve/EUR-EURIBOR-6M/0/6M:IndexCurve/EUR-EURIBOR-6M/8/20Y,Cross,417384.56,410259.30,-7125.25
Swaption_CALL,IndexCurve/EUR-EURIBOR-6M/1/1Y:IndexCurve/EUR-EURIBOR-6M/2/2Y,Cross,417384.56,417826.55,441.99
Swaption_CALL,IndexCurve/EUR-EURIBOR-6M/1/1Y:IndexCurve/EUR-EURIBOR-6M/3/3Y,Cross,417384.56,417772.18,387.62
Swaption_CALL,IndexCurve/EUR-EURIBOR-6M/1/1Y:IndexCurve/EUR-EURIBOR-6M/4/5Y,Cross,417384.56,417758.39,373.83
Swaption_CALL,IndexCurve/EUR-EURIBOR-6M/1/1Y:IndexCurve/EUR-EURIBOR-6M/5/7Y,Cross,417384.56,417703.92,319.37
Swaption_CALL,IndexCurve/EUR-EURIBOR-6M/1/1Y:IndexCurve/EUR-EURIBOR-6M/6/10Y,Cross,417384.56,417552.68,168.12
Swaption_CALL,IndexCurve/EUR-EURIBOR-6M/1/1Y:IndexCurve/EUR-EURIBOR-6M/7/15Y,Cross,417384.56,417441.11,56.56
Swaption_CALL,IndexCurve/EUR-EURIBOR-6M/1/1Y:IndexCurve/EUR-EURIBOR-6M/8/20Y,Cross,417384.56,410639.79,-6744.77
Swaption_CALL,IndexCurve/EUR-EURIBOR-6M/2/2Y:IndexCurve/EUR-EURIBOR-6M/3/3Y,Cross,417384.56,417443.71,59.15
Swaption_CALL,IndexCurve/EUR-EURIBOR-6M/2/2Y:IndexCurve/EUR-EURIBOR-6M/4/5Y,Cross,417384.56,417429.84,45.29
Swaption_CALL,IndexCurve/EUR-EURIBOR-6M/2/2Y:IndexCurve/EUR-EURIBOR-6M/5/7Y,Cross,417384.56,417375.40,-9.16
Swaption_CALL,IndexCurve/EUR-EURIBOR-6M/2/2Y:IndexCurve/EUR-EURIBOR-6M/6/10Y,Cross,417384.56,417224.24,-160.32
Swaption_CALL,IndexCurve/EUR-EURIBOR-6M/2/2Y:IndexCurve/EUR-EURIBOR-6M/7/15Y,Cross,417384.56,417112.74,-271.82
Swaption_CALL,IndexCurve/EUR-EURIBOR-6M/2/2Y:IndexCurve/EUR-EURIBOR-6M/8/20Y,Cross,417384.56,410315.28,-7069.27
Swaption_CALL,IndexCurve/EUR-EURIBOR-6M/3/3Y:IndexCurve/EUR-EURIBOR-6M/4/5Y,Cross,417384.56,417375.66,-8.89
Swaption_CALL,IndexCurve/EUR-EURIBOR-6M/3/3Y:IndexCurve/EUR-EURIBOR-6M/5/7Y,Cross,417384.56,417321.10,-63.45
Swaption_CALL,IndexCurve/EUR-EURIBOR-6M/3/3Y:IndexCurve/EUR-EURIBOR-6M/6/10Y,Cross,417384.56,417169.95,-214.60
Swaption_CALL,IndexCurve/EUR-EURIBOR-6M/3/3Y:IndexCurve/EUR-EURIBOR-6M/7/15Y,Cross,417384.56,417058.46,-326.09
Swaption_CALL,IndexCurve/EUR-EURIBOR-6M/3/3Y:IndexCurve/EUR-EURIBOR-6M/8/20Y,Cross,417384.56,410261.64,-7122.91
Swaption_CALL,IndexCurve/EUR-EURIBOR-6M/4/5Y:IndexCurve/EUR-EURIBOR-6M/5/7Y,Cross,417384.56,417307.65,-76.91
Swaption_CALL,IndexCurve/EUR-EURIBOR-6M/4/5Y:IndexCurve/EUR-EURIBOR-6M/6/10Y,Cross,417384.56,417156.19,-228.36
Swaption_CALL,IndexCurve/EUR-EURIBOR-6M/4/5Y:IndexCurve/EUR-EURIBOR-6M/7/15Y,Cross,417384.56,417044.70,-339.86
Swaption_CALL,IndexCurve/EUR-EURIBOR-6M/4/5Y:IndexCurve/EUR-EURIBOR-6M/8/20Y,Cross,417384.56,410248.04,-7136.51
Swaption_CALL,IndexCurve/EUR-EURIBOR-6M/5/7Y:IndexCurve/EUR-EURIBOR-6M/6/10Y,Cross,417384.56,417102.20,-282.35
Swaption_CALL,IndexCurve/EUR-EURIBOR-6M/5/7Y:IndexCurve/EUR-EURIBOR-6M/7/15Y,Cross,417384.56,416990.30,-394.25
Swaption_CALL,IndexCurve/EUR-EURIBOR-6M/5/7Y:IndexCurve/EUR-EURIBOR-6M/8/20Y,Cross,417384.56,410194.28,-7190.27
Swaption_CALL,IndexCurve/EUR-EURIBOR-6M/6/10Y:IndexCurve/EUR-EURIBOR-6M/7/15Y,Cross,417384.56,416839.77,-544.78
Swaption_CALL,IndexCurve/EUR-EURIBOR-6M/6/10Y:IndexCurve/EUR-EURIBOR-6M/8/20Y,Cross,417384.56,410045.01,-7339.55
Swaption_CALL,IndexCurve/EUR-EURIBOR-6M/7/15Y:IndexCurve/EUR-EURIBOR-6M/8/20Y,Cross,417384.56,409935.92,-7448.63
FX_CALL_OPTION,DiscountCurve/EUR/6/10Y,Up,302749.85,302048.04,-701.81
FX_CALL_OPTION,DiscountCurve/EUR/7/15Y,Up,302749.85,302735.82,-14.03
FX_CALL_OPTION,DiscountCurve/USD/6/10Y,Up,302749.85,303153.31,403.46
FX_CALL_OPTION,DiscountCurve/USD/7/15Y,Up,302749.85,302757.91,8.06
FX_CALL_OPTION,DiscountCurve/EUR/6/10Y,Down,302749.85,303452.87,703.02
FX_CALL_OPTION,DiscountCurve/EUR/7/15Y,Down,302749.85,302763.88,14.03
FX_CALL_OPTION,DiscountCurve/USD/6/10Y,Down,302749.85,302346.51,-403.34
FX_CALL_OPTION,DiscountCurve/USD/7/15Y,Down,302749.85,302741.79,-8.06
FX_CALL_OPTION,FXSpot/USDEUR/0/spot,Up,302749.85,298691.82,-4058.03
FX_CALL_OPTION,FXSpot/USDEUR/0/spot,Down,302749.85,306860.78,4110.93
FX_CALL_OPTION,FXVolatility/USDEUR/3/5Y/ATM,Up,302749.85,304576.48,1826.63
FX_CALL_OPTION,FXVolatility/USDEUR/3/5Y/ATM,Down,302749.85,300923.91,-1825.94
FX_CALL_OPTION,DiscountCurve/EUR/0/6M:DiscountCurve/EUR/6/10Y,Cross,302749.85,302048.04,-701.81
FX_CALL_OPTION,DiscountCurve/EUR/0/6M:DiscountCurve/EUR/7/15Y,Cross,302749.85,302735.82,-14.03
FX_CALL_OPTION,DiscountCurve/EUR/1/1Y:DiscountCurve/EUR/6/10Y,Cross,302749.85,302048.04,-701.81
FX_CALL_OPTION,DiscountCurve/EUR/1/1Y:DiscountCurve/EUR/7/15Y,Cross,302749.85,302735.82,-14.03
FX_CALL_OPTION,DiscountCurve/EUR/2/2Y:DiscountCurve/EUR/6/10Y,Cross,302749.85,302048.04,-701.81
FX_CALL_OPTION,DiscountCurve/EUR/2/2Y:DiscountCurve/EUR/7/15Y,Cross,302749.85,302735.82,-14.03
FX_CALL_OPTION,DiscountCurve/EUR/3/3Y:DiscountCurve/EUR/6/10Y,Cross,302749.85,302048.04,-701.81
FX_CALL_OPTION,DiscountCurve/EUR/3/3Y:DiscountCurve/EUR/7/15Y,Cross,302749.85,302735.82,-14.03
FX_CALL_OPTION,DiscountCurve/EUR/4/5Y:DiscountCurve/EUR/6/10Y,Cross,302749.85,302048.04,-701.81
FX_CALL_OPTION,DiscountCurve/EUR/4/5Y:DiscountCurve/EUR/7/15Y,Cross,302749.85,302735.82,-14.03
FX_CALL_OPTION,DiscountCurve/EUR/5/7Y:DiscountCurve/EUR/6/10Y,Cross,302749.85,302048.04,-701.81
FX_CALL_OPTION,DiscountCurve/EUR/5/7Y:DiscountCurve/EUR/7/15Y,Cross,302749.85,302735.82,-14.03
FX_CALL_OPTION,DiscountCurve/EUR/6/10Y:DiscountCurve/EUR/7/15Y,Cross,302749.85,302034.03,-715.82
FX_CALL_OPTION,DiscountCurve/EUR/6/10Y:DiscountCurve/EUR/8/20Y,Cross,302749.85,302048.04,-701.81
FX_CALL_OPTION,DiscountCurve/EUR/6/10Y:IndexCurve/EUR-EONIA/0/6M,Cross,302749.85,302048.04,-701.81
FX_CALL_OPTION,DiscountCurve/EUR/6/10Y:IndexCurve/EUR-EONIA/1/1Y,Cross,302749.85,302048.04,-701.81
FX_CALL_OPTION,DiscountCurve/EUR/6/10Y:IndexCurve/EUR-EONIA/2/2Y,Cross,302749.85,302048.04,-701.81
FX_CALL_OPTION,DiscountCurve/EUR/6/10Y:IndexCurve/EUR-EONIA/3/3Y,Cross,302749.85,302048.04,-701.81
FX_CALL_OPTION,DiscountCurve/EUR/6/10Y:IndexCurve/EUR-EONIA/4/5Y,Cross,302749.85,302048.04,-701.81
FX_CALL_OPTION,DiscountCurve/EUR/6/10Y:IndexCurve/EUR-EONIA/5/7Y,Cross,302749.85,302048.04,-701.81
FX_CALL_OPTION,DiscountCurve/EUR/6/10Y:IndexCurve/EUR-EONIA/6/10Y,Cross,302749.85,302048.04,-701.81
FX_CALL_OPTION,DiscountCurve/EUR/6/10Y:IndexCurve/EUR-EONIA/7/15Y,Cross,302749.85,302048.04,-701.81
FX_CALL_OPTION,DiscountCurve/EUR/6/10Y:IndexCurve/EUR-EONIA/8/20Y,Cross,302749.85,302048.04,-701.81
FX_CALL_OPTION,DiscountCurve/EUR/6/10Y:IndexCurve/EUR-EURIBOR-3M/0/6M,Cross,302749.85,302048.04,-701.81
FX_CALL_OPTION,DiscountCurve/EUR/6/10Y:IndexCurve/EUR-EURIBOR-3M/1/1Y,Cross,302749.85,302048.04,-701.81
FX_CALL_OPTION,DiscountCurve/EUR/6/10Y:IndexCurve/EUR-EURIBOR-3M/2/2Y,Cross,302749.85,302048.04,-701.81
FX_CALL_OPTION,DiscountCurve/EUR/6/10Y:IndexCurve/EUR-EURIBOR-3M/3/3Y,Cross,302749.85,302048.04,-701.81
FX_CALL_OPTION,DiscountCurve/EUR/6/10Y:IndexCurve/EUR-EURIBOR-3M/4/5Y,Cross,302749.85,302048.04,-701.81
FX_CALL_OPTION,DiscountCurve/EUR/6/10Y:IndexCurve/EUR-EURIBOR-3M/5/7Y,Cross,302749.85,302048.04,-701.81
FX_CALL_OPTION,DiscountCurve/EUR/6/10Y:IndexCurve/EUR-EURIBOR-3M/6/10Y,Cross,302749.85,302048.04,-701.81
FX_CALL_OPTION,DiscountCurve/EUR/6/10Y:IndexCurve/EUR-EURIBOR-3M/7/15Y,Cross,302749.85,302048.04,-701.81
FX_CALL_OPTION,DiscountCurve/EUR/6/10Y:IndexCurve/EUR-EURIBOR-3M/8/20Y,Cross,302749.85,302048.04,-701.81
FX_CALL_OPTION,DiscountCurve/EUR/6/10Y:IndexCurve/EUR-EURIBOR-6M/0/6M,Cross,302749.85,302048.04,-701.81
FX_CALL_OPTION,DiscountCurve/EUR/6/10Y:IndexCurve/EUR-EURIBOR-6M/1/1Y,Cross,302749.85,302048.04,-701.81
FX_CALL_OPTION,DiscountCurve/EUR/6/10Y:IndexCurve/EUR-EURIBOR-6M/2/2Y,Cross,302749.85,302048.04,-701.81
FX_CALL_OPTION,DiscountCurve/EUR/6/10Y:IndexCurve/EUR-EURIBOR-6M/3/3Y,Cross,302749.85,302048.04,-701.81
FX_CALL_OPTION,DiscountCurve/EUR/6/10Y:IndexCurve/EUR-EURIBOR-6M/4/5Y,Cross,302749.85,302048.04,-701.81
FX_CALL_OPTION,DiscountCurve/EUR/6/10Y:IndexCurve/EUR-EURIBOR-6M/5/7Y,Cross,302749.85,302048.04,-701.81
FX_CALL_OPTION,DiscountCurve/EUR/6/10Y:IndexCurve/EUR-EURIBOR-6M/6/10Y,Cross,302749.85,302048.04,-701.81
FX_CALL_OPTION,DiscountCurve/EUR/6/10Y:IndexCurve/EUR-EURIBOR-6M/7/15Y,Cross,302749.85,302048.04,-701.81
FX_CALL_OPTION,DiscountCurve/EUR/6/10Y:IndexCurve/EUR-EURIBOR-6M/8/20Y,Cross,302749.85,302048.04,-701.81
FX_CALL_OPTION,DiscountCurve/EUR/7/15Y:DiscountCurve/EUR/8/20Y,Cross,302749.85,302735.82,-14.03
FX_CALL_OPTION,DiscountCurve/EUR/7/15Y:IndexCurve/EUR-EONIA/0/6M,Cross,302749.85,302735.82,-14.03
FX_CALL_OPTION,DiscountCurve/EUR/7/15Y:IndexCurve/EUR-EONIA/1/1Y,Cross,302749.85,302735.82,-14.03
FX_CALL_OPTION,DiscountCurve/EUR/7/15Y:IndexCurve/EUR-EONIA/2/2Y,Cross,302749.85,302735.82,-14.03
FX_CALL_OPTION,DiscountCurve/EUR/7/15Y:IndexCurve/EUR-EONIA/3/3Y,Cross,302749.85,302735.82,-14.03
FX_CALL_OPTION,DiscountCurve/EUR/7/15Y:IndexCurve/EUR-EONIA/4/5Y,Cross,302749.85,302735.82,-14.03
FX_CALL_OPTION,DiscountCurve/EUR/7/15Y:IndexCurve/EUR-EONIA/5/7Y,Cross,302749.85,302735.82,-14.03
FX_CALL_OPTION,DiscountCurve/EUR/7/15Y:IndexCurve/EUR-EONIA/6/10Y,Cross,302749.85,302735.82,-14.03
FX_CALL_OPTION,DiscountCurve/EUR/7/15Y:IndexCurve/EUR-EONIA/7/15Y,Cross,302749.85,302735.82,-14.03
FX_CALL_OPTION,DiscountCurve/EUR/7/15Y:IndexCurve/EUR-EONIA/8/20Y,Cross,302749.85,302735.82,-14.03
FX_CALL_OPTION,DiscountCurve/EUR/7/15Y:IndexCurve/EUR-EURIBOR-3M/0/6M,Cross,302749.85,302735.82,-14.03
FX_CALL_OPTION,DiscountCurve/EUR/7/15Y:IndexCurve/EUR-EURIBOR-3M/1/1Y,Cross,302749.85,302735.82,-14.03
FX_CALL_OPTION,DiscountCurve/EUR/7/15Y:IndexCurve/EUR-EURIBOR-3M/2/2Y,Cross,302749.85,302735.82,-14.03
FX_CALL_OPTION,DiscountCurve/EUR/7/15Y:IndexCurve/EUR-EURIBOR-3M/3/3Y,Cross,302749.85,302735.82,-14.03
FX_CALL_OPTION,DiscountCurve/EUR/7/15Y:IndexCurve/EUR-EURIBOR-3M/4/5Y,Cross,302749.85,302735.82,-14.03
FX_CALL_OPTION,DiscountCurve/EUR/7/15Y:IndexCurve/EUR-EURIBOR-3M/5/7Y,Cross,302749.85,302735.82,-14.03
FX_CALL_OPTION,DiscountCurve/EUR/7/15Y:IndexCurve/EUR-EURIBOR-3M/6/10Y,Cross,302749.85,302735.82,-14.03
FX_CALL_OPTION,DiscountCurve/EUR/7/15Y:IndexCurve/EUR-EURIBOR-3M/7/15Y,Cross,302749.85,302735.82,-14.03
FX_CALL_OPTION,DiscountCurve/EUR/7/15Y:IndexCurve/EUR-EURIBOR-3M/8/20Y,Cross,302749.85,302735.82,-14.03
FX_CALL_OPTION,DiscountCurve/EUR/7/15Y:IndexCurve/EUR-EURIBOR-6M/0/6M,Cross,302749.85,302735.82,-14.03
FX_CALL_OPTION,DiscountCurve/EUR/7/15Y:IndexCurve/EUR-EURIBOR-6M/1/1Y,Cross,302749.85,302735.82,-14.03
FX_CALL_OPTION,DiscountCurve/EUR/7/15Y:IndexCurve/EUR-EURIBOR-6M/2/2Y,Cross,302749.85,302735.82,-14.03
FX_CALL_OPTION,DiscountCurve/EUR/7/15Y:IndexCurve/EUR-EURIBOR-6M/3/3Y,Cross,302749.85,302735.82,-14.03
FX_CALL_OPTION,DiscountCurve/EUR/7/15Y:IndexCurve/EUR-EURIBOR-6M/4/5Y,Cross,302749.85,302735.82,-14.03
FX_CALL_OPTION,DiscountCurve/EUR/7/15Y:IndexCurve/EUR-EURIBOR-6M/5/7Y,Cross,302749.85,302735.82,-14.03
FX_CALL_OPTION,DiscountCurve/EUR/7/15Y:IndexCurve/EUR-EURIBOR-6M/6/10Y,Cross,302749.85,302735.82,-14.03
FX_CALL_OPTION,DiscountCurve/EUR/7/15Y:IndexCurve/EUR-EURIBOR-6M/7/15Y,Cross,302749.85,302735.82,-14.03
FX_CALL_OPTION,DiscountCurve/EUR/7/15Y:IndexCurve/EUR-EURIBOR-6M/8/20Y,Cross,302749.85,302735.82,-14.03
