#TradeId,TradeType,Maturity,MaturityTime,NPV,NpvCurrency,NPV(Base),BaseCurrency,Notional,NotionalCurrency,Notional(Base),NettingSet,CounterParty
EqCall_SP5,EquityOption,2018-02-05,2.000262,203548.925706,USD,179760.023479,EUR,1664359.00,USD,1469844.22,CPTY_A,CPTY_A
EqPut_SP5,EquityOption,2018-02-05,2.000262,-246849.638374,USD,-218000.152229,EUR,1664359.00,USD,1469844.22,CPTY_A,CPTY_A
EqFwd_SP5,EquityForward,2018-02-05,2.000262,43300.712668,USD,38240.128749,EUR,1664359.00,USD,1469844.22,CPTY_A,CPTY_A
EqCall_Luft,EquityOption,2018-03-01,2.066015,1872.588407,EUR,1872.588407,EUR,9486.00,EUR,9486.00,CPTY_A,CPTY_A
EqPut_Luft,EquityOption,2018-03-01,2.066015,1474.112931,EUR,1474.112931,EUR,9486.00,EUR,9486.00,CPTY_A,CPTY_A
EqForwardTrade_Luft,EquityForward,2018-03-01,2.066015,398.475476,EUR,398.475476,EUR,9486.00,EUR,9486.00,CPTY_A,CPTY_A
EquitySwap_1,EquitySwap,2026-02-05,10.000262,23105874.153843,USD,20405474.831117,EUR,100000000.00,USD,88312931.57,CPTY_A,CPTY_A
EquitySwap_2,EquitySwap,2026-02-05,10.000262,8373398.076048,USD,7394793.313340,EUR,100000000.00,USD,88312931.57,CPTY_A,CPTY_A
