<?xml version="1.0"?>
<Portfolio>
  <Trade id="YoY_Swap">
    <TradeType>Swap</TradeType>
    <Envelope>
      <CounterParty>CPTY_A</CounterParty>
      <NettingSetId>CPTY_A</NettingSetId>
      <AdditionalFields/>
    </Envelope>
    <SwapData>
      <LegData>
        <LegType>Fixed</LegType>
        <Payer>true</Payer>
        <Currency>EUR</Currency>
        <Notionals>
          <Notional>10000000.000000</Notional>
        </Notionals>
        <DayCounter>30/360</DayCounter>
        <PaymentConvention>F</PaymentConvention>
        <FixedLegData>
          <Rates>
            <Rate>0.008375</Rate>
          </Rates>
        </FixedLegData>
        <ScheduleData>
          <Rules>
            <StartDate>2016-02-05</StartDate>
            <EndDate>2021-02-05</EndDate>
            <Tenor>1Y</Tenor>
            <Calendar>TARGET</Calendar>
            <Convention>F</Convention>
            <TermConvention>F</TermConvention>
            <Rule>Forward</Rule>
            <EndOfMonth/>
            <FirstDate/>
            <LastDate/>
          </Rules>
        </ScheduleData>
      </LegData>
      <LegData>
        <LegType>YY</LegType>
        <Payer>false</Payer>
        <Currency>EUR</Currency>
        <Notionals>
          <Notional>10000000</Notional>
        </Notionals>
        <DayCounter>ACT/ACT</DayCounter>
        <PaymentConvention>Following</PaymentConvention>
        <ScheduleData>
          <Rules>
            <StartDate>2016-02-05</StartDate>
            <EndDate>2021-02-05</EndDate>
            <Tenor>1Y</Tenor>
            <Calendar>UK</Calendar>
            <Convention>ModifiedFollowing</Convention>
            <TermConvention>ModifiedFollowing</TermConvention>
            <Rule>Forward</Rule>
            <EndOfMonth/>
            <FirstDate/>
            <LastDate/>
          </Rules>
        </ScheduleData>
        <YYLegData>
          <Index>EUHICPXT</Index>
          <FixingDays>2</FixingDays>
          <ObservationLag>2M</ObservationLag>
          <Caps/>
          <Floors/>
        </YYLegData>
      </LegData>
    </SwapData>
  </Trade>
  
  <Trade id="CapFloored_YoY_Swap">
    <TradeType>Swap</TradeType>
    <Envelope>
      <CounterParty>CPTY_A</CounterParty>
      <NettingSetId>CPTY_A</NettingSetId>
      <AdditionalFields/>
    </Envelope>
    <SwapData>
      <LegData>
        <LegType>Fixed</LegType>
        <Payer>true</Payer>
        <Currency>EUR</Currency>
        <Notionals>
          <Notional>10000000.000000</Notional>
        </Notionals>
        <DayCounter>30/360</DayCounter>
        <PaymentConvention>F</PaymentConvention>
        <FixedLegData>
          <Rates>
            <Rate>0.008375</Rate>
          </Rates>
        </FixedLegData>
        <ScheduleData>
          <Rules>
            <StartDate>2016-02-05</StartDate>
            <EndDate>2021-02-05</EndDate>
            <Tenor>1Y</Tenor>
            <Calendar>TARGET</Calendar>
            <Convention>F</Convention>
            <TermConvention>F</TermConvention>
            <Rule>Forward</Rule>
            <EndOfMonth/>
            <FirstDate/>
            <LastDate/>
          </Rules>
        </ScheduleData>
      </LegData>
      <LegData>
        <LegType>YY</LegType>
        <Payer>false</Payer>
        <Currency>EUR</Currency>
        <Notionals>
          <Notional>10000000</Notional>
        </Notionals>
        <DayCounter>ACT/ACT</DayCounter>
        <PaymentConvention>Following</PaymentConvention>
        <ScheduleData>
          <Rules>
            <StartDate>2016-02-05</StartDate>
            <EndDate>2021-02-05</EndDate>
            <Tenor>1Y</Tenor>
            <Calendar>UK</Calendar>
            <Convention>ModifiedFollowing</Convention>
            <TermConvention>ModifiedFollowing</TermConvention>
            <Rule>Forward</Rule>
            <EndOfMonth/>
            <FirstDate/>
            <LastDate/>
          </Rules>
        </ScheduleData>
        <YYLegData>
          <Index>EUHICPXT</Index>
          <FixingDays>2</FixingDays>
          <ObservationLag>2M</ObservationLag>
          <Caps>
            <Cap>0.03</Cap>
          </Caps>
          <Floors>
            <Floor>0.005</Floor>
          </Floors>
        </YYLegData>
      </LegData>
    </SwapData>
  </Trade>
  
  <Trade id="ScheduleCapFloored_YoY_Swap">
    <TradeType>Swap</TradeType>
    <Envelope>
      <CounterParty>CPTY_A</CounterParty>
      <NettingSetId>CPTY_A</NettingSetId>
      <AdditionalFields/>
    </Envelope>
    <SwapData>
      <LegData>
        <LegType>Fixed</LegType>
        <Payer>true</Payer>
        <Currency>EUR</Currency>
        <Notionals>
          <Notional>10000000.000000</Notional>
        </Notionals>
        <DayCounter>30/360</DayCounter>
        <PaymentConvention>F</PaymentConvention>
        <FixedLegData>
          <Rates>
            <Rate>0.008375</Rate>
          </Rates>
        </FixedLegData>
        <ScheduleData>
          <Rules>
            <StartDate>2016-02-05</StartDate>
            <EndDate>2021-02-05</EndDate>
            <Tenor>1Y</Tenor>
            <Calendar>TARGET</Calendar>
            <Convention>F</Convention>
            <TermConvention>F</TermConvention>
            <Rule>Forward</Rule>
            <EndOfMonth/>
            <FirstDate/>
            <LastDate/>
          </Rules>
        </ScheduleData>
      </LegData>
      <LegData>
        <LegType>YY</LegType>
        <Payer>false</Payer>
        <Currency>EUR</Currency>
        <Notionals>
          <Notional>10000000</Notional>
        </Notionals>
        <DayCounter>ACT/ACT</DayCounter>
        <PaymentConvention>Following</PaymentConvention>
        <ScheduleData>
          <Rules>
            <StartDate>2016-02-05</StartDate>
            <EndDate>2021-02-05</EndDate>
            <Tenor>1Y</Tenor>
            <Calendar>UK</Calendar>
            <Convention>ModifiedFollowing</Convention>
            <TermConvention>ModifiedFollowing</TermConvention>
            <Rule>Forward</Rule>
            <EndOfMonth/>
            <FirstDate/>
            <LastDate/>
          </Rules>
        </ScheduleData>
        <YYLegData>
          <Index>EUHICPXT</Index>
          <FixingDays>2</FixingDays>
          <ObservationLag>2M</ObservationLag>
          <Caps>
            <Cap>0.01</Cap>
            <Cap startDate="2016-02-05">0.01</Cap>
            <Cap startDate="2017-02-05">0.015</Cap>
            <Cap startDate="2018-02-05">0.02</Cap>
            <Cap startDate="2019-02-05">0.025</Cap>
            <Cap startDate="2020-02-05">0.03</Cap>
          </Caps>
          <Floors>
            <Floor>0.005</Floor>
            <Floor startDate="2016-02-05">0.005</Floor>
            <Floor startDate="2017-02-05">0.0045</Floor>
            <Floor startDate="2018-02-05">0.004</Floor>
            <Floor startDate="2019-02-05">0.0035</Floor>
            <Floor startDate="2020-02-05">0.003</Floor>
          </Floors>
        </YYLegData>
      </LegData>
    </SwapData>
  </Trade>
  
  <Trade id="CapFloored_YoY_Swap_Naked">
    <TradeType>Swap</TradeType>
    <Envelope>
      <CounterParty>CPTY_A</CounterParty>
      <NettingSetId>CPTY_A</NettingSetId>
      <AdditionalFields/>
    </Envelope>
    <SwapData>
      <LegData>
        <LegType>Fixed</LegType>
        <Payer>true</Payer>
        <Currency>EUR</Currency>
        <Notionals>
          <Notional>10000000.000000</Notional>
        </Notionals>
        <DayCounter>30/360</DayCounter>
        <PaymentConvention>F</PaymentConvention>
        <FixedLegData>
          <Rates>
            <Rate>0.008375</Rate>
          </Rates>
        </FixedLegData>
        <ScheduleData>
          <Rules>
            <StartDate>2016-02-05</StartDate>
            <EndDate>2021-02-05</EndDate>
            <Tenor>1Y</Tenor>
            <Calendar>TARGET</Calendar>
            <Convention>F</Convention>
            <TermConvention>F</TermConvention>
            <Rule>Forward</Rule>
            <EndOfMonth/>
            <FirstDate/>
            <LastDate/>
          </Rules>
        </ScheduleData>
      </LegData>
      <LegData>
        <LegType>YY</LegType>
        <Payer>false</Payer>
        <Currency>EUR</Currency>
        <Notionals>
          <Notional>10000000</Notional>
        </Notionals>
        <DayCounter>ACT/ACT</DayCounter>
        <PaymentConvention>Following</PaymentConvention>
        <ScheduleData>
          <Rules>
            <StartDate>2016-02-05</StartDate>
            <EndDate>2021-02-05</EndDate>
            <Tenor>1Y</Tenor>
            <Calendar>UK</Calendar>
            <Convention>ModifiedFollowing</Convention>
            <TermConvention>ModifiedFollowing</TermConvention>
            <Rule>Forward</Rule>
            <EndOfMonth/>
            <FirstDate/>
            <LastDate/>
          </Rules>
        </ScheduleData>
        <YYLegData>
          <Index>EUHICPXT</Index>
          <FixingDays>2</FixingDays>
          <ObservationLag>2M</ObservationLag>
          <Caps>
            <Cap>0.03</Cap>
          </Caps>
          <Floors>
            <Floor>0.005</Floor>
          </Floors>
          <NakedOption>true</NakedOption>
        </YYLegData>
      </LegData>
    </SwapData>
  </Trade>
  
  <Trade id="CPI_Swap_1">
    <TradeType>Swap</TradeType>
    <Envelope>
      <CounterParty>CPTY_A</CounterParty>
      <NettingSetId>CPTY_A</NettingSetId>
      <AdditionalFields/>
    </Envelope>
    <SwapData>
      <LegData>
        <LegType>ZeroCouponFixed</LegType>
        <Payer>true</Payer>
        <Currency>EUR</Currency>
        <DayCounter>Year</DayCounter>
        <PaymentConvention>Unadjusted</PaymentConvention>
        <Notionals>
          <Notional>10000000</Notional>
        </Notionals>
        <ScheduleData>
          <Rules>
            <StartDate>2016-02-05</StartDate>
            <EndDate>2036-02-05</EndDate>
            <Tenor>20Y</Tenor>
            <Calendar>TARGET</Calendar>
            <Convention>MF</Convention>
            <TermConvention>MF</TermConvention>
            <Rule>Zero</Rule>
            <EndOfMonth/>
            <FirstDate/>
            <LastDate/>
          </Rules>
        </ScheduleData>
        <ZeroCouponFixedLegData>
	  <Rates>
            <Rate>0.056467309</Rate><!-- so that (1+Rate)^20 = 3 and
	    payoff = (1+Rate)^20 - 1 = 2 -->
          </Rates>
          <Compounding>Compounded</Compounding>
	  <SubtractNotional>true</SubtractNotional>
        </ZeroCouponFixedLegData>
      </LegData>
      <LegData>
        <LegType>CPI</LegType>
        <Payer>false</Payer>
        <Currency>EUR</Currency>
        <Notionals>
          <Notional>10000000</Notional>
	  <Exchanges>
	    <NotionalFinalExchange>true</NotionalFinalExchange>
	  </Exchanges>
        </Notionals>
        <DayCounter>ACT/ACT</DayCounter>
        <PaymentConvention>Following</PaymentConvention>
        <ScheduleData>
          <Dates>
	    <Calendar>EUR</Calendar>
	    <Dates>
	      <Date>2036-02-05</Date>
	    </Dates>
          </Dates>
        </ScheduleData>
        <CPILegData>
          <Index>EUHICPXT</Index>
          <Rates>
            <Rate>1</Rate>
          </Rates>
          <BaseCPI>100</BaseCPI>
	  <StartDate>2016-02-05</StartDate>
          <ObservationLag>3M</ObservationLag>
          <Interpolation>AsIndex</Interpolation>
	  <SubtractInflationNotional>true</SubtractInflationNotional>
        </CPILegData>
      </LegData>
    </SwapData>
  </Trade>

  <Trade id="CPI_Swap_2">
    <TradeType>Swap</TradeType>
    <Envelope>
      <CounterParty>CPTY_A</CounterParty>
      <NettingSetId>CPTY_A</NettingSetId>
      <AdditionalFields/>
    </Envelope>
    <SwapData>
      <LegData>
        <LegType>Floating</LegType>
        <Payer>true</Payer>
        <Currency>EUR</Currency>
        <Notionals>
          <Notional>10000000</Notional>
        </Notionals>
        <DayCounter>ACT/ACT</DayCounter>
        <PaymentConvention>ModifiedFollowing</PaymentConvention>
        <FloatingLegData>
          <Index>EUR-EURIBOR-6M</Index>
          <Spreads>
            <Spread>0.0</Spread>
          </Spreads>
          <IsInArrears>false</IsInArrears>
        </FloatingLegData>
        <ScheduleData>
          <Rules>
            <StartDate>2016-02-05</StartDate>
            <EndDate>2021-02-05</EndDate>
            <Tenor>6M</Tenor>
            <Calendar>EUR</Calendar>
            <Convention>ModifiedFollowing</Convention>
            <TermConvention>ModifiedFollowing</TermConvention>
            <Rule>Forward</Rule>
            <EndOfMonth/>
            <FirstDate/>
            <LastDate/>
          </Rules>
        </ScheduleData>
      </LegData>
      <LegData>
        <LegType>CPI</LegType>
        <Payer>false</Payer>
        <Currency>EUR</Currency>
        <Notionals>
          <Notional>10000000</Notional>
        </Notionals>
        <DayCounter>ACT/ACT</DayCounter>
        <PaymentConvention>Following</PaymentConvention>
        <ScheduleData>
          <Rules>
            <StartDate>2016-02-05</StartDate>
            <EndDate>2021-02-05</EndDate>
            <Tenor>1Y</Tenor>
            <Calendar>EUR</Calendar>
            <Convention>ModifiedFollowing</Convention>
            <TermConvention>ModifiedFollowing</TermConvention>
            <Rule>Forward</Rule>
            <EndOfMonth/>
            <FirstDate/>
            <LastDate/>
          </Rules>
        </ScheduleData>
        <CPILegData>
          <Index>EUHICPXT</Index>
          <Rates>
            <Rate>0.02</Rate>
          </Rates>
          <BaseCPI>100</BaseCPI>
          <StartDate>2016-02-05</StartDate>
          <ObservationLag>3M</ObservationLag>
          <Interpolation>AsIndex</Interpolation>
	  <SubtractInflationNotional>true</SubtractInflationNotional>
	</CPILegData>
      </LegData>
    </SwapData>
  </Trade>

  <Trade id="CappedFloored_CPI_Swap_1">
    <TradeType>Swap</TradeType>
    <Envelope>
      <CounterParty>CPTY_A</CounterParty>
      <NettingSetId>CPTY_A</NettingSetId>
      <AdditionalFields/>
    </Envelope>
    <SwapData>
      <LegData>
        <LegType>ZeroCouponFixed</LegType>
        <Payer>true</Payer>
        <Currency>EUR</Currency>
        <DayCounter>Year</DayCounter>
        <PaymentConvention>Unadjusted</PaymentConvention>
        <Notionals>
          <Notional>10000000</Notional>
        </Notionals>
        <ScheduleData>
          <Rules>
            <StartDate>2016-02-05</StartDate>
            <EndDate>2036-02-05</EndDate>
            <Tenor>20Y</Tenor>
            <Calendar>TARGET</Calendar>
            <Convention>MF</Convention>
            <TermConvention>MF</TermConvention>
            <Rule>Zero</Rule>
            <EndOfMonth/>
            <FirstDate/>
            <LastDate/>
          </Rules>
        </ScheduleData>
        <ZeroCouponFixedLegData>
	  <Rates>
            <Rate>0.056467309</Rate>
          </Rates>
          <Compounding>Compounded</Compounding>
	  <SubtractNotional>true</SubtractNotional>
        </ZeroCouponFixedLegData>
      </LegData>
      <LegData>
        <LegType>CPI</LegType>
        <Payer>false</Payer>
        <Currency>EUR</Currency>
        <Notionals>
          <Notional>10000000</Notional>
	  <Exchanges>
	    <NotionalFinalExchange>true</NotionalFinalExchange>
	  </Exchanges>
        </Notionals>
        <DayCounter>ACT/ACT</DayCounter>
        <PaymentConvention>Following</PaymentConvention>
        <ScheduleData>
          <Dates>
	    <Calendar>EUR</Calendar>
	    <Dates>
	      <Date>2036-02-05</Date>
	    </Dates>
          </Dates>
        </ScheduleData>
        <CPILegData>
          <Index>EUHICPXT</Index>
          <Rates>
            <Rate>1</Rate>
          </Rates>
          <BaseCPI>100</BaseCPI>
	  <StartDate>2016-02-05</StartDate>
          <ObservationLag>3M</ObservationLag>
          <Interpolation>AsIndex</Interpolation>
	  <SubtractInflationNotional>true</SubtractInflationNotional>
	  <Caps>
	    <Cap>0.03</Cap>
	  </Caps>
        </CPILegData>
      </LegData>
    </SwapData>
  </Trade>

  <Trade id="CappedFloored_CPI_Swap_2">
    <TradeType>Swap</TradeType>
    <Envelope>
      <CounterParty>CPTY_A</CounterParty>
      <NettingSetId>CPTY_A</NettingSetId>
      <AdditionalFields/>
    </Envelope>
    <SwapData>
      <LegData>
        <LegType>Floating</LegType>
        <Payer>true</Payer>
        <Currency>EUR</Currency>
        <Notionals>
          <Notional>10000000</Notional>
        </Notionals>
        <DayCounter>ACT/ACT</DayCounter>
        <PaymentConvention>ModifiedFollowing</PaymentConvention>
        <FloatingLegData>
          <Index>EUR-EURIBOR-6M</Index>
          <Spreads>
            <Spread>0.0</Spread>
          </Spreads>
          <IsInArrears>false</IsInArrears>
        </FloatingLegData>
        <ScheduleData>
          <Rules>
            <StartDate>2016-02-05</StartDate>
            <EndDate>2021-02-05</EndDate>
            <Tenor>6M</Tenor>
            <Calendar>EUR</Calendar>
            <Convention>ModifiedFollowing</Convention>
            <TermConvention>ModifiedFollowing</TermConvention>
            <Rule>Forward</Rule>
            <EndOfMonth/>
            <FirstDate/>
            <LastDate/>
          </Rules>
        </ScheduleData>
      </LegData>
      <LegData>
        <LegType>CPI</LegType>
        <Payer>false</Payer>
        <Currency>EUR</Currency>
        <Notionals>
          <Notional>10000000</Notional>
        </Notionals>
        <DayCounter>ACT/ACT</DayCounter>
        <PaymentConvention>Following</PaymentConvention>
        <ScheduleData>
          <Rules>
            <StartDate>2016-02-05</StartDate>
            <EndDate>2021-02-05</EndDate>
            <Tenor>1Y</Tenor>
            <Calendar>EUR</Calendar>
            <Convention>ModifiedFollowing</Convention>
            <TermConvention>ModifiedFollowing</TermConvention>
            <Rule>Forward</Rule>
            <EndOfMonth/>
            <FirstDate/>
            <LastDate/>
          </Rules>
        </ScheduleData>
        <CPILegData>
          <Index>EUHICPXT</Index>
          <Rates>
            <Rate>0.02</Rate>
          </Rates>
          <BaseCPI>100</BaseCPI>
          <StartDate>2016-02-05</StartDate>
          <ObservationLag>3M</ObservationLag>
          <Interpolation>AsIndex</Interpolation>
	  <SubtractInflationNotional>true</SubtractInflationNotional>
	  <Caps>
	    <Cap>0.03</Cap>
	  </Caps>
	</CPILegData>
      </LegData>
    </SwapData>
  </Trade>

  <Trade id="CappedFloored_CPI_Swap_1_Naked">
    <TradeType>Swap</TradeType>
    <Envelope>
      <CounterParty>CPTY_A</CounterParty>
      <NettingSetId>CPTY_A</NettingSetId>
      <AdditionalFields/>
    </Envelope>
    <SwapData>
      <LegData>
        <LegType>CPI</LegType>
        <Payer>false</Payer>
        <Currency>EUR</Currency>
        <Notionals>
          <Notional>10000000</Notional>
	  <Exchanges>
	    <NotionalFinalExchange>true</NotionalFinalExchange>
	  </Exchanges>
        </Notionals>
        <DayCounter>ACT/ACT</DayCounter>
        <PaymentConvention>Following</PaymentConvention>
        <ScheduleData>
          <Dates>
	    <Calendar>EUR</Calendar>
	    <Dates>
	      <Date>2036-02-05</Date>
	    </Dates>
          </Dates>
        </ScheduleData>
        <CPILegData>
          <Index>EUHICPXT</Index>
          <Rates>
            <Rate>1</Rate>
          </Rates>
          <BaseCPI>100</BaseCPI>
	  <StartDate>2016-02-05</StartDate>
          <ObservationLag>3M</ObservationLag>
          <Interpolation>AsIndex</Interpolation>
	  <SubtractInflationNotional>true</SubtractInflationNotional>
	  <Caps>
	    <Cap>0.03</Cap>
	  </Caps>
	  <NakedOption>true</NakedOption>
        </CPILegData>
      </LegData>
    </SwapData>
  </Trade>

  <Trade id="CappedFloored_CPI_Swap_2_Naked">
    <TradeType>Swap</TradeType>
    <Envelope>
      <CounterParty>CPTY_A</CounterParty>
      <NettingSetId>CPTY_A</NettingSetId>
      <AdditionalFields/>
    </Envelope>
    <SwapData>
      <LegData>
        <LegType>CPI</LegType>
        <Payer>false</Payer>
        <Currency>EUR</Currency>
        <Notionals>
          <Notional>10000000</Notional>
        </Notionals>
        <DayCounter>ACT/ACT</DayCounter>
        <PaymentConvention>Following</PaymentConvention>
        <ScheduleData>
          <Rules>
            <StartDate>2016-02-05</StartDate>
            <EndDate>2021-02-05</EndDate>
            <Tenor>1Y</Tenor>
            <Calendar>EUR</Calendar>
            <Convention>ModifiedFollowing</Convention>
            <TermConvention>ModifiedFollowing</TermConvention>
            <Rule>Forward</Rule>
            <EndOfMonth/>
            <FirstDate/>
            <LastDate/>
          </Rules>
        </ScheduleData>
        <CPILegData>
          <Index>EUHICPXT</Index>
          <Rates>
            <Rate>0.02</Rate>
          </Rates>
          <BaseCPI>100</BaseCPI>
          <StartDate>2016-02-05</StartDate>
          <ObservationLag>3M</ObservationLag>
          <Interpolation>AsIndex</Interpolation>
	  <SubtractInflationNotional>true</SubtractInflationNotional>
	  <Caps>
	    <Cap>0.03</Cap>
	  </Caps>
	  <NakedOption>true</NakedOption>
	</CPILegData>
      </LegData>
    </SwapData>
  </Trade>

  <Trade id="CPI_CapFloor_1">
    <TradeType>CapFloor</TradeType>
    <Envelope>
      <CounterParty>CPTY_B</CounterParty>
      <NettingSetId>CPTY_B</NettingSetId>
      <AdditionalFields/>
    </Envelope>
    <CapFloorData>
      <LongShort>Long</LongShort>
      <LegData>
        <LegType>CPI</LegType>
        <Payer>false</Payer>
        <Currency>EUR</Currency>
        <Notionals>
          <Notional>10000000</Notional>
	  <Exchanges>
	    <NotionalFinalExchange>true</NotionalFinalExchange>
	  </Exchanges>
        </Notionals>
        <DayCounter>ACT/ACT</DayCounter>
        <PaymentConvention>Following</PaymentConvention>
        <ScheduleData>
          <Dates>
	    <Calendar>EUR</Calendar>
	    <Dates>
	      <Date>2036-02-05</Date>
	    </Dates>
          </Dates>
        </ScheduleData>
        <CPILegData>
          <Index>EUHICPXT</Index>
          <Rates>
            <Rate>1</Rate>
          </Rates>
          <BaseCPI>100</BaseCPI>
	  <StartDate>2016-02-05</StartDate>
          <ObservationLag>3M</ObservationLag>
          <Interpolation>AsIndex</Interpolation>
	  <SubtractInflationNotional>true</SubtractInflationNotional>
        </CPILegData>
      </LegData>
      <Caps>
	<Cap>0.03</Cap>
      </Caps>
    </CapFloorData>
  </Trade>

  <Trade id="CPI_CapFloor_2">
    <TradeType>CapFloor</TradeType>
    <Envelope>
      <CounterParty>CPTY_B</CounterParty>
      <NettingSetId>CPTY_B</NettingSetId>
      <AdditionalFields/>
    </Envelope>
    <CapFloorData>
      <LongShort>Long</LongShort>
      <LegData>
        <LegType>CPI</LegType>
        <Payer>false</Payer>
        <Currency>EUR</Currency>
        <Notionals>
          <Notional>10000000</Notional>
        </Notionals>
        <DayCounter>ACT/ACT</DayCounter>
        <PaymentConvention>Following</PaymentConvention>
        <ScheduleData>
          <Rules>
            <StartDate>2016-02-05</StartDate>
            <EndDate>2021-02-05</EndDate>
            <Tenor>1Y</Tenor>
            <Calendar>EUR</Calendar>
            <Convention>ModifiedFollowing</Convention>
            <TermConvention>ModifiedFollowing</TermConvention>
            <Rule>Forward</Rule>
            <EndOfMonth/>
            <FirstDate/>
            <LastDate/>
          </Rules>
        </ScheduleData>
        <CPILegData>
          <Index>EUHICPXT</Index>
          <Rates>
            <Rate>0.02</Rate>
          </Rates>
          <BaseCPI>100</BaseCPI>
          <StartDate>2016-02-05</StartDate>
          <ObservationLag>3M</ObservationLag>
          <Interpolation>AsIndex</Interpolation>
	</CPILegData>
      </LegData>
      <Caps>
	<Cap>0.03</Cap>
      </Caps>
    </CapFloorData>
  </Trade>

</Portfolio>
