#TradeId,TradeType,Maturity,MaturityTime,NPV,NpvCurrency,NPV(Base),BaseCurrency,Notional,NotionalCurrency,Notional(Base),NettingSet,CounterParty
fra1,ForwardRateAgreement,2035-10-28,19.726289,-1375865.984196,EUR,-1375865.984196,EUR,100000000.00,EUR,100000000.00,CPTY_A,CPTY_A
averageOIS,Swap,2021-02-09,5.011221,-0.000003,USD,-0.000003,EUR,100000000.00,USD,88312931.57,CPTY_A,CPTY_A
averageOIS1,Swap,2021-02-09,5.011221,6032517.691724,USD,5327493.221297,EUR,100000000.00,USD,88312931.57,CPTY_A,CPTY_A
averageOIS2,Swap,2021-02-09,5.011221,-6032517.691727,USD,-5327493.221300,EUR,100000000.00,USD,88312931.57,CPTY_A,CPTY_A
