#TradeId,Factor,Up/Down,Base NPV,Scenario NPV,Difference
CommodityForward_Gold_1Y,DiscountCurve/USD/1/1Y,Up,1398.71,1398.57,-0.14
CommodityForward_Gold_1Y,DiscountCurve/USD/1/1Y,Down,1398.71,1398.85,0.14
CommodityForward_Gold_1Y,CommodityCurve/COMDTY_GOLD_USD/0/1Y,Up,1398.71,-10141.56,-11540.27
CommodityForward_Gold_1Y,CommodityCurve/COMDTY_GOLD_USD/0/1Y,Down,1398.71,12938.97,11540.27
CommodityForward_Gold_Apr_17,DiscountCurve/USD/1/1Y,Up,-8.90,-8.90,0.00
CommodityForward_Gold_Apr_17,DiscountCurve/USD/2/2Y,Up,-8.90,-8.90,0.00
CommodityForward_Gold_Apr_17,DiscountCurve/USD/1/1Y,Down,-8.90,-8.91,0.00
CommodityForward_Gold_Apr_17,DiscountCurve/USD/2/2Y,Down,-8.90,-8.91,0.00
CommodityForward_Gold_Apr_17,CommodityCurve/COMDTY_GOLD_USD/0/1Y,Up,-8.90,5432.87,5441.78
CommodityForward_Gold_Apr_17,CommodityCurve/COMDTY_GOLD_USD/1/5Y,Up,-8.90,315.89,324.80
CommodityForward_Gold_Apr_17,CommodityCurve/COMDTY_GOLD_USD/0/1Y,Down,-8.90,-5450.68,-5441.78
CommodityForward_Gold_Apr_17,CommodityCurve/COMDTY_GOLD_USD/1/5Y,Down,-8.90,-333.70,-324.80
CommodityForward_WTI_2Y,DiscountCurve/USD/2/2Y,Up,-1669620.66,-1669286.31,334.35
CommodityForward_WTI_2Y,DiscountCurve/USD/2/2Y,Down,-1669620.66,-1669955.07,-334.42
CommodityForward_WTI_2Y,CommodityCurve/COMDTY_WTI_USD/0/1Y,Up,-1669620.66,-1341516.12,328104.54
CommodityForward_WTI_2Y,CommodityCurve/COMDTY_WTI_USD/1/5Y,Up,-1669620.66,-1560352.27,109268.39
CommodityForward_WTI_2Y,CommodityCurve/COMDTY_WTI_USD/0/1Y,Down,-1669620.66,-1997725.19,-328104.54
CommodityForward_WTI_2Y,CommodityCurve/COMDTY_WTI_USD/1/5Y,Down,-1669620.66,-1778889.05,-109268.39
CommodityForward_WTI_Oct_21,DiscountCurve/USD/4/5Y,Up,81241.18,81215.45,-25.73
CommodityForward_WTI_Oct_21,DiscountCurve/USD/5/7Y,Up,81241.18,81220.29,-20.89
CommodityForward_WTI_Oct_21,DiscountCurve/USD/4/5Y,Down,81241.18,81266.92,25.74
CommodityForward_WTI_Oct_21,DiscountCurve/USD/5/7Y,Down,81241.18,81262.08,20.90
CommodityForward_WTI_Oct_21,CommodityCurve/COMDTY_WTI_USD/1/5Y,Up,81241.18,-116486.49,-197727.68
CommodityForward_WTI_Oct_21,CommodityCurve/COMDTY_WTI_USD/2/10Y,Up,81241.18,45159.57,-36081.62
CommodityForward_WTI_Oct_21,CommodityCurve/COMDTY_WTI_USD/1/5Y,Down,81241.18,278968.86,197727.68
CommodityForward_WTI_Oct_21,CommodityCurve/COMDTY_WTI_USD/2/10Y,Down,81241.18,117322.80,36081.62
CommodityOption_WTI_Oct_21,DiscountCurve/USD/4/5Y,Up,2361277.38,2360529.48,-747.90
CommodityOption_WTI_Oct_21,DiscountCurve/USD/5/7Y,Up,2361277.38,2360670.16,-607.21
CommodityOption_WTI_Oct_21,DiscountCurve/USD/4/5Y,Down,2361277.38,2362025.51,748.14
CommodityOption_WTI_Oct_21,DiscountCurve/USD/5/7Y,Down,2361277.38,2361884.75,607.37
CommodityOption_WTI_Oct_21,CommodityCurve/COMDTY_WTI_USD/1/5Y,Up,2361277.38,2470505.36,109227.98
CommodityOption_WTI_Oct_21,CommodityCurve/COMDTY_WTI_USD/2/10Y,Up,2361277.38,2381018.62,19741.24
CommodityOption_WTI_Oct_21,CommodityCurve/COMDTY_WTI_USD/1/5Y,Down,2361277.38,2254620.21,-106657.17
CommodityOption_WTI_Oct_21,CommodityCurve/COMDTY_WTI_USD/2/10Y,Down,2361277.38,2341621.75,-19655.63
CommodityOption_WTI_Oct_21,CommodityVolatility/COMDTY_WTI_USD/13/5Y/ATM,Up,2361277.38,2379211.10,17933.72
CommodityOption_WTI_Oct_21,CommodityVolatility/COMDTY_WTI_USD/21/5Y/1.167,Up,2361277.38,2361719.61,442.23
CommodityOption_WTI_Oct_21,CommodityVolatility/COMDTY_WTI_USD/15/10Y/ATM,Up,2361277.38,2366694.44,5417.06
CommodityOption_WTI_Oct_21,CommodityVolatility/COMDTY_WTI_USD/23/10Y/1.167,Up,2361277.38,2361410.98,133.60
CommodityOption_WTI_Oct_21,CommodityVolatility/COMDTY_WTI_USD/13/5Y/ATM,Down,2361277.38,2343386.22,-17891.16
CommodityOption_WTI_Oct_21,CommodityVolatility/COMDTY_WTI_USD/21/5Y/1.167,Down,2361277.38,2360839.46,-437.91
CommodityOption_WTI_Oct_21,CommodityVolatility/COMDTY_WTI_USD/15/10Y/ATM,Down,2361277.38,2355901.89,-5375.49
CommodityOption_WTI_Oct_21,CommodityVolatility/COMDTY_WTI_USD/23/10Y/1.167,Down,2361277.38,2361145.10,-132.28
CommodityOption_Gold_Apr_17,DiscountCurve/USD/1/1Y,Up,-23540.49,-23538.66,1.83
CommodityOption_Gold_Apr_17,DiscountCurve/USD/2/2Y,Up,-23540.49,-23539.43,1.06
CommodityOption_Gold_Apr_17,DiscountCurve/USD/1/1Y,Down,-23540.49,-23542.32,-1.83
CommodityOption_Gold_Apr_17,DiscountCurve/USD/2/2Y,Down,-23540.49,-23541.54,-1.06
CommodityOption_Gold_Apr_17,CommodityCurve/COMDTY_GOLD_USD/0/1Y,Up,-23540.49,-21029.73,2510.75
CommodityOption_Gold_Apr_17,CommodityCurve/COMDTY_GOLD_USD/1/5Y,Up,-23540.49,-23385.05,155.43
CommodityOption_Gold_Apr_17,CommodityCurve/COMDTY_GOLD_USD/0/1Y,Down,-23540.49,-26251.00,-2710.52
CommodityOption_Gold_Apr_17,CommodityCurve/COMDTY_GOLD_USD/1/5Y,Down,-23540.49,-23696.63,-156.15
CommodityOption_Gold_Apr_17,CommodityVolatility/COMDTY_GOLD_USD/1/1Y/ATM,Up,-23540.49,-23712.80,-172.32
CommodityOption_Gold_Apr_17,CommodityVolatility/COMDTY_GOLD_USD/5/5Y/ATM,Up,-23540.49,-23603.78,-63.29
CommodityOption_Gold_Apr_17,CommodityVolatility/COMDTY_GOLD_USD/1/1Y/ATM,Down,-23540.49,-23368.62,171.86
CommodityOption_Gold_Apr_17,CommodityVolatility/COMDTY_GOLD_USD/5/5Y/ATM,Down,-23540.49,-23477.65,62.83
