#TradeId,IsPar,Factor_1,ShiftSize_1,Factor_2,ShiftSize_2,Currency,Base NPV,Delta,Gamma
EQ_CALL_SP5,false,DiscountCurve/USD/2/2Y,0.000100,,0.000000,EUR,117919.85,-23.61,0.00
EQ_CALL_SP5,false,FXSpot/USDEUR/0/spot,0.008831,,0.000000,EUR,117919.85,1179.20,0.00
EQ_CALL_SP5,false,EquitySpot/SP5/0/spot,21.475600,,0.000000,EUR,117919.85,7132.60,229.34
EQ_CALL_SP5,false,EquityVolatility/SP5/2/2Y/ATM,0.000000,,0.000000,EUR,117919.85,1346.72,-0.03
EQ_PUT_SP5,false,DiscountCurve/USD/2/2Y,0.000100,,0.000000,EUR,-156160.15,31.27,-0.01
EQ_PUT_SP5,false,FXSpot/USDEUR/0/spot,0.008831,,0.000000,EUR,-156160.15,-1561.60,0.00
EQ_PUT_SP5,false,EquitySpot/SP5/0/spot,21.475600,,0.000000,EUR,-156160.15,6799.46,-229.34
EQ_PUT_SP5,false,EquityVolatility/SP5/2/2Y/ATM,0.000000,,0.000000,EUR,-156160.15,-1346.72,0.03
FX_CALL_OPTION,false,DiscountCurve/EUR/6/10Y,0.000100,,0.000000,EUR,254597.83,-716.77,1.39
FX_CALL_OPTION,false,DiscountCurve/EUR/7/15Y,0.000100,,0.000000,EUR,254597.83,-14.33,0.00
FX_CALL_OPTION,false,DiscountCurve/USD/6/10Y,0.000100,,0.000000,EUR,254597.83,466.12,0.22
FX_CALL_OPTION,false,DiscountCurve/USD/7/15Y,0.000100,,0.000000,EUR,254597.83,9.31,0.00
FX_CALL_OPTION,false,FXSpot/USDEUR/0/spot,0.008831,,0.000000,EUR,254597.83,-4683.40,69.79
FX_CALL_OPTION,false,FXVolatility/USDEUR/3/5Y/ATM,0.000000,,0.000000,EUR,254597.83,1296.11,2.39
FX_CALL_OPTION,false,DiscountCurve/EUR/6/10Y,0.000100,DiscountCurve/EUR/7/15Y,0.000100,EUR,254597.83,0.00,0.03
Swaption_CALL,false,DiscountCurve/EUR/1/1Y,0.000100,,0.000000,EUR,417384.56,-39.16,0.00
Swaption_CALL,false,DiscountCurve/EUR/2/2Y,0.000100,,0.000000,EUR,417384.56,-15.05,0.00
Swaption_CALL,false,DiscountCurve/EUR/3/3Y,0.000100,,0.000000,EUR,417384.56,-18.14,0.00
Swaption_CALL,false,DiscountCurve/EUR/4/5Y,0.000100,,0.000000,EUR,417384.56,-24.98,0.01
Swaption_CALL,false,DiscountCurve/EUR/5/7Y,0.000100,,0.000000,EUR,417384.56,-0.26,0.00
Swaption_CALL,false,DiscountCurve/EUR/6/10Y,0.000100,,0.000000,EUR,417384.56,58.32,-0.01
Swaption_CALL,false,DiscountCurve/EUR/7/15Y,0.000100,,0.000000,EUR,417384.56,113.27,0.00
Swaption_CALL,false,DiscountCurve/EUR/8/20Y,0.000100,,0.000000,EUR,417384.56,50.57,-0.02
Swaption_CALL,false,IndexCurve/EUR-EURIBOR-6M/1/1Y,0.000100,,0.000000,EUR,417384.56,385.24,0.24
Swaption_CALL,false,IndexCurve/EUR-EURIBOR-6M/2/2Y,0.000100,,0.000000,EUR,417384.56,56.68,-0.13
Swaption_CALL,false,IndexCurve/EUR-EURIBOR-6M/3/3Y,0.000100,,0.000000,EUR,417384.56,2.37,-0.24
Swaption_CALL,false,IndexCurve/EUR-EURIBOR-6M/4/5Y,0.000100,,0.000000,EUR,417384.56,-11.40,-0.47
Swaption_CALL,false,IndexCurve/EUR-EURIBOR-6M/5/7Y,0.000100,,0.000000,EUR,417384.56,-65.83,-0.77
Swaption_CALL,false,IndexCurve/EUR-EURIBOR-6M/6/10Y,0.000100,,0.000000,EUR,417384.56,-216.98,-0.92
Swaption_CALL,false,IndexCurve/EUR-EURIBOR-6M/7/15Y,0.000100,,0.000000,EUR,417384.56,-328.47,-1.43
Swaption_CALL,false,IndexCurve/EUR-EURIBOR-6M/8/20Y,0.000100,,0.000000,EUR,417384.56,-7125.25,87.25
Swaption_CALL,false,SwaptionVolatility/EUR/11/1Y/10Y/-0.01,0.000000,,0.000000,EUR,417384.56,1287.39,0.17
Swaption_CALL,false,SwaptionVolatility/EUR/12/1Y/10Y/ATM,0.000000,,0.000000,EUR,417384.56,4189.76,1.80
Swaption_CALL,false,SwaptionVolatility/EUR/26/5Y/10Y/-0.01,0.000000,,0.000000,EUR,417384.56,20.03,0.00
Swaption_CALL,false,SwaptionVolatility/EUR/27/5Y/10Y/ATM,0.000000,,0.000000,EUR,417384.56,66.02,0.00
Swaption_CALL,false,DiscountCurve/EUR/1/1Y,0.000100,DiscountCurve/EUR/2/2Y,0.000100,EUR,417384.56,0.00,0.00
Swaption_CALL,false,DiscountCurve/EUR/1/1Y,0.000100,DiscountCurve/EUR/3/3Y,0.000100,EUR,417384.56,0.00,0.00
Swaption_CALL,false,DiscountCurve/EUR/1/1Y,0.000100,DiscountCurve/EUR/4/5Y,0.000100,EUR,417384.56,0.00,0.00
Swaption_CALL,false,DiscountCurve/EUR/1/1Y,0.000100,DiscountCurve/EUR/5/7Y,0.000100,EUR,417384.56,0.00,0.00
Swaption_CALL,false,DiscountCurve/EUR/1/1Y,0.000100,DiscountCurve/EUR/6/10Y,0.000100,EUR,417384.56,0.00,-0.01
Swaption_CALL,false,DiscountCurve/EUR/1/1Y,0.000100,DiscountCurve/EUR/7/15Y,0.000100,EUR,417384.56,0.00,-0.01
Swaption_CALL,false,DiscountCurve/EUR/1/1Y,0.000100,DiscountCurve/EUR/8/20Y,0.000100,EUR,417384.56,0.00,0.00
Swaption_CALL,false,DiscountCurve/EUR/1/1Y,0.000100,IndexCurve/EUR-EURIBOR-6M/1/1Y,0.000100,EUR,417384.56,0.00,-0.05
Swaption_CALL,false,DiscountCurve/EUR/1/1Y,0.000100,IndexCurve/EUR-EURIBOR-6M/2/2Y,0.000100,EUR,417384.56,0.00,0.01
Swaption_CALL,false,DiscountCurve/EUR/1/1Y,0.000100,IndexCurve/EUR-EURIBOR-6M/3/3Y,0.000100,EUR,417384.56,0.00,0.00
Swaption_CALL,false,DiscountCurve/EUR/1/1Y,0.000100,IndexCurve/EUR-EURIBOR-6M/4/5Y,0.000100,EUR,417384.56,0.00,0.00
Swaption_CALL,false,DiscountCurve/EUR/1/1Y,0.000100,IndexCurve/EUR-EURIBOR-6M/5/7Y,0.000100,EUR,417384.56,0.00,0.01
Swaption_CALL,false,DiscountCurve/EUR/1/1Y,0.000100,IndexCurve/EUR-EURIBOR-6M/6/10Y,0.000100,EUR,417384.56,0.00,0.02
Swaption_CALL,false,DiscountCurve/EUR/1/1Y,0.000100,IndexCurve/EUR-EURIBOR-6M/7/15Y,0.000100,EUR,417384.56,0.00,0.03
Swaption_CALL,false,DiscountCurve/EUR/1/1Y,0.000100,IndexCurve/EUR-EURIBOR-6M/8/20Y,0.000100,EUR,417384.56,0.00,0.67
Swaption_CALL,false,DiscountCurve/EUR/2/2Y,0.000100,DiscountCurve/EUR/3/3Y,0.000100,EUR,417384.56,0.00,0.00
Swaption_CALL,false,DiscountCurve/EUR/2/2Y,0.000100,DiscountCurve/EUR/4/5Y,0.000100,EUR,417384.56,0.00,0.00
Swaption_CALL,false,DiscountCurve/EUR/2/2Y,0.000100,DiscountCurve/EUR/5/7Y,0.000100,EUR,417384.56,0.00,0.00
Swaption_CALL,false,DiscountCurve/EUR/2/2Y,0.000100,DiscountCurve/EUR/6/10Y,0.000100,EUR,417384.56,0.00,0.00
Swaption_CALL,false,DiscountCurve/EUR/2/2Y,0.000100,DiscountCurve/EUR/7/15Y,0.000100,EUR,417384.56,0.00,-0.01
Swaption_CALL,false,DiscountCurve/EUR/2/2Y,0.000100,DiscountCurve/EUR/8/20Y,0.000100,EUR,417384.56,0.00,0.00
Swaption_CALL,false,DiscountCurve/EUR/2/2Y,0.000100,IndexCurve/EUR-EURIBOR-6M/1/1Y,0.000100,EUR,417384.56,0.00,-0.06
Swaption_CALL,false,DiscountCurve/EUR/2/2Y,0.000100,IndexCurve/EUR-EURIBOR-6M/2/2Y,0.000100,EUR,417384.56,0.00,0.07
Swaption_CALL,false,DiscountCurve/EUR/2/2Y,0.000100,IndexCurve/EUR-EURIBOR-6M/3/3Y,0.000100,EUR,417384.56,0.00,0.07
Swaption_CALL,false,DiscountCurve/EUR/2/2Y,0.000100,IndexCurve/EUR-EURIBOR-6M/4/5Y,0.000100,EUR,417384.56,0.00,0.00
Swaption_CALL,false,DiscountCurve/EUR/2/2Y,0.000100,IndexCurve/EUR-EURIBOR-6M/5/7Y,0.000100,EUR,417384.56,0.00,0.00
Swaption_CALL,false,DiscountCurve/EUR/2/2Y,0.000100,IndexCurve/EUR-EURIBOR-6M/6/10Y,0.000100,EUR,417384.56,0.00,0.00
Swaption_CALL,false,DiscountCurve/EUR/2/2Y,0.000100,IndexCurve/EUR-EURIBOR-6M/7/15Y,0.000100,EUR,417384.56,0.00,0.01
Swaption_CALL,false,DiscountCurve/EUR/2/2Y,0.000100,IndexCurve/EUR-EURIBOR-6M/8/20Y,0.000100,EUR,417384.56,0.00,0.14
Swaption_CALL,false,DiscountCurve/EUR/3/3Y,0.000100,DiscountCurve/EUR/4/5Y,0.000100,EUR,417384.56,0.00,0.00
Swaption_CALL,false,DiscountCurve/EUR/3/3Y,0.000100,DiscountCurve/EUR/5/7Y,0.000100,EUR,417384.56,0.00,0.00
Swaption_CALL,false,DiscountCurve/EUR/3/3Y,0.000100,DiscountCurve/EUR/6/10Y,0.000100,EUR,417384.56,0.00,0.00
Swaption_CALL,false,DiscountCurve/EUR/3/3Y,0.000100,DiscountCurve/EUR/7/15Y,0.000100,EUR,417384.56,0.00,-0.01
Swaption_CALL,false,DiscountCurve/EUR/3/3Y,0.000100,DiscountCurve/EUR/8/20Y,0.000100,EUR,417384.56,0.00,-0.01
Swaption_CALL,false,DiscountCurve/EUR/3/3Y,0.000100,IndexCurve/EUR-EURIBOR-6M/1/1Y,0.000100,EUR,417384.56,0.00,-0.01
Swaption_CALL,false,DiscountCurve/EUR/3/3Y,0.000100,IndexCurve/EUR-EURIBOR-6M/2/2Y,0.000100,EUR,417384.56,0.00,-0.17
Swaption_CALL,false,DiscountCurve/EUR/3/3Y,0.000100,IndexCurve/EUR-EURIBOR-6M/3/3Y,0.000100,EUR,417384.56,0.00,0.12
Swaption_CALL,false,DiscountCurve/EUR/3/3Y,0.000100,IndexCurve/EUR-EURIBOR-6M/4/5Y,0.000100,EUR,417384.56,0.00,0.24
Swaption_CALL,false,DiscountCurve/EUR/3/3Y,0.000100,IndexCurve/EUR-EURIBOR-6M/5/7Y,0.000100,EUR,417384.56,0.00,0.00
Swaption_CALL,false,DiscountCurve/EUR/3/3Y,0.000100,IndexCurve/EUR-EURIBOR-6M/6/10Y,0.000100,EUR,417384.56,0.00,0.00
Swaption_CALL,false,DiscountCurve/EUR/3/3Y,0.000100,IndexCurve/EUR-EURIBOR-6M/7/15Y,0.000100,EUR,417384.56,0.00,0.00
Swaption_CALL,false,DiscountCurve/EUR/3/3Y,0.000100,IndexCurve/EUR-EURIBOR-6M/8/20Y,0.000100,EUR,417384.56,0.00,0.04
Swaption_CALL,false,DiscountCurve/EUR/4/5Y,0.000100,DiscountCurve/EUR/5/7Y,0.000100,EUR,417384.56,0.00,0.00
Swaption_CALL,false,DiscountCurve/EUR/4/5Y,0.000100,DiscountCurve/EUR/6/10Y,0.000100,EUR,417384.56,0.00,0.00
Swaption_CALL,false,DiscountCurve/EUR/4/5Y,0.000100,DiscountCurve/EUR/7/15Y,0.000100,EUR,417384.56,0.00,-0.01
Swaption_CALL,false,DiscountCurve/EUR/4/5Y,0.000100,DiscountCurve/EUR/8/20Y,0.000100,EUR,417384.56,0.00,-0.01
Swaption_CALL,false,DiscountCurve/EUR/4/5Y,0.000100,IndexCurve/EUR-EURIBOR-6M/1/1Y,0.000100,EUR,417384.56,0.00,0.01
Swaption_CALL,false,DiscountCurve/EUR/4/5Y,0.000100,IndexCurve/EUR-EURIBOR-6M/2/2Y,0.000100,EUR,417384.56,0.00,-0.01
Swaption_CALL,false,DiscountCurve/EUR/4/5Y,0.000100,IndexCurve/EUR-EURIBOR-6M/3/3Y,0.000100,EUR,417384.56,0.00,-0.37
Swaption_CALL,false,DiscountCurve/EUR/4/5Y,0.000100,IndexCurve/EUR-EURIBOR-6M/4/5Y,0.000100,EUR,417384.56,0.00,0.24
Swaption_CALL,false,DiscountCurve/EUR/4/5Y,0.000100,IndexCurve/EUR-EURIBOR-6M/5/7Y,0.000100,EUR,417384.56,0.00,0.55
Swaption_CALL,false,DiscountCurve/EUR/4/5Y,0.000100,IndexCurve/EUR-EURIBOR-6M/6/10Y,0.000100,EUR,417384.56,0.00,0.00
Swaption_CALL,false,DiscountCurve/EUR/4/5Y,0.000100,IndexCurve/EUR-EURIBOR-6M/7/15Y,0.000100,EUR,417384.56,0.00,0.00
Swaption_CALL,false,DiscountCurve/EUR/4/5Y,0.000100,IndexCurve/EUR-EURIBOR-6M/8/20Y,0.000100,EUR,417384.56,0.00,-0.09
Swaption_CALL,false,DiscountCurve/EUR/5/7Y,0.000100,DiscountCurve/EUR/6/10Y,0.000100,EUR,417384.56,0.00,0.00
Swaption_CALL,false,DiscountCurve/EUR/5/7Y,0.000100,DiscountCurve/EUR/7/15Y,0.000100,EUR,417384.56,0.00,0.01
Swaption_CALL,false,DiscountCurve/EUR/5/7Y,0.000100,DiscountCurve/EUR/8/20Y,0.000100,EUR,417384.56,0.00,0.00
Swaption_CALL,false,DiscountCurve/EUR/5/7Y,0.000100,IndexCurve/EUR-EURIBOR-6M/1/1Y,0.000100,EUR,417384.56,0.00,0.04
Swaption_CALL,false,DiscountCurve/EUR/5/7Y,0.000100,IndexCurve/EUR-EURIBOR-6M/2/2Y,0.000100,EUR,417384.56,0.00,0.01
Swaption_CALL,false,DiscountCurve/EUR/5/7Y,0.000100,IndexCurve/EUR-EURIBOR-6M/3/3Y,0.000100,EUR,417384.56,0.00,-0.01
Swaption_CALL,false,DiscountCurve/EUR/5/7Y,0.000100,IndexCurve/EUR-EURIBOR-6M/4/5Y,0.000100,EUR,417384.56,0.00,-0.87
Swaption_CALL,false,DiscountCurve/EUR/5/7Y,0.000100,IndexCurve/EUR-EURIBOR-6M/5/7Y,0.000100,EUR,417384.56,0.00,0.40
Swaption_CALL,false,DiscountCurve/EUR/5/7Y,0.000100,IndexCurve/EUR-EURIBOR-6M/6/10Y,0.000100,EUR,417384.56,0.00,1.17
Swaption_CALL,false,DiscountCurve/EUR/5/7Y,0.000100,IndexCurve/EUR-EURIBOR-6M/7/15Y,0.000100,EUR,417384.56,0.00,-0.03
Swaption_CALL,false,DiscountCurve/EUR/5/7Y,0.000100,IndexCurve/EUR-EURIBOR-6M/8/20Y,0.000100,EUR,417384.56,0.00,-0.69
Swaption_CALL,false,DiscountCurve/EUR/6/10Y,0.000100,DiscountCurve/EUR/7/15Y,0.000100,EUR,417384.56,0.00,0.03
Swaption_CALL,false,DiscountCurve/EUR/6/10Y,0.000100,DiscountCurve/EUR/8/20Y,0.000100,EUR,417384.56,0.00,0.03
Swaption_CALL,false,DiscountCurve/EUR/6/10Y,0.000100,IndexCurve/EUR-EURIBOR-6M/1/1Y,0.000100,EUR,417384.56,0.00,0.12
Swaption_CALL,false,DiscountCurve/EUR/6/10Y,0.000100,IndexCurve/EUR-EURIBOR-6M/2/2Y,0.000100,EUR,417384.56,0.00,0.02
Swaption_CALL,false,DiscountCurve/EUR/6/10Y,0.000100,IndexCurve/EUR-EURIBOR-6M/3/3Y,0.000100,EUR,417384.56,0.00,0.00
Swaption_CALL,false,DiscountCurve/EUR/6/10Y,0.000100,IndexCurve/EUR-EURIBOR-6M/4/5Y,0.000100,EUR,417384.56,0.00,-0.01
Swaption_CALL,false,DiscountCurve/EUR/6/10Y,0.000100,IndexCurve/EUR-EURIBOR-6M/5/7Y,0.000100,EUR,417384.56,0.00,-1.63
Swaption_CALL,false,DiscountCurve/EUR/6/10Y,0.000100,IndexCurve/EUR-EURIBOR-6M/6/10Y,0.000100,EUR,417384.56,0.00,0.51
Swaption_CALL,false,DiscountCurve/EUR/6/10Y,0.000100,IndexCurve/EUR-EURIBOR-6M/7/15Y,0.000100,EUR,417384.56,0.00,2.51
Swaption_CALL,false,DiscountCurve/EUR/6/10Y,0.000100,IndexCurve/EUR-EURIBOR-6M/8/20Y,0.000100,EUR,417384.56,0.00,-2.23
Swaption_CALL,false,DiscountCurve/EUR/7/15Y,0.000100,DiscountCurve/EUR/8/20Y,0.000100,EUR,417384.56,0.00,0.03
Swaption_CALL,false,DiscountCurve/EUR/7/15Y,0.000100,IndexCurve/EUR-EURIBOR-6M/1/1Y,0.000100,EUR,417384.56,0.00,0.22
Swaption_CALL,false,DiscountCurve/EUR/7/15Y,0.000100,IndexCurve/EUR-EURIBOR-6M/2/2Y,0.000100,EUR,417384.56,0.00,0.03
Swaption_CALL,false,DiscountCurve/EUR/7/15Y,0.000100,IndexCurve/EUR-EURIBOR-6M/3/3Y,0.000100,EUR,417384.56,0.00,0.00
Swaption_CALL,false,DiscountCurve/EUR/7/15Y,0.000100,IndexCurve/EUR-EURIBOR-6M/4/5Y,0.000100,EUR,417384.56,0.00,-0.01
Swaption_CALL,false,DiscountCurve/EUR/7/15Y,0.000100,IndexCurve/EUR-EURIBOR-6M/5/7Y,0.000100,EUR,417384.56,0.00,-0.05
Swaption_CALL,false,DiscountCurve/EUR/7/15Y,0.000100,IndexCurve/EUR-EURIBOR-6M/6/10Y,0.000100,EUR,417384.56,0.00,-3.20
Swaption_CALL,false,DiscountCurve/EUR/7/15Y,0.000100,IndexCurve/EUR-EURIBOR-6M/7/15Y,0.000100,EUR,417384.56,0.00,0.82
Swaption_CALL,false,DiscountCurve/EUR/7/15Y,0.000100,IndexCurve/EUR-EURIBOR-6M/8/20Y,0.000100,EUR,417384.56,0.00,0.72
Swaption_CALL,false,DiscountCurve/EUR/8/20Y,0.000100,IndexCurve/EUR-EURIBOR-6M/1/1Y,0.000100,EUR,417384.56,0.00,0.15
Swaption_CALL,false,DiscountCurve/EUR/8/20Y,0.000100,IndexCurve/EUR-EURIBOR-6M/2/2Y,0.000100,EUR,417384.56,0.00,0.02
Swaption_CALL,false,DiscountCurve/EUR/8/20Y,0.000100,IndexCurve/EUR-EURIBOR-6M/3/3Y,0.000100,EUR,417384.56,0.00,0.00
Swaption_CALL,false,DiscountCurve/EUR/8/20Y,0.000100,IndexCurve/EUR-EURIBOR-6M/4/5Y,0.000100,EUR,417384.56,0.00,0.00
Swaption_CALL,false,DiscountCurve/EUR/8/20Y,0.000100,IndexCurve/EUR-EURIBOR-6M/5/7Y,0.000100,EUR,417384.56,0.00,-0.03
Swaption_CALL,false,DiscountCurve/EUR/8/20Y,0.000100,IndexCurve/EUR-EURIBOR-6M/6/10Y,0.000100,EUR,417384.56,0.00,-0.09
Swaption_CALL,false,DiscountCurve/EUR/8/20Y,0.000100,IndexCurve/EUR-EURIBOR-6M/7/15Y,0.000100,EUR,417384.56,0.00,-6.03
Swaption_CALL,false,DiscountCurve/EUR/8/20Y,0.000100,IndexCurve/EUR-EURIBOR-6M/8/20Y,0.000100,EUR,417384.56,0.00,5.10
Swaption_CALL,false,IndexCurve/EUR-EURIBOR-6M/1/1Y,0.000100,IndexCurve/EUR-EURIBOR-6M/2/2Y,0.000100,EUR,417384.56,0.00,0.07
Swaption_CALL,false,IndexCurve/EUR-EURIBOR-6M/1/1Y,0.000100,IndexCurve/EUR-EURIBOR-6M/3/3Y,0.000100,EUR,417384.56,0.00,0.01
Swaption_CALL,false,IndexCurve/EUR-EURIBOR-6M/1/1Y,0.000100,IndexCurve/EUR-EURIBOR-6M/4/5Y,0.000100,EUR,417384.56,0.00,-0.01
Swaption_CALL,false,IndexCurve/EUR-EURIBOR-6M/1/1Y,0.000100,IndexCurve/EUR-EURIBOR-6M/5/7Y,0.000100,EUR,417384.56,0.00,-0.04
Swaption_CALL,false,IndexCurve/EUR-EURIBOR-6M/1/1Y,0.000100,IndexCurve/EUR-EURIBOR-6M/6/10Y,0.000100,EUR,417384.56,0.00,-0.14
Swaption_CALL,false,IndexCurve/EUR-EURIBOR-6M/1/1Y,0.000100,IndexCurve/EUR-EURIBOR-6M/7/15Y,0.000100,EUR,417384.56,0.00,-0.22
Swaption_CALL,false,IndexCurve/EUR-EURIBOR-6M/1/1Y,0.000100,IndexCurve/EUR-EURIBOR-6M/8/20Y,0.000100,EUR,417384.56,0.00,-4.75
Swaption_CALL,false,IndexCurve/EUR-EURIBOR-6M/2/2Y,0.000100,IndexCurve/EUR-EURIBOR-6M/3/3Y,0.000100,EUR,417384.56,0.00,0.10
Swaption_CALL,false,IndexCurve/EUR-EURIBOR-6M/2/2Y,0.000100,IndexCurve/EUR-EURIBOR-6M/4/5Y,0.000100,EUR,417384.56,0.00,0.00
Swaption_CALL,false,IndexCurve/EUR-EURIBOR-6M/2/2Y,0.000100,IndexCurve/EUR-EURIBOR-6M/5/7Y,0.000100,EUR,417384.56,0.00,-0.01
Swaption_CALL,false,IndexCurve/EUR-EURIBOR-6M/2/2Y,0.000100,IndexCurve/EUR-EURIBOR-6M/6/10Y,0.000100,EUR,417384.56,0.00,-0.02
Swaption_CALL,false,IndexCurve/EUR-EURIBOR-6M/2/2Y,0.000100,IndexCurve/EUR-EURIBOR-6M/7/15Y,0.000100,EUR,417384.56,0.00,-0.03
Swaption_CALL,false,IndexCurve/EUR-EURIBOR-6M/2/2Y,0.000100,IndexCurve/EUR-EURIBOR-6M/8/20Y,0.000100,EUR,417384.56,0.00,-0.70
Swaption_CALL,false,IndexCurve/EUR-EURIBOR-6M/3/3Y,0.000100,IndexCurve/EUR-EURIBOR-6M/4/5Y,0.000100,EUR,417384.56,0.00,0.13
Swaption_CALL,false,IndexCurve/EUR-EURIBOR-6M/3/3Y,0.000100,IndexCurve/EUR-EURIBOR-6M/5/7Y,0.000100,EUR,417384.56,0.00,0.01
Swaption_CALL,false,IndexCurve/EUR-EURIBOR-6M/3/3Y,0.000100,IndexCurve/EUR-EURIBOR-6M/6/10Y,0.000100,EUR,417384.56,0.00,0.00
Swaption_CALL,false,IndexCurve/EUR-EURIBOR-6M/3/3Y,0.000100,IndexCurve/EUR-EURIBOR-6M/7/15Y,0.000100,EUR,417384.56,0.00,0.00
Swaption_CALL,false,IndexCurve/EUR-EURIBOR-6M/3/3Y,0.000100,IndexCurve/EUR-EURIBOR-6M/8/20Y,0.000100,EUR,417384.56,0.00,-0.03
Swaption_CALL,false,IndexCurve/EUR-EURIBOR-6M/4/5Y,0.000100,IndexCurve/EUR-EURIBOR-6M/5/7Y,0.000100,EUR,417384.56,0.00,0.32
Swaption_CALL,false,IndexCurve/EUR-EURIBOR-6M/4/5Y,0.000100,IndexCurve/EUR-EURIBOR-6M/6/10Y,0.000100,EUR,417384.56,0.00,0.01
Swaption_CALL,false,IndexCurve/EUR-EURIBOR-6M/4/5Y,0.000100,IndexCurve/EUR-EURIBOR-6M/7/15Y,0.000100,EUR,417384.56,0.00,0.01
Swaption_CALL,false,IndexCurve/EUR-EURIBOR-6M/4/5Y,0.000100,IndexCurve/EUR-EURIBOR-6M/8/20Y,0.000100,EUR,417384.56,0.00,0.14
Swaption_CALL,false,IndexCurve/EUR-EURIBOR-6M/5/7Y,0.000100,IndexCurve/EUR-EURIBOR-6M/6/10Y,0.000100,EUR,417384.56,0.00,0.46
Swaption_CALL,false,IndexCurve/EUR-EURIBOR-6M/5/7Y,0.000100,IndexCurve/EUR-EURIBOR-6M/7/15Y,0.000100,EUR,417384.56,0.00,0.05
Swaption_CALL,false,IndexCurve/EUR-EURIBOR-6M/5/7Y,0.000100,IndexCurve/EUR-EURIBOR-6M/8/20Y,0.000100,EUR,417384.56,0.00,0.81
Swaption_CALL,false,IndexCurve/EUR-EURIBOR-6M/6/10Y,0.000100,IndexCurve/EUR-EURIBOR-6M/7/15Y,0.000100,EUR,417384.56,0.00,0.66
Swaption_CALL,false,IndexCurve/EUR-EURIBOR-6M/6/10Y,0.000100,IndexCurve/EUR-EURIBOR-6M/8/20Y,0.000100,EUR,417384.56,0.00,2.69
Swaption_CALL,false,IndexCurve/EUR-EURIBOR-6M/7/15Y,0.000100,IndexCurve/EUR-EURIBOR-6M/8/20Y,0.000100,EUR,417384.56,0.00,5.09
