<?xml version="1.0" encoding="utf-8"?>
<CurveConfiguration>
  <SwaptionVolatilities>

    <SwaptionVolatility>
      <CurveId>EUR_SW_ATM</CurveId>
      <CurveDescription>EUR normal swaption volatilities</CurveDescription>
      <Dimension>ATM</Dimension>
      <VolatilityType>Normal</VolatilityType>
      <Extrapolation>Flat</Extrapolation>
      <DayCounter>Actual/365 (Fixed)</DayCounter>
      <Calendar>TARGET</Calendar>
      <BusinessDayConvention>Following</BusinessDayConvention>
      <OptionTenors>
	1M,3M,6M,1Y,2Y,3Y,4Y,5Y,7Y,10Y,15Y,20Y,25Y,30Y
      </OptionTenors>
      <SwapTenors>
	1Y,2Y,3Y,4Y,5Y,7Y,10Y,15Y,20Y,25Y,30Y
      </SwapTenors>
      <ShortSwapIndexBase>EUR-CMS-1Y</ShortSwapIndexBase>
      <SwapIndexBase>EUR-CMS-30Y</SwapIndexBase>
    </SwaptionVolatility>

    <SwaptionVolatility>
      <CurveId>EUR_SW_SMILE</CurveId>
      <CurveDescription>EUR normal swaption volatilities</CurveDescription>
      <Dimension>Smile</Dimension>
      <VolatilityType>Normal</VolatilityType>
      <Extrapolation>Flat</Extrapolation>
      <DayCounter>Actual/365 (Fixed)</DayCounter>
      <Calendar>TARGET</Calendar>
      <BusinessDayConvention>Following</BusinessDayConvention>
      <OptionTenors>
	1M,3M,6M,1Y,2Y,3Y,4Y,5Y,7Y,10Y,15Y,20Y,25Y,30Y
      </OptionTenors>
      <SwapTenors>
	1Y,2Y,3Y,4Y,5Y,7Y,10Y,15Y,20Y,25Y,30Y
      </SwapTenors>
      <ShortSwapIndexBase>EUR-CMS-1Y</ShortSwapIndexBase>
      <SwapIndexBase>EUR-CMS-30Y</SwapIndexBase>
      <!-- Smile stuff -->
      <SmileOptionTenors>
      6M,1Y,10Y
      </SmileOptionTenors>
      <SmileSwapTenors>
      2Y,5Y
      </SmileSwapTenors>
      <SmileSpreads>
      -0.02,-0.01,0.01,0.02
      </SmileSpreads>

    </SwaptionVolatility>
  </SwaptionVolatilities>

  <YieldCurves>
    <YieldCurve>
      <CurveId>EUR1D</CurveId>
      <CurveDescription>EUR discount curve bootstrapped from EONIA swap rates</CurveDescription>
      <Currency>EUR</Currency>
      <DiscountCurve/>
      <Segments>
        <Simple>
          <Type>Deposit</Type>
          <Quotes>
            <Quote>MM/RATE/EUR/0D/1D</Quote>
          </Quotes>
          <Conventions>EUR-EONIA-CONVENTIONS</Conventions>
        </Simple>
        <Simple>
          <Type>OIS</Type>
          <Quotes>
            <Quote>IR_SWAP/RATE/EUR/2D/1D/1W</Quote>
            <Quote>IR_SWAP/RATE/EUR/2D/1D/2W</Quote>
            <Quote>IR_SWAP/RATE/EUR/2D/1D/1M</Quote>
            <Quote>IR_SWAP/RATE/EUR/2D/1D/2M</Quote>
            <Quote>IR_SWAP/RATE/EUR/2D/1D/3M</Quote>
            <Quote>IR_SWAP/RATE/EUR/2D/1D/4M</Quote>
            <Quote>IR_SWAP/RATE/EUR/2D/1D/5M</Quote>
            <Quote>IR_SWAP/RATE/EUR/2D/1D/6M</Quote>
            <Quote>IR_SWAP/RATE/EUR/2D/1D/7M</Quote>
            <Quote>IR_SWAP/RATE/EUR/2D/1D/8M</Quote>
            <Quote>IR_SWAP/RATE/EUR/2D/1D/9M</Quote>
            <Quote>IR_SWAP/RATE/EUR/2D/1D/10M</Quote>
            <Quote>IR_SWAP/RATE/EUR/2D/1D/11M</Quote>
            <Quote>IR_SWAP/RATE/EUR/2D/1D/1Y</Quote>
            <Quote>IR_SWAP/RATE/EUR/2D/1D/1Y3M</Quote>
            <Quote>IR_SWAP/RATE/EUR/2D/1D/1Y6M</Quote>
            <Quote>IR_SWAP/RATE/EUR/2D/1D/1Y9M</Quote>
            <Quote>IR_SWAP/RATE/EUR/2D/1D/2Y</Quote>
            <Quote>IR_SWAP/RATE/EUR/2D/1D/3Y</Quote>
            <Quote>IR_SWAP/RATE/EUR/2D/1D/4Y</Quote>
            <Quote>IR_SWAP/RATE/EUR/2D/1D/5Y</Quote>
            <Quote>IR_SWAP/RATE/EUR/2D/1D/6Y</Quote>
            <Quote>IR_SWAP/RATE/EUR/2D/1D/7Y</Quote>
            <Quote>IR_SWAP/RATE/EUR/2D/1D/8Y</Quote>
            <Quote>IR_SWAP/RATE/EUR/2D/1D/9Y</Quote>
            <Quote>IR_SWAP/RATE/EUR/2D/1D/10Y</Quote>
            <Quote>IR_SWAP/RATE/EUR/2D/1D/12Y</Quote>
            <Quote>IR_SWAP/RATE/EUR/2D/1D/15Y</Quote>
            <Quote>IR_SWAP/RATE/EUR/2D/1D/20Y</Quote>
            <Quote>IR_SWAP/RATE/EUR/2D/1D/25Y</Quote>
            <Quote>IR_SWAP/RATE/EUR/2D/1D/30Y</Quote>
            <!--<Quote>IR_SWAP/RATE/EUR/2D/1D/50Y</Quote>-->
          </Quotes>
          <Conventions>EUR-OIS-CONVENTIONS</Conventions>
        </Simple>
      </Segments>
      <InterpolationVariable>Discount</InterpolationVariable>
      <InterpolationMethod>LogLinear</InterpolationMethod>
      <YieldCurveDayCounter>A365</YieldCurveDayCounter>
      <Tolerance>0.000000000001</Tolerance>
    </YieldCurve>
    <YieldCurve>
      <CurveId>EUR6M</CurveId>
      <CurveDescription/>
      <Currency>EUR</Currency>
      <DiscountCurve/>
      <Segments>
        <Simple>
          <Type>Deposit</Type>
          <Quotes>
            <!--
		<Quote>MM/RATE/EUR/0D/1D</Quote>
		<Quote>MM/RATE/EUR/2D/1W</Quote>
		<Quote>MM/RATE/EUR/2D/1M</Quote>
		<Quote>MM/RATE/EUR/2D/2M</Quote>
		<Quote>MM/RATE/EUR/2D/3M</Quote>
		<Quote>MM/RATE/EUR/2D/4M</Quote>
		<Quote>MM/RATE/EUR/2D/5M</Quote>
	    -->
            <Quote>MM/RATE/EUR/2D/6M</Quote>
          </Quotes>
          <Conventions>EUR-EURIBOR-CONVENTIONS</Conventions>
          <ProjectionCurve>EUR6M</ProjectionCurve>
        </Simple>
        <Simple>
          <Type>FRA</Type>
          <Quotes>
            <!--
		<Quote>FRA/RATE/EUR/1M/6M</Quote>
		<Quote>FRA/RATE/EUR/2M/6M</Quote>
		<Quote>FRA/RATE/EUR/3M/6M</Quote>
		<Quote>FRA/RATE/EUR/4M/6M</Quote>
		<Quote>FRA/RATE/EUR/5M/6M</Quote>
		<Quote>FRA/RATE/EUR/6M/6M</Quote>
		<Quote>FRA/RATE/EUR/7M/6M</Quote>
		<Quote>FRA/RATE/EUR/8M/6M</Quote>
		<Quote>FRA/RATE/EUR/9M/6M</Quote>
		<Quote>FRA/RATE/EUR/10M/6M</Quote>
		<Quote>FRA/RATE/EUR/11M/6M</Quote>
		<Quote>FRA/RATE/EUR/1Y/6M</Quote>
		<Quote>FRA/RATE/EUR/1Y1M/6M</Quote>
		<Quote>FRA/RATE/EUR/1Y2M/6M</Quote>
		<Quote>FRA/RATE/EUR/1Y3M/6M</Quote>
		<Quote>FRA/RATE/EUR/1Y4M/6M</Quote>
		<Quote>FRA/RATE/EUR/1Y5M/6M</Quote>
		<Quote>FRA/RATE/EUR/1Y6M/6M</Quote>
            -->
          </Quotes>
          <Conventions>EUR-6M-FRA-CONVENTIONS</Conventions>
          <ProjectionCurve>EUR6M</ProjectionCurve>
        </Simple>
        <Simple>
          <Type>Swap</Type>
          <Quotes>
            <Quote>IR_SWAP/RATE/EUR/2D/6M/2Y</Quote>
            <Quote>IR_SWAP/RATE/EUR/2D/6M/3Y</Quote>
            <Quote>IR_SWAP/RATE/EUR/2D/6M/4Y</Quote>
            <Quote>IR_SWAP/RATE/EUR/2D/6M/5Y</Quote>
            <Quote>IR_SWAP/RATE/EUR/2D/6M/7Y</Quote>
            <Quote>IR_SWAP/RATE/EUR/2D/6M/10Y</Quote>
            <Quote>IR_SWAP/RATE/EUR/2D/6M/12Y</Quote>
            <Quote>IR_SWAP/RATE/EUR/2D/6M/15Y</Quote>
            <Quote>IR_SWAP/RATE/EUR/2D/6M/20Y</Quote>
            <Quote>IR_SWAP/RATE/EUR/2D/6M/25Y</Quote>
            <Quote>IR_SWAP/RATE/EUR/2D/6M/30Y</Quote>
            <Quote>IR_SWAP/RATE/EUR/2D/6M/40Y</Quote>
            <Quote>IR_SWAP/RATE/EUR/2D/6M/50Y</Quote>
            <!--
		<Quote>IR_SWAP/RATE/EUR/2D/6M/60Y</Quote>
	    -->
          </Quotes>
          <Conventions>EUR-6M-SWAP-CONVENTIONS</Conventions>
          <ProjectionCurve>EUR6M</ProjectionCurve>
        </Simple>
      </Segments>
    </YieldCurve>
    <YieldCurve>
      <CurveId>EUR3M</CurveId>
      <CurveDescription/>
      <Currency>EUR</Currency>
      <DiscountCurve/>
      <Segments>
        <Simple>
          <Type>Deposit</Type>
          <Quotes>
            <Quote>MM/RATE/EUR/2D/1W</Quote>
            <Quote>MM/RATE/EUR/2D/1M</Quote>
            <Quote>MM/RATE/EUR/2D/2M</Quote>
            <Quote>MM/RATE/EUR/2D/3M</Quote>
          </Quotes>
          <Conventions>EUR-EURIBOR-CONVENTIONS</Conventions>
          <ProjectionCurve>EUR3M</ProjectionCurve>
        </Simple>
        <Simple>
          <Type>FRA</Type>
          <Quotes>
            <Quote>FRA/RATE/EUR/1M/3M</Quote>
            <Quote>FRA/RATE/EUR/2M/3M</Quote>
            <Quote>FRA/RATE/EUR/3M/3M</Quote>
            <Quote>FRA/RATE/EUR/4M/3M</Quote>
            <Quote>FRA/RATE/EUR/5M/3M</Quote>
            <Quote>FRA/RATE/EUR/6M/3M</Quote>
            <Quote>FRA/RATE/EUR/9M/3M</Quote>
            <Quote>FRA/RATE/EUR/1Y/3M</Quote>
          </Quotes>
          <Conventions>EUR-3M-FRA-CONVENTIONS</Conventions>
          <ProjectionCurve>EUR3M</ProjectionCurve>
        </Simple>
        <Simple>
          <Type>Swap</Type>
          <Quotes>
            <Quote>IR_SWAP/RATE/EUR/2D/3M/2Y</Quote>
            <Quote>IR_SWAP/RATE/EUR/2D/3M/3Y</Quote>
            <Quote>IR_SWAP/RATE/EUR/2D/3M/4Y</Quote>
            <Quote>IR_SWAP/RATE/EUR/2D/3M/5Y</Quote>
            <Quote>IR_SWAP/RATE/EUR/2D/3M/6Y</Quote>
            <Quote>IR_SWAP/RATE/EUR/2D/3M/7Y</Quote>
            <Quote>IR_SWAP/RATE/EUR/2D/3M/8Y</Quote>
            <Quote>IR_SWAP/RATE/EUR/2D/3M/9Y</Quote>
            <Quote>IR_SWAP/RATE/EUR/2D/3M/10Y</Quote>
            <Quote>IR_SWAP/RATE/EUR/2D/3M/12Y</Quote>
            <Quote>IR_SWAP/RATE/EUR/2D/3M/15Y</Quote>
            <Quote>IR_SWAP/RATE/EUR/2D/3M/20Y</Quote>
            <Quote>IR_SWAP/RATE/EUR/2D/3M/25Y</Quote>
            <Quote>IR_SWAP/RATE/EUR/2D/3M/40Y</Quote>
            <Quote>IR_SWAP/RATE/EUR/2D/3M/50Y</Quote>
          </Quotes>
          <Conventions>EUR-3M-SWAP-CONVENTIONS</Conventions>
          <ProjectionCurve>EUR3M</ProjectionCurve>
        </Simple>
      </Segments>
    </YieldCurve>
  </YieldCurves>
</CurveConfiguration>
