<?xml version="1.0"?>
<Portfolio>
  <Trade id="dummytrade">
    <TradeType>Swap</TradeType>
    <Envelope>
      <CounterParty>CPTY_A</CounterParty>
      <NettingSetId>CPTY_A</NettingSetId>
      <AdditionalFields/>
    </Envelope>
    <SwapData>
      <LegData>
        <LegType>Fixed</LegType>
        <Payer>false</Payer>
        <Currency>EUR</Currency>
        <Notionals>
          <Notional>10000000.000000</Notional>
        </Notionals>
        <DayCounter>30/360</DayCounter>
        <PaymentConvention>F</PaymentConvention>
        <FixedLegData>
          <Rates>
            <Rate>0.02</Rate>
          </Rates>
        </FixedLegData>
        <ScheduleData>
          <Rules>
            <StartDate>20151028</StartDate>
            <EndDate>20351028</EndDate>
            <Tenor>1Y</Tenor>
            <Calendar>TARGET</Calendar>
            <Convention>F</Convention>
            <TermConvention>F</TermConvention>
            <Rule>Forward</Rule>
            <EndOfMonth/>
            <FirstDate/>
            <LastDate/>
          </Rules>
        </ScheduleData>
      </LegData>
    </SwapData>
  </Trade>
</Portfolio>
