#TradeId,TradeType,Maturity,MaturityTime,NPV,NpvCurrency,NPV(Base),BaseCurrency,Notional,NotionalCurrency,Notional(Base),NettingSet,CounterParty
Swaption_1,Swaption,2036-03-03,20.073770,8030.710081,EUR,8030.710081,EUR,10000000.00,EUR,10000000.00,CPTY_A,CPTY_A
Swaption_2,Swaption,2036-03-03,20.073770,316943.969614,EUR,316943.969614,EUR,10000000.00,EUR,10000000.00,CPTY_A,CPTY_A
Swaption_3,Swaption,2036-03-03,20.073770,1543874.397442,EUR,1543874.397442,EUR,10000000.00,EUR,10000000.00,CPTY_A,CPTY_A
Swaption_4,Swaption,2036-03-03,20.073770,3070907.128888,EUR,3070907.128888,EUR,10000000.00,EUR,10000000.00,CPTY_A,CPTY_A
