<?xml version="1.0"?>
<ORE>
  <Setup>
    <Parameter name="asofDate">2016-02-05</Parameter>
    <Parameter name="inputPath">Input</Parameter>
    <Parameter name="outputPath">Output</Parameter>
    <Parameter name="logFile">log.txt</Parameter>
    <Parameter name="logMask">31</Parameter>
    <Parameter name="marketDataFile">../../Input/market_20160205_flat.txt</Parameter>
    <Parameter name="fixingDataFile">../../Input/fixings_20160205.txt</Parameter>
    <Parameter name="implyTodaysFixings">Y</Parameter>
    <Parameter name="curveConfigFile">../../Input/curveconfig.xml</Parameter>
    <Parameter name="conventionsFile">../../Input/conventions.xml</Parameter>
    <Parameter name="marketConfigFile">../../Input/todaysmarket.xml</Parameter>
    <Parameter name="pricingEnginesFile">../../Input/pricingengine.xml</Parameter>
    <Parameter name="portfolioFile">portfolio_swaption.xml</Parameter>
  </Setup>
  <Markets>
    <Parameter name="lgmcalibration">libor</Parameter>
    <Parameter name="fxcalibration">libor</Parameter>
    <Parameter name="pricing">libor</Parameter>
    <Parameter name="simulation">libor</Parameter>
  </Markets>
  <Analytics>
    <Analytic type="npv">
      <Parameter name="active">Y</Parameter>
      <Parameter name="baseCurrency">EUR</Parameter>
      <Parameter name="outputFileName">swaption_npv.csv</Parameter>
    </Analytic>
    <Analytic type="cashflow">
      <Parameter name="active">N</Parameter>
      <Parameter name="outputFileName">flows.csv</Parameter>
    </Analytic>
    <Analytic type="curves">
      <Parameter name="active">N</Parameter>
      <Parameter name="configuration">default</Parameter>
      <Parameter name="grid">240,1M</Parameter>
      <Parameter name="outputFileName">curves.csv</Parameter>
    </Analytic>
    <Analytic type="simulation">
      <Parameter name="active">N</Parameter>
      <Parameter name="simulationModelFile">simulationmodels.xml</Parameter>
      <Parameter name="simulationMarketFile">../../Input/simulationmarket.xml</Parameter>
      <Parameter name="simulationParamFile">simulationparams.xml</Parameter>
      <Parameter name="pricingEnginesFile">../../Input/pricingengine.xml</Parameter>
      <Parameter name="baseCurrency">EUR</Parameter>
      <!-- Parameter name="scenariodump">scenariodump.csv</Parameter> -->
      <Parameter name="cubeFile">cube.dat</Parameter>
      <Parameter name="aggregationScenarioDataFileName">scenariodata.dat</Parameter>
    </Analytic>
    <Analytic type="xva">
      <Parameter name="active">N</Parameter>
      <Parameter name="csaFile">netting.xml</Parameter>
      <Parameter name="cubeFile">cube.dat</Parameter>
      <Parameter name="scenarioFile">scenariodata.dat</Parameter>
      <Parameter name="baseCurrency">EUR</Parameter>
      <Parameter name="exposureProfiles">Y</Parameter>
      <Parameter name="quantile">0.95</Parameter>
      <Parameter name="calculationType">Symmetric</Parameter>
      <Parameter name="allocationMethod">None</Parameter>
      <Parameter name="marginalAllocationLimit">1.0</Parameter>
      <Parameter name="cva">Y</Parameter>
      <Parameter name="dva">N</Parameter>
      <Parameter name="dvaName">BANK</Parameter>
      <Parameter name="fva">N</Parameter>
      <Parameter name="fvaFundingCurve">BANK_EUR_FUNDING</Parameter>
      <Parameter name="fvaInvestmentCurve">BANK_EUR_INVESTMENT</Parameter>
      <Parameter name="colva">N</Parameter>
      <Parameter name="colvaSpread">0.0000</Parameter>
      <Parameter name="eoniaFloor">Y</Parameter>
      <Parameter name="rawCubeOutputFile">rawcube.csv</Parameter>
      <Parameter name="netCubeOutputFile">netcube.csv</Parameter>
    </Analytic>
    <Analytic type="initialMargin">
      <Parameter name="active">N</Parameter>
      <Parameter name="method"/>
    </Analytic>
  </Analytics>
</ORE>
