#TradeId,NettingSetId,CVA,DVA,FBA,FCA,FBAexOwnSP,FCAexOwnSP,FBAexAllSP,FCAexAllSP,COLVA,MVA,OurKVACCR,TheirKVACCR,OurKVACVA,TheirKVACVA,CollateralFloor,AllocatedCVA,AllocatedDVA,AllocationMethod,BaselEPE,BaselEEPE
,CPTY_A,13662.22,22589.46,10780.36,-2145.13,11434.12,-2277.52,11851.48,-2362.07,0.00,0.00,0.00,0.00,0.00,0.00,-351732.12,13662.22,22589.46,RelativeXVA,460291.38,1201477.63
Swap_1,CPTY_A,99408.47,178873.13,85059.51,-15286.73,90811.30,-16573.11,94486.30,-17401.98,#N/A,#N/A,#N/A,#N/A,#N/A,#N/A,#N/A,5899.85,11025.76,RelativeXVA,861474.30,866777.59
Swap_2,CPTY_A,60560.36,100057.33,47178.31,-9485.70,51136.57,-10095.63,53678.86,-10484.38,#N/A,#N/A,#N/A,#N/A,#N/A,#N/A,#N/A,3594.23,6167.54,RelativeXVA,1457674.53,1490108.54
Swap_3,CPTY_A,70230.15,87542.99,41583.36,-11090.59,44491.39,-11707.07,46333.06,-12095.27,#N/A,#N/A,#N/A,#N/A,#N/A,#N/A,#N/A,4168.13,5396.16,RelativeXVA,1817754.81,1848555.65
