#TradeId,IsPar,Factor_1,ShiftSize_1,Factor_2,ShiftSize_2,Currency,Base NPV,Delta,Gamma
BERMUDAN_SWAPTION,false,DiscountCurve/EUR/6/10Y,0.000100,,0.000000,EUR,-3125432.29,88.54,-0.01
BERMUDAN_SWAPTION,false,DiscountCurve/EUR/7/15Y,0.000100,,0.000000,EUR,-3125432.29,1326.03,-2.23
BERMUDAN_SWAPTION,false,DiscountCurve/EUR/8/20Y,0.000100,,0.000000,EUR,-3125432.29,4303.97,-9.33
BERMUDAN_SWAPTION,false,IndexCurve/EUR-EURIBOR-3M/6/10Y,0.000100,,0.000000,EUR,-3125432.29,-3377.85,0.17
BERMUDAN_SWAPTION,false,IndexCurve/EUR-EURIBOR-3M/7/15Y,0.000100,,0.000000,EUR,-3125432.29,-12556.15,-40.90
BERMUDAN_SWAPTION,false,IndexCurve/EUR-EURIBOR-3M/8/20Y,0.000100,,0.000000,EUR,-3125432.29,23430.24,-65.42
BERMUDAN_SWAPTION,false,IndexCurve/EUR-EURIBOR-6M/6/10Y,0.000100,,0.000000,EUR,-3125432.29,-54.88,0.02
BERMUDAN_SWAPTION,false,IndexCurve/EUR-EURIBOR-6M/7/15Y,0.000100,,0.000000,EUR,-3125432.29,127.85,0.06
BERMUDAN_SWAPTION,false,IndexCurve/EUR-EURIBOR-6M/8/20Y,0.000100,,0.000000,EUR,-3125432.29,-60.60,0.06
BERMUDAN_SWAPTION,false,SwaptionVolatility/EUR/10/10Y/5Y/ATM,0.000000,,0.000000,EUR,-3125432.29,-1529.61,-17.95
BERMUDAN_SWAPTION,false,SwaptionVolatility/EUR/11/10Y/10Y/ATM,0.000000,,0.000000,EUR,-3125432.29,-3436.27,-15.47
BERMUDAN_SWAPTION,false,DiscountCurve/EUR/6/10Y,0.000100,DiscountCurve/EUR/7/15Y,0.000100,EUR,-3125432.29,0.00,-0.10
BERMUDAN_SWAPTION,false,DiscountCurve/EUR/6/10Y,0.000100,DiscountCurve/EUR/8/20Y,0.000100,EUR,-3125432.29,0.00,0.00
BERMUDAN_SWAPTION,false,DiscountCurve/EUR/6/10Y,0.000100,IndexCurve/EUR-EURIBOR-3M/6/10Y,0.000100,EUR,-3125432.29,0.00,0.71
BERMUDAN_SWAPTION,false,DiscountCurve/EUR/6/10Y,0.000100,IndexCurve/EUR-EURIBOR-3M/7/15Y,0.000100,EUR,-3125432.29,0.00,-0.95
BERMUDAN_SWAPTION,false,DiscountCurve/EUR/6/10Y,0.000100,IndexCurve/EUR-EURIBOR-3M/8/20Y,0.000100,EUR,-3125432.29,0.00,-0.16
BERMUDAN_SWAPTION,false,DiscountCurve/EUR/6/10Y,0.000100,IndexCurve/EUR-EURIBOR-6M/6/10Y,0.000100,EUR,-3125432.29,0.00,0.02
BERMUDAN_SWAPTION,false,DiscountCurve/EUR/6/10Y,0.000100,IndexCurve/EUR-EURIBOR-6M/7/15Y,0.000100,EUR,-3125432.29,0.00,-0.03
BERMUDAN_SWAPTION,false,DiscountCurve/EUR/6/10Y,0.000100,IndexCurve/EUR-EURIBOR-6M/8/20Y,0.000100,EUR,-3125432.29,0.00,0.03
BERMUDAN_SWAPTION,false,DiscountCurve/EUR/7/15Y,0.000100,DiscountCurve/EUR/8/20Y,0.000100,EUR,-3125432.29,0.00,0.54
BERMUDAN_SWAPTION,false,DiscountCurve/EUR/7/15Y,0.000100,IndexCurve/EUR-EURIBOR-3M/6/10Y,0.000100,EUR,-3125432.29,0.00,3.96
BERMUDAN_SWAPTION,false,DiscountCurve/EUR/7/15Y,0.000100,IndexCurve/EUR-EURIBOR-3M/7/15Y,0.000100,EUR,-3125432.29,0.00,-0.71
BERMUDAN_SWAPTION,false,DiscountCurve/EUR/7/15Y,0.000100,IndexCurve/EUR-EURIBOR-3M/8/20Y,0.000100,EUR,-3125432.29,0.00,-8.71
BERMUDAN_SWAPTION,false,DiscountCurve/EUR/7/15Y,0.000100,IndexCurve/EUR-EURIBOR-6M/6/10Y,0.000100,EUR,-3125432.29,0.00,0.01
BERMUDAN_SWAPTION,false,DiscountCurve/EUR/7/15Y,0.000100,IndexCurve/EUR-EURIBOR-6M/7/15Y,0.000100,EUR,-3125432.29,0.00,-0.12
BERMUDAN_SWAPTION,false,DiscountCurve/EUR/7/15Y,0.000100,IndexCurve/EUR-EURIBOR-6M/8/20Y,0.000100,EUR,-3125432.29,0.00,0.00
BERMUDAN_SWAPTION,false,DiscountCurve/EUR/8/20Y,0.000100,IndexCurve/EUR-EURIBOR-3M/6/10Y,0.000100,EUR,-3125432.29,0.00,0.05
BERMUDAN_SWAPTION,false,DiscountCurve/EUR/8/20Y,0.000100,IndexCurve/EUR-EURIBOR-3M/7/15Y,0.000100,EUR,-3125432.29,0.00,27.95
BERMUDAN_SWAPTION,false,DiscountCurve/EUR/8/20Y,0.000100,IndexCurve/EUR-EURIBOR-3M/8/20Y,0.000100,EUR,-3125432.29,0.00,-34.92
BERMUDAN_SWAPTION,false,DiscountCurve/EUR/8/20Y,0.000100,IndexCurve/EUR-EURIBOR-6M/6/10Y,0.000100,EUR,-3125432.29,0.00,0.05
BERMUDAN_SWAPTION,false,DiscountCurve/EUR/8/20Y,0.000100,IndexCurve/EUR-EURIBOR-6M/7/15Y,0.000100,EUR,-3125432.29,0.00,-0.10
BERMUDAN_SWAPTION,false,DiscountCurve/EUR/8/20Y,0.000100,IndexCurve/EUR-EURIBOR-6M/8/20Y,0.000100,EUR,-3125432.29,0.00,0.06
BERMUDAN_SWAPTION,false,IndexCurve/EUR-EURIBOR-3M/6/10Y,0.000100,IndexCurve/EUR-EURIBOR-3M/7/15Y,0.000100,EUR,-3125432.29,0.00,-0.24
BERMUDAN_SWAPTION,false,IndexCurve/EUR-EURIBOR-3M/6/10Y,0.000100,IndexCurve/EUR-EURIBOR-3M/8/20Y,0.000100,EUR,-3125432.29,0.00,-0.01
BERMUDAN_SWAPTION,false,IndexCurve/EUR-EURIBOR-3M/6/10Y,0.000100,IndexCurve/EUR-EURIBOR-6M/6/10Y,0.000100,EUR,-3125432.29,0.00,0.06
BERMUDAN_SWAPTION,false,IndexCurve/EUR-EURIBOR-3M/6/10Y,0.000100,IndexCurve/EUR-EURIBOR-6M/7/15Y,0.000100,EUR,-3125432.29,0.00,-0.17
BERMUDAN_SWAPTION,false,IndexCurve/EUR-EURIBOR-3M/6/10Y,0.000100,IndexCurve/EUR-EURIBOR-6M/8/20Y,0.000100,EUR,-3125432.29,0.00,0.12
BERMUDAN_SWAPTION,false,IndexCurve/EUR-EURIBOR-3M/7/15Y,0.000100,IndexCurve/EUR-EURIBOR-3M/8/20Y,0.000100,EUR,-3125432.29,0.00,57.58
BERMUDAN_SWAPTION,false,IndexCurve/EUR-EURIBOR-3M/7/15Y,0.000100,IndexCurve/EUR-EURIBOR-6M/6/10Y,0.000100,EUR,-3125432.29,0.00,0.43
BERMUDAN_SWAPTION,false,IndexCurve/EUR-EURIBOR-3M/7/15Y,0.000100,IndexCurve/EUR-EURIBOR-6M/7/15Y,0.000100,EUR,-3125432.29,0.00,-1.32
BERMUDAN_SWAPTION,false,IndexCurve/EUR-EURIBOR-3M/7/15Y,0.000100,IndexCurve/EUR-EURIBOR-6M/8/20Y,0.000100,EUR,-3125432.29,0.00,0.91
BERMUDAN_SWAPTION,false,IndexCurve/EUR-EURIBOR-3M/8/20Y,0.000100,IndexCurve/EUR-EURIBOR-6M/6/10Y,0.000100,EUR,-3125432.29,0.00,-0.70
BERMUDAN_SWAPTION,false,IndexCurve/EUR-EURIBOR-3M/8/20Y,0.000100,IndexCurve/EUR-EURIBOR-6M/7/15Y,0.000100,EUR,-3125432.29,0.00,1.40
BERMUDAN_SWAPTION,false,IndexCurve/EUR-EURIBOR-3M/8/20Y,0.000100,IndexCurve/EUR-EURIBOR-6M/8/20Y,0.000100,EUR,-3125432.29,0.00,-0.46
BERMUDAN_SWAPTION,false,IndexCurve/EUR-EURIBOR-6M/6/10Y,0.000100,IndexCurve/EUR-EURIBOR-6M/7/15Y,0.000100,EUR,-3125432.29,0.00,-0.04
BERMUDAN_SWAPTION,false,IndexCurve/EUR-EURIBOR-6M/6/10Y,0.000100,IndexCurve/EUR-EURIBOR-6M/8/20Y,0.000100,EUR,-3125432.29,0.00,-0.02
BERMUDAN_SWAPTION,false,IndexCurve/EUR-EURIBOR-6M/7/15Y,0.000100,IndexCurve/EUR-EURIBOR-6M/8/20Y,0.000100,EUR,-3125432.29,0.00,-0.07
BOND,false,YieldCurve/BENCHMARK_EUR/0/6M,0.000100,,0.000000,EUR,12902111.76,-0.27,0.00
BOND,false,YieldCurve/BENCHMARK_EUR/1/1Y,0.000100,,0.000000,EUR,12902111.76,-50.01,0.00
BOND,false,YieldCurve/BENCHMARK_EUR/2/2Y,0.000100,,0.000000,EUR,12902111.76,-102.68,0.02
BOND,false,YieldCurve/BENCHMARK_EUR/3/3Y,0.000100,,0.000000,EUR,12902111.76,-239.49,0.06
BOND,false,YieldCurve/BENCHMARK_EUR/4/5Y,0.000100,,0.000000,EUR,12902111.76,-5548.44,2.74
BOND,false,SurvivalProbability/CPTY_C/0/6M,0.000100,,0.000000,EUR,12902111.76,-0.30,0.00
BOND,false,SurvivalProbability/CPTY_C/1/1Y,0.000100,,0.000000,EUR,12902111.76,-55.15,0.01
BOND,false,SurvivalProbability/CPTY_C/2/2Y,0.000100,,0.000000,EUR,12902111.76,-224.52,0.04
BOND,false,SurvivalProbability/CPTY_C/3/5Y,0.000100,,0.000000,EUR,12902111.76,-3160.38,1.54
BOND,false,SecuritySpread/SECURITY_1/0/spread,0.000100,,0.000000,EUR,12902111.76,-5940.87,2.87
Bond_Floating,false,IndexCurve/EUR-EURIBOR-6M/0/6M,0.000100,,0.000000,EUR,10765631.07,-12.92,0.78
Bond_Floating,false,IndexCurve/EUR-EURIBOR-6M/1/1Y,0.000100,,0.000000,EUR,10765631.07,-104.78,7.08
Bond_Floating,false,IndexCurve/EUR-EURIBOR-6M/2/2Y,0.000100,,0.000000,EUR,10765631.07,-284.73,33.79
Bond_Floating,false,IndexCurve/EUR-EURIBOR-6M/3/3Y,0.000100,,0.000000,EUR,10765631.07,-660.03,56.50
Bond_Floating,false,IndexCurve/EUR-EURIBOR-6M/4/5Y,0.000100,,0.000000,EUR,10765631.07,-2788.28,45.50
Bond_Floating,false,OptionletVolatility/EUR/0/1Y/0.01,0.000000,,0.000000,EUR,10765631.07,175.54,6.12
Bond_Floating,false,OptionletVolatility/EUR/5/2Y/0.01,0.000000,,0.000000,EUR,10765631.07,421.18,3.87
Bond_Floating,false,OptionletVolatility/EUR/10/3Y/0.01,0.000000,,0.000000,EUR,10765631.07,1053.87,0.61
Bond_Floating,false,OptionletVolatility/EUR/15/5Y/0.01,0.000000,,0.000000,EUR,10765631.07,592.98,0.04
Bond_Floating,false,SurvivalProbability/CPTY_C/0/6M,0.000100,,0.000000,EUR,10765631.07,-3.80,0.00
Bond_Floating,false,SurvivalProbability/CPTY_C/1/1Y,0.000100,,0.000000,EUR,10765631.07,-11.77,0.00
Bond_Floating,false,SurvivalProbability/CPTY_C/2/2Y,0.000100,,0.000000,EUR,10765631.07,-65.77,0.01
Bond_Floating,false,SurvivalProbability/CPTY_C/3/5Y,0.000100,,0.000000,EUR,10765631.07,-2663.89,1.33
Bond_Floating,false,SecuritySpread/SECURITY_1/0/spread,0.000100,,0.000000,EUR,10765631.07,-5204.12,2.57
Bond_Floating,false,IndexCurve/EUR-EURIBOR-6M/0/6M,0.000100,IndexCurve/EUR-EURIBOR-6M/1/1Y,0.000100,EUR,10765631.07,0.00,-1.62
Bond_Floating,false,IndexCurve/EUR-EURIBOR-6M/0/6M,0.000100,IndexCurve/EUR-EURIBOR-6M/2/2Y,0.000100,EUR,10765631.07,0.00,-0.04
Bond_Floating,false,IndexCurve/EUR-EURIBOR-6M/1/1Y,0.000100,IndexCurve/EUR-EURIBOR-6M/2/2Y,0.000100,EUR,10765631.07,0.00,-7.87
Bond_Floating,false,IndexCurve/EUR-EURIBOR-6M/2/2Y,0.000100,IndexCurve/EUR-EURIBOR-6M/3/3Y,0.000100,EUR,10765631.07,0.00,-27.13
Bond_Floating,false,IndexCurve/EUR-EURIBOR-6M/2/2Y,0.000100,IndexCurve/EUR-EURIBOR-6M/4/5Y,0.000100,EUR,10765631.07,0.00,-0.06
Bond_Floating,false,IndexCurve/EUR-EURIBOR-6M/3/3Y,0.000100,IndexCurve/EUR-EURIBOR-6M/4/5Y,0.000100,EUR,10765631.07,0.00,-26.37
CAP_EUR,false,DiscountCurve/EUR/1/1Y,0.000100,,0.000000,EUR,-7157.67,0.00,0.00
CAP_EUR,false,DiscountCurve/EUR/2/2Y,0.000100,,0.000000,EUR,-7157.67,0.00,0.00
CAP_EUR,false,DiscountCurve/EUR/3/3Y,0.000100,,0.000000,EUR,-7157.67,0.05,0.00
CAP_EUR,false,DiscountCurve/EUR/4/5Y,0.000100,,0.000000,EUR,-7157.67,0.49,0.00
CAP_EUR,false,DiscountCurve/EUR/5/7Y,0.000100,,0.000000,EUR,-7157.67,2.20,0.00
CAP_EUR,false,DiscountCurve/EUR/6/10Y,0.000100,,0.000000,EUR,-7157.67,2.85,0.00
CAP_EUR,false,DiscountCurve/EUR/7/15Y,0.000100,,0.000000,EUR,-7157.67,0.00,0.00
CAP_EUR,false,IndexCurve/EUR-EURIBOR-6M/0/6M,0.000100,,0.000000,EUR,-7157.67,0.00,0.00
CAP_EUR,false,IndexCurve/EUR-EURIBOR-6M/1/1Y,0.000100,,0.000000,EUR,-7157.67,0.09,0.00
CAP_EUR,false,IndexCurve/EUR-EURIBOR-6M/2/2Y,0.000100,,0.000000,EUR,-7157.67,1.21,-0.06
CAP_EUR,false,IndexCurve/EUR-EURIBOR-6M/3/3Y,0.000100,,0.000000,EUR,-7157.67,7.62,-0.27
CAP_EUR,false,IndexCurve/EUR-EURIBOR-6M/4/5Y,0.000100,,0.000000,EUR,-7157.67,24.46,-1.30
CAP_EUR,false,IndexCurve/EUR-EURIBOR-6M/5/7Y,0.000100,,0.000000,EUR,-7157.67,35.12,-3.15
CAP_EUR,false,IndexCurve/EUR-EURIBOR-6M/6/10Y,0.000100,,0.000000,EUR,-7157.67,-136.85,-3.06
CAP_EUR,false,IndexCurve/EUR-EURIBOR-6M/7/15Y,0.000100,,0.000000,EUR,-7157.67,-0.44,0.00
CAP_EUR,false,OptionletVolatility/EUR/3/1Y/0.04,0.000000,,0.000000,EUR,-7157.67,-0.22,-0.01
CAP_EUR,false,OptionletVolatility/EUR/8/2Y/0.04,0.000000,,0.000000,EUR,-7157.67,-2.27,-0.10
CAP_EUR,false,OptionletVolatility/EUR/13/3Y/0.04,0.000000,,0.000000,EUR,-7157.67,-17.32,-0.42
CAP_EUR,false,OptionletVolatility/EUR/18/5Y/0.04,0.000000,,0.000000,EUR,-7157.67,-58.26,-0.92
CAP_EUR,false,OptionletVolatility/EUR/23/7Y/0.04,0.000000,,0.000000,EUR,-7157.67,-137.54,-1.43
CAP_EUR,false,OptionletVolatility/EUR/28/10Y/0.04,0.000000,,0.000000,EUR,-7157.67,-81.14,-0.76
CAP_EUR,false,DiscountCurve/EUR/1/1Y,0.000100,IndexCurve/EUR-EURIBOR-6M/2/2Y,0.000100,EUR,-7157.67,0.00,0.00
CAP_EUR,false,DiscountCurve/EUR/2/2Y,0.000100,IndexCurve/EUR-EURIBOR-6M/1/1Y,0.000100,EUR,-7157.67,0.00,0.00
CAP_EUR,false,DiscountCurve/EUR/2/2Y,0.000100,IndexCurve/EUR-EURIBOR-6M/2/2Y,0.000100,EUR,-7157.67,0.00,0.00
CAP_EUR,false,DiscountCurve/EUR/2/2Y,0.000100,IndexCurve/EUR-EURIBOR-6M/3/3Y,0.000100,EUR,-7157.67,0.00,0.00
CAP_EUR,false,DiscountCurve/EUR/3/3Y,0.000100,DiscountCurve/EUR/4/5Y,0.000100,EUR,-7157.67,0.00,0.00
CAP_EUR,false,DiscountCurve/EUR/3/3Y,0.000100,IndexCurve/EUR-EURIBOR-6M/2/2Y,0.000100,EUR,-7157.67,0.00,0.00
CAP_EUR,false,DiscountCurve/EUR/3/3Y,0.000100,IndexCurve/EUR-EURIBOR-6M/3/3Y,0.000100,EUR,-7157.67,0.00,0.00
CAP_EUR,false,DiscountCurve/EUR/3/3Y,0.000100,IndexCurve/EUR-EURIBOR-6M/4/5Y,0.000100,EUR,-7157.67,0.00,0.00
CAP_EUR,false,DiscountCurve/EUR/4/5Y,0.000100,DiscountCurve/EUR/5/7Y,0.000100,EUR,-7157.67,0.00,0.00
CAP_EUR,false,DiscountCurve/EUR/4/5Y,0.000100,IndexCurve/EUR-EURIBOR-6M/2/2Y,0.000100,EUR,-7157.67,0.00,0.00
CAP_EUR,false,DiscountCurve/EUR/4/5Y,0.000100,IndexCurve/EUR-EURIBOR-6M/3/3Y,0.000100,EUR,-7157.67,0.00,0.00
CAP_EUR,false,DiscountCurve/EUR/4/5Y,0.000100,IndexCurve/EUR-EURIBOR-6M/4/5Y,0.000100,EUR,-7157.67,0.00,0.00
CAP_EUR,false,DiscountCurve/EUR/4/5Y,0.000100,IndexCurve/EUR-EURIBOR-6M/5/7Y,0.000100,EUR,-7157.67,0.00,0.01
CAP_EUR,false,DiscountCurve/EUR/5/7Y,0.000100,DiscountCurve/EUR/6/10Y,0.000100,EUR,-7157.67,0.00,0.00
CAP_EUR,false,DiscountCurve/EUR/5/7Y,0.000100,IndexCurve/EUR-EURIBOR-6M/3/3Y,0.000100,EUR,-7157.67,0.00,0.00
CAP_EUR,false,DiscountCurve/EUR/5/7Y,0.000100,IndexCurve/EUR-EURIBOR-6M/4/5Y,0.000100,EUR,-7157.67,0.00,-0.02
CAP_EUR,false,DiscountCurve/EUR/5/7Y,0.000100,IndexCurve/EUR-EURIBOR-6M/5/7Y,0.000100,EUR,-7157.67,0.00,0.00
CAP_EUR,false,DiscountCurve/EUR/5/7Y,0.000100,IndexCurve/EUR-EURIBOR-6M/6/10Y,0.000100,EUR,-7157.67,0.00,0.04
CAP_EUR,false,DiscountCurve/EUR/6/10Y,0.000100,DiscountCurve/EUR/7/15Y,0.000100,EUR,-7157.67,0.00,0.00
CAP_EUR,false,DiscountCurve/EUR/6/10Y,0.000100,IndexCurve/EUR-EURIBOR-6M/4/5Y,0.000100,EUR,-7157.67,0.00,0.00
CAP_EUR,false,DiscountCurve/EUR/6/10Y,0.000100,IndexCurve/EUR-EURIBOR-6M/5/7Y,0.000100,EUR,-7157.67,0.00,-0.05
CAP_EUR,false,DiscountCurve/EUR/6/10Y,0.000100,IndexCurve/EUR-EURIBOR-6M/6/10Y,0.000100,EUR,-7157.67,0.00,0.08
CAP_EUR,false,DiscountCurve/EUR/6/10Y,0.000100,IndexCurve/EUR-EURIBOR-6M/7/15Y,0.000100,EUR,-7157.67,0.00,0.00
CAP_EUR,false,DiscountCurve/EUR/7/15Y,0.000100,IndexCurve/EUR-EURIBOR-6M/5/7Y,0.000100,EUR,-7157.67,0.00,0.00
CAP_EUR,false,DiscountCurve/EUR/7/15Y,0.000100,IndexCurve/EUR-EURIBOR-6M/6/10Y,0.000100,EUR,-7157.67,0.00,0.00
CAP_EUR,false,DiscountCurve/EUR/7/15Y,0.000100,IndexCurve/EUR-EURIBOR-6M/7/15Y,0.000100,EUR,-7157.67,0.00,0.00
CAP_EUR,false,IndexCurve/EUR-EURIBOR-6M/0/6M,0.000100,IndexCurve/EUR-EURIBOR-6M/1/1Y,0.000100,EUR,-7157.67,0.00,0.00
CAP_EUR,false,IndexCurve/EUR-EURIBOR-6M/1/1Y,0.000100,IndexCurve/EUR-EURIBOR-6M/2/2Y,0.000100,EUR,-7157.67,0.00,0.00
CAP_EUR,false,IndexCurve/EUR-EURIBOR-6M/1/1Y,0.000100,IndexCurve/EUR-EURIBOR-6M/3/3Y,0.000100,EUR,-7157.67,0.00,0.00
CAP_EUR,false,IndexCurve/EUR-EURIBOR-6M/2/2Y,0.000100,IndexCurve/EUR-EURIBOR-6M/3/3Y,0.000100,EUR,-7157.67,0.00,0.07
CAP_EUR,false,IndexCurve/EUR-EURIBOR-6M/2/2Y,0.000100,IndexCurve/EUR-EURIBOR-6M/4/5Y,0.000100,EUR,-7157.67,0.00,0.00
CAP_EUR,false,IndexCurve/EUR-EURIBOR-6M/3/3Y,0.000100,IndexCurve/EUR-EURIBOR-6M/4/5Y,0.000100,EUR,-7157.67,0.00,0.27
CAP_EUR,false,IndexCurve/EUR-EURIBOR-6M/3/3Y,0.000100,IndexCurve/EUR-EURIBOR-6M/5/7Y,0.000100,EUR,-7157.67,0.00,0.00
CAP_EUR,false,IndexCurve/EUR-EURIBOR-6M/4/5Y,0.000100,IndexCurve/EUR-EURIBOR-6M/5/7Y,0.000100,EUR,-7157.67,0.00,1.18
CAP_EUR,false,IndexCurve/EUR-EURIBOR-6M/4/5Y,0.000100,IndexCurve/EUR-EURIBOR-6M/6/10Y,0.000100,EUR,-7157.67,0.00,0.01
CAP_EUR,false,IndexCurve/EUR-EURIBOR-6M/5/7Y,0.000100,IndexCurve/EUR-EURIBOR-6M/6/10Y,0.000100,EUR,-7157.67,0.00,2.14
CAP_EUR,false,IndexCurve/EUR-EURIBOR-6M/5/7Y,0.000100,IndexCurve/EUR-EURIBOR-6M/7/15Y,0.000100,EUR,-7157.67,0.00,0.01
CAP_EUR,false,IndexCurve/EUR-EURIBOR-6M/6/10Y,0.000100,IndexCurve/EUR-EURIBOR-6M/7/15Y,0.000100,EUR,-7157.67,0.00,-0.01
CAP_USD,false,DiscountCurve/USD/1/1Y,0.000100,,0.000000,EUR,-12662.16,0.00,0.00
CAP_USD,false,DiscountCurve/USD/2/2Y,0.000100,,0.000000,EUR,-12662.16,0.01,0.00
CAP_USD,false,DiscountCurve/USD/3/3Y,0.000100,,0.000000,EUR,-12662.16,0.24,0.00
CAP_USD,false,DiscountCurve/USD/4/5Y,0.000100,,0.000000,EUR,-12662.16,1.22,0.00
CAP_USD,false,DiscountCurve/USD/5/7Y,0.000100,,0.000000,EUR,-12662.16,3.64,0.00
CAP_USD,false,DiscountCurve/USD/6/10Y,0.000100,,0.000000,EUR,-12662.16,4.16,0.00
CAP_USD,false,DiscountCurve/USD/7/15Y,0.000100,,0.000000,EUR,-12662.16,0.00,0.00
CAP_USD,false,IndexCurve/USD-LIBOR-3M/0/6M,0.000100,,0.000000,EUR,-12662.16,0.00,0.00
CAP_USD,false,IndexCurve/USD-LIBOR-3M/1/1Y,0.000100,,0.000000,EUR,-12662.16,0.33,-0.01
CAP_USD,false,IndexCurve/USD-LIBOR-3M/2/2Y,0.000100,,0.000000,EUR,-12662.16,5.20,-0.19
CAP_USD,false,IndexCurve/USD-LIBOR-3M/3/3Y,0.000100,,0.000000,EUR,-12662.16,17.18,-0.70
CAP_USD,false,IndexCurve/USD-LIBOR-3M/4/5Y,0.000100,,0.000000,EUR,-12662.16,23.42,-2.06
CAP_USD,false,IndexCurve/USD-LIBOR-3M/5/7Y,0.000100,,0.000000,EUR,-12662.16,24.07,-3.73
CAP_USD,false,IndexCurve/USD-LIBOR-3M/6/10Y,0.000100,,0.000000,EUR,-12662.16,-175.41,-3.11
CAP_USD,false,IndexCurve/USD-LIBOR-3M/7/15Y,0.000100,,0.000000,EUR,-12662.16,-0.58,0.00
CAP_USD,false,OptionletVolatility/USD/3/1Y/0.04,0.000000,,0.000000,EUR,-12662.16,-0.53,-0.02
CAP_USD,false,OptionletVolatility/USD/8/2Y/0.04,0.000000,,0.000000,EUR,-12662.16,-6.40,-0.17
CAP_USD,false,OptionletVolatility/USD/13/3Y/0.04,0.000000,,0.000000,EUR,-12662.16,-36.75,-0.43
CAP_USD,false,OptionletVolatility/USD/18/5Y/0.04,0.000000,,0.000000,EUR,-12662.16,-83.72,-0.64
CAP_USD,false,OptionletVolatility/USD/23/7Y/0.04,0.000000,,0.000000,EUR,-12662.16,-150.54,-0.74
CAP_USD,false,OptionletVolatility/USD/28/10Y/0.04,0.000000,,0.000000,EUR,-12662.16,-94.25,-0.37
CAP_USD,false,FXSpot/USDEUR/0/spot,0.008831,,0.000000,EUR,-12662.16,-126.62,0.00
CC_SWAP_EUR_USD,false,DiscountCurve/EUR/0/6M,0.000100,,0.000000,EUR,-20857165.79,33.61,0.00
CC_SWAP_EUR_USD,false,DiscountCurve/EUR/1/1Y,0.000100,,0.000000,EUR,-20857165.79,97.33,-0.01
CC_SWAP_EUR_USD,false,DiscountCurve/EUR/2/2Y,0.000100,,0.000000,EUR,-20857165.79,263.43,-0.04
CC_SWAP_EUR_USD,false,DiscountCurve/EUR/3/3Y,0.000100,,0.000000,EUR,-20857165.79,700.21,-0.15
CC_SWAP_EUR_USD,false,DiscountCurve/EUR/4/5Y,0.000100,,0.000000,EUR,-20857165.79,1881.53,-0.64
CC_SWAP_EUR_USD,false,DiscountCurve/EUR/5/7Y,0.000100,,0.000000,EUR,-20857165.79,4155.35,-1.96
CC_SWAP_EUR_USD,false,DiscountCurve/EUR/6/10Y,0.000100,,0.000000,EUR,-20857165.79,89382.43,-88.24
CC_SWAP_EUR_USD,false,DiscountCurve/USD/0/6M,0.000100,,0.000000,EUR,-20857165.79,-19.12,0.00
CC_SWAP_EUR_USD,false,DiscountCurve/USD/1/1Y,0.000100,,0.000000,EUR,-20857165.79,-57.15,0.01
CC_SWAP_EUR_USD,false,DiscountCurve/USD/2/2Y,0.000100,,0.000000,EUR,-20857165.79,-132.00,0.02
CC_SWAP_EUR_USD,false,DiscountCurve/USD/3/3Y,0.000100,,0.000000,EUR,-20857165.79,-486.60,0.10
CC_SWAP_EUR_USD,false,DiscountCurve/USD/4/5Y,0.000100,,0.000000,EUR,-20857165.79,-1309.07,0.44
CC_SWAP_EUR_USD,false,DiscountCurve/USD/5/7Y,0.000100,,0.000000,EUR,-20857165.79,-2674.76,1.27
CC_SWAP_EUR_USD,false,DiscountCurve/USD/6/10Y,0.000100,,0.000000,EUR,-20857165.79,-73837.13,73.16
CC_SWAP_EUR_USD,false,IndexCurve/EUR-EURIBOR-6M/0/6M,0.000100,,0.000000,EUR,-20857165.79,4415.94,-0.22
CC_SWAP_EUR_USD,false,IndexCurve/EUR-EURIBOR-6M/1/1Y,0.000100,,0.000000,EUR,-20857165.79,24.79,-1.33
CC_SWAP_EUR_USD,false,IndexCurve/EUR-EURIBOR-6M/2/2Y,0.000100,,0.000000,EUR,-20857165.79,57.94,-3.56
CC_SWAP_EUR_USD,false,IndexCurve/EUR-EURIBOR-6M/3/3Y,0.000100,,0.000000,EUR,-20857165.79,52.13,-6.03
CC_SWAP_EUR_USD,false,IndexCurve/EUR-EURIBOR-6M/4/5Y,0.000100,,0.000000,EUR,-20857165.79,-246.99,-11.16
CC_SWAP_EUR_USD,false,IndexCurve/EUR-EURIBOR-6M/5/7Y,0.000100,,0.000000,EUR,-20857165.79,-1426.24,-17.97
CC_SWAP_EUR_USD,false,IndexCurve/EUR-EURIBOR-6M/6/10Y,0.000100,,0.000000,EUR,-20857165.79,-86872.58,-14.46
CC_SWAP_EUR_USD,false,IndexCurve/USD-LIBOR-6M/0/6M,0.000100,,0.000000,EUR,-20857165.79,-4381.20,0.22
CC_SWAP_EUR_USD,false,IndexCurve/USD-LIBOR-6M/1/1Y,0.000100,,0.000000,EUR,-20857165.79,123.08,1.31
CC_SWAP_EUR_USD,false,IndexCurve/USD-LIBOR-6M/2/2Y,0.000100,,0.000000,EUR,-20857165.79,262.05,3.44
CC_SWAP_EUR_USD,false,IndexCurve/USD-LIBOR-6M/3/3Y,0.000100,,0.000000,EUR,-20857165.79,724.64,5.72
CC_SWAP_EUR_USD,false,IndexCurve/USD-LIBOR-6M/4/5Y,0.000100,,0.000000,EUR,-20857165.79,1841.47,10.16
CC_SWAP_EUR_USD,false,IndexCurve/USD-LIBOR-6M/5/7Y,0.000100,,0.000000,EUR,-20857165.79,3475.34,15.78
CC_SWAP_EUR_USD,false,IndexCurve/USD-LIBOR-6M/6/10Y,0.000100,,0.000000,EUR,-20857165.79,74391.29,12.38
CC_SWAP_EUR_USD,false,FXSpot/USDEUR/0/spot,0.008831,,0.000000,EUR,-20857165.79,834809.17,0.00
CC_SWAP_EUR_USD,false,DiscountCurve/EUR/1/1Y,0.000100,DiscountCurve/EUR/2/2Y,0.000100,EUR,-20857165.79,0.00,0.00
CC_SWAP_EUR_USD,false,DiscountCurve/EUR/1/1Y,0.000100,IndexCurve/EUR-EURIBOR-6M/0/6M,0.000100,EUR,-20857165.79,0.00,-0.44
CC_SWAP_EUR_USD,false,DiscountCurve/EUR/1/1Y,0.000100,IndexCurve/EUR-EURIBOR-6M/1/1Y,0.000100,EUR,-20857165.79,0.00,0.66
CC_SWAP_EUR_USD,false,DiscountCurve/EUR/1/1Y,0.000100,IndexCurve/EUR-EURIBOR-6M/2/2Y,0.000100,EUR,-20857165.79,0.00,0.45
CC_SWAP_EUR_USD,false,DiscountCurve/EUR/2/2Y,0.000100,DiscountCurve/EUR/3/3Y,0.000100,EUR,-20857165.79,0.00,-0.01
CC_SWAP_EUR_USD,false,DiscountCurve/EUR/2/2Y,0.000100,IndexCurve/EUR-EURIBOR-6M/0/6M,0.000100,EUR,-20857165.79,0.00,0.00
CC_SWAP_EUR_USD,false,DiscountCurve/EUR/2/2Y,0.000100,IndexCurve/EUR-EURIBOR-6M/1/1Y,0.000100,EUR,-20857165.79,0.00,-1.33
CC_SWAP_EUR_USD,false,DiscountCurve/EUR/2/2Y,0.000100,IndexCurve/EUR-EURIBOR-6M/2/2Y,0.000100,EUR,-20857165.79,0.00,1.77
CC_SWAP_EUR_USD,false,DiscountCurve/EUR/2/2Y,0.000100,IndexCurve/EUR-EURIBOR-6M/3/3Y,0.000100,EUR,-20857165.79,0.00,1.34
CC_SWAP_EUR_USD,false,DiscountCurve/EUR/3/3Y,0.000100,DiscountCurve/EUR/4/5Y,0.000100,EUR,-20857165.79,0.00,-0.08
CC_SWAP_EUR_USD,false,DiscountCurve/EUR/3/3Y,0.000100,IndexCurve/EUR-EURIBOR-6M/2/2Y,0.000100,EUR,-20857165.79,0.00,-4.02
CC_SWAP_EUR_USD,false,DiscountCurve/EUR/3/3Y,0.000100,IndexCurve/EUR-EURIBOR-6M/3/3Y,0.000100,EUR,-20857165.79,0.00,3.01
CC_SWAP_EUR_USD,false,DiscountCurve/EUR/3/3Y,0.000100,IndexCurve/EUR-EURIBOR-6M/4/5Y,0.000100,EUR,-20857165.79,0.00,5.03
CC_SWAP_EUR_USD,false,DiscountCurve/EUR/4/5Y,0.000100,DiscountCurve/EUR/5/7Y,0.000100,EUR,-20857165.79,0.00,-0.24
CC_SWAP_EUR_USD,false,DiscountCurve/EUR/4/5Y,0.000100,IndexCurve/EUR-EURIBOR-6M/3/3Y,0.000100,EUR,-20857165.79,0.00,-8.39
CC_SWAP_EUR_USD,false,DiscountCurve/EUR/4/5Y,0.000100,IndexCurve/EUR-EURIBOR-6M/4/5Y,0.000100,EUR,-20857165.79,0.00,5.62
CC_SWAP_EUR_USD,false,DiscountCurve/EUR/4/5Y,0.000100,IndexCurve/EUR-EURIBOR-6M/5/7Y,0.000100,EUR,-20857165.79,0.00,11.71
CC_SWAP_EUR_USD,false,DiscountCurve/EUR/5/7Y,0.000100,DiscountCurve/EUR/6/10Y,0.000100,EUR,-20857165.79,0.00,-0.88
CC_SWAP_EUR_USD,false,DiscountCurve/EUR/5/7Y,0.000100,IndexCurve/EUR-EURIBOR-6M/4/5Y,0.000100,EUR,-20857165.79,0.00,-19.42
CC_SWAP_EUR_USD,false,DiscountCurve/EUR/5/7Y,0.000100,IndexCurve/EUR-EURIBOR-6M/5/7Y,0.000100,EUR,-20857165.79,0.00,9.31
CC_SWAP_EUR_USD,false,DiscountCurve/EUR/5/7Y,0.000100,IndexCurve/EUR-EURIBOR-6M/6/10Y,0.000100,EUR,-20857165.79,0.00,25.54
CC_SWAP_EUR_USD,false,DiscountCurve/EUR/6/10Y,0.000100,IndexCurve/EUR-EURIBOR-6M/4/5Y,0.000100,EUR,-20857165.79,0.00,-0.01
CC_SWAP_EUR_USD,false,DiscountCurve/EUR/6/10Y,0.000100,IndexCurve/EUR-EURIBOR-6M/5/7Y,0.000100,EUR,-20857165.79,0.00,-35.28
CC_SWAP_EUR_USD,false,DiscountCurve/EUR/6/10Y,0.000100,IndexCurve/EUR-EURIBOR-6M/6/10Y,0.000100,EUR,-20857165.79,0.00,50.43
CC_SWAP_EUR_USD,false,IndexCurve/EUR-EURIBOR-6M/0/6M,0.000100,IndexCurve/EUR-EURIBOR-6M/1/1Y,0.000100,EUR,-20857165.79,0.00,0.44
CC_SWAP_EUR_USD,false,IndexCurve/EUR-EURIBOR-6M/0/6M,0.000100,IndexCurve/EUR-EURIBOR-6M/2/2Y,0.000100,EUR,-20857165.79,0.00,0.00
CC_SWAP_EUR_USD,false,IndexCurve/EUR-EURIBOR-6M/1/1Y,0.000100,IndexCurve/EUR-EURIBOR-6M/2/2Y,0.000100,EUR,-20857165.79,0.00,0.88
CC_SWAP_EUR_USD,false,IndexCurve/EUR-EURIBOR-6M/2/2Y,0.000100,IndexCurve/EUR-EURIBOR-6M/3/3Y,0.000100,EUR,-20857165.79,0.00,2.68
CC_SWAP_EUR_USD,false,IndexCurve/EUR-EURIBOR-6M/3/3Y,0.000100,IndexCurve/EUR-EURIBOR-6M/4/5Y,0.000100,EUR,-20857165.79,0.00,3.36
CC_SWAP_EUR_USD,false,IndexCurve/EUR-EURIBOR-6M/4/5Y,0.000100,IndexCurve/EUR-EURIBOR-6M/5/7Y,0.000100,EUR,-20857165.79,0.00,7.78
CC_SWAP_EUR_USD,false,IndexCurve/EUR-EURIBOR-6M/4/5Y,0.000100,IndexCurve/EUR-EURIBOR-6M/6/10Y,0.000100,EUR,-20857165.79,0.00,0.01
CC_SWAP_EUR_USD,false,IndexCurve/EUR-EURIBOR-6M/5/7Y,0.000100,IndexCurve/EUR-EURIBOR-6M/6/10Y,0.000100,EUR,-20857165.79,0.00,10.11
CC_SWAP_EUR_USD_RESET,false,DiscountCurve/EUR/0/6M,0.000100,,0.000000,EUR,-19563936.20,33.30,-0.43
CC_SWAP_EUR_USD_RESET,false,DiscountCurve/EUR/1/1Y,0.000100,,0.000000,EUR,-19563936.20,84.27,-1.33
CC_SWAP_EUR_USD_RESET,false,DiscountCurve/EUR/2/2Y,0.000100,,0.000000,EUR,-19563936.20,293.81,-3.49
CC_SWAP_EUR_USD_RESET,false,DiscountCurve/EUR/3/3Y,0.000100,,0.000000,EUR,-19563936.20,722.19,-5.79
CC_SWAP_EUR_USD_RESET,false,DiscountCurve/EUR/4/5Y,0.000100,,0.000000,EUR,-19563936.20,1861.16,-10.29
CC_SWAP_EUR_USD_RESET,false,DiscountCurve/EUR/5/7Y,0.000100,,0.000000,EUR,-19563936.20,3543.91,-15.97
CC_SWAP_EUR_USD_RESET,false,DiscountCurve/EUR/6/10Y,0.000100,,0.000000,EUR,-19563936.20,75255.29,-12.53
CC_SWAP_EUR_USD_RESET,false,DiscountCurve/USD/0/6M,0.000100,,0.000000,EUR,-19563936.20,6.21,0.00
CC_SWAP_EUR_USD_RESET,false,DiscountCurve/USD/1/1Y,0.000100,,0.000000,EUR,-19563936.20,62.74,0.00
CC_SWAP_EUR_USD_RESET,false,DiscountCurve/USD/2/2Y,0.000100,,0.000000,EUR,-19563936.20,181.30,-0.03
CC_SWAP_EUR_USD_RESET,false,DiscountCurve/USD/3/3Y,0.000100,,0.000000,EUR,-19563936.20,224.81,-0.05
CC_SWAP_EUR_USD_RESET,false,DiscountCurve/USD/4/5Y,0.000100,,0.000000,EUR,-19563936.20,182.18,-0.07
CC_SWAP_EUR_USD_RESET,false,DiscountCurve/USD/5/7Y,0.000100,,0.000000,EUR,-19563936.20,-295.95,0.14
CC_SWAP_EUR_USD_RESET,false,DiscountCurve/USD/6/10Y,0.000100,,0.000000,EUR,-19563936.20,-72213.22,72.18
CC_SWAP_EUR_USD_RESET,false,IndexCurve/EUR-EURIBOR-6M/0/6M,0.000100,,0.000000,EUR,-19563936.20,4390.67,-0.22
CC_SWAP_EUR_USD_RESET,false,IndexCurve/EUR-EURIBOR-6M/1/1Y,0.000100,,0.000000,EUR,-19563936.20,-83.86,-1.32
CC_SWAP_EUR_USD_RESET,false,IndexCurve/EUR-EURIBOR-6M/2/2Y,0.000100,,0.000000,EUR,-19563936.20,-295.33,-3.46
CC_SWAP_EUR_USD_RESET,false,IndexCurve/EUR-EURIBOR-6M/3/3Y,0.000100,,0.000000,EUR,-19563936.20,-722.41,-5.75
CC_SWAP_EUR_USD_RESET,false,IndexCurve/EUR-EURIBOR-6M/4/5Y,0.000100,,0.000000,EUR,-19563936.20,-1856.62,-10.21
CC_SWAP_EUR_USD_RESET,false,IndexCurve/EUR-EURIBOR-6M/5/7Y,0.000100,,0.000000,EUR,-19563936.20,-3531.39,-15.85
CC_SWAP_EUR_USD_RESET,false,IndexCurve/EUR-EURIBOR-6M/6/10Y,0.000100,,0.000000,EUR,-19563936.20,-74703.91,-12.44
CC_SWAP_EUR_USD_RESET,false,IndexCurve/USD-LIBOR-6M/0/6M,0.000100,,0.000000,EUR,-19563936.20,-4381.20,0.22
CC_SWAP_EUR_USD_RESET,false,IndexCurve/USD-LIBOR-6M/1/1Y,0.000100,,0.000000,EUR,-19563936.20,123.08,1.31
CC_SWAP_EUR_USD_RESET,false,IndexCurve/USD-LIBOR-6M/2/2Y,0.000100,,0.000000,EUR,-19563936.20,262.05,3.44
CC_SWAP_EUR_USD_RESET,false,IndexCurve/USD-LIBOR-6M/3/3Y,0.000100,,0.000000,EUR,-19563936.20,724.64,5.72
CC_SWAP_EUR_USD_RESET,false,IndexCurve/USD-LIBOR-6M/4/5Y,0.000100,,0.000000,EUR,-19563936.20,1841.47,10.16
CC_SWAP_EUR_USD_RESET,false,IndexCurve/USD-LIBOR-6M/5/7Y,0.000100,,0.000000,EUR,-19563936.20,3475.34,15.78
CC_SWAP_EUR_USD_RESET,false,IndexCurve/USD-LIBOR-6M/6/10Y,0.000100,,0.000000,EUR,-19563936.20,74391.29,12.38
CC_SWAP_EUR_USD_RESET,false,FXSpot/USDEUR/0/spot,0.008831,,0.000000,EUR,-19563936.20,695376.68,0.00
CC_SWAP_EUR_USD_RESET,false,DiscountCurve/EUR/0/6M,0.000100,DiscountCurve/EUR/1/1Y,0.000100,EUR,-19563936.20,0.00,0.44
CC_SWAP_EUR_USD_RESET,false,DiscountCurve/EUR/0/6M,0.000100,DiscountCurve/EUR/2/2Y,0.000100,EUR,-19563936.20,0.00,0.00
CC_SWAP_EUR_USD_RESET,false,DiscountCurve/EUR/0/6M,0.000100,DiscountCurve/EUR/3/3Y,0.000100,EUR,-19563936.20,0.00,0.00
CC_SWAP_EUR_USD_RESET,false,DiscountCurve/EUR/0/6M,0.000100,DiscountCurve/EUR/4/5Y,0.000100,EUR,-19563936.20,0.00,0.00
CC_SWAP_EUR_USD_RESET,false,DiscountCurve/EUR/0/6M,0.000100,DiscountCurve/EUR/5/7Y,0.000100,EUR,-19563936.20,0.00,0.00
CC_SWAP_EUR_USD_RESET,false,DiscountCurve/EUR/0/6M,0.000100,DiscountCurve/EUR/6/10Y,0.000100,EUR,-19563936.20,0.00,-0.08
CC_SWAP_EUR_USD_RESET,false,DiscountCurve/EUR/0/6M,0.000100,IndexCurve/EUR-EURIBOR-6M/0/6M,0.000100,EUR,-19563936.20,0.00,0.21
CC_SWAP_EUR_USD_RESET,false,DiscountCurve/EUR/0/6M,0.000100,IndexCurve/EUR-EURIBOR-6M/1/1Y,0.000100,EUR,-19563936.20,0.00,-0.44
CC_SWAP_EUR_USD_RESET,false,DiscountCurve/EUR/0/6M,0.000100,IndexCurve/EUR-EURIBOR-6M/2/2Y,0.000100,EUR,-19563936.20,0.00,0.00
CC_SWAP_EUR_USD_RESET,false,DiscountCurve/EUR/0/6M,0.000100,IndexCurve/EUR-EURIBOR-6M/3/3Y,0.000100,EUR,-19563936.20,0.00,0.00
CC_SWAP_EUR_USD_RESET,false,DiscountCurve/EUR/0/6M,0.000100,IndexCurve/EUR-EURIBOR-6M/4/5Y,0.000100,EUR,-19563936.20,0.00,0.00
CC_SWAP_EUR_USD_RESET,false,DiscountCurve/EUR/0/6M,0.000100,IndexCurve/EUR-EURIBOR-6M/5/7Y,0.000100,EUR,-19563936.20,0.00,0.00
CC_SWAP_EUR_USD_RESET,false,DiscountCurve/EUR/0/6M,0.000100,IndexCurve/EUR-EURIBOR-6M/6/10Y,0.000100,EUR,-19563936.20,0.00,0.08
CC_SWAP_EUR_USD_RESET,false,DiscountCurve/EUR/1/1Y,0.000100,DiscountCurve/EUR/2/2Y,0.000100,EUR,-19563936.20,0.00,0.87
CC_SWAP_EUR_USD_RESET,false,DiscountCurve/EUR/1/1Y,0.000100,IndexCurve/EUR-EURIBOR-6M/0/6M,0.000100,EUR,-19563936.20,0.00,-0.44
CC_SWAP_EUR_USD_RESET,false,DiscountCurve/EUR/1/1Y,0.000100,IndexCurve/EUR-EURIBOR-6M/1/1Y,0.000100,EUR,-19563936.20,0.00,1.32
CC_SWAP_EUR_USD_RESET,false,DiscountCurve/EUR/1/1Y,0.000100,IndexCurve/EUR-EURIBOR-6M/2/2Y,0.000100,EUR,-19563936.20,0.00,-0.87
CC_SWAP_EUR_USD_RESET,false,DiscountCurve/EUR/2/2Y,0.000100,DiscountCurve/EUR/3/3Y,0.000100,EUR,-19563936.20,0.00,2.60
CC_SWAP_EUR_USD_RESET,false,DiscountCurve/EUR/2/2Y,0.000100,IndexCurve/EUR-EURIBOR-6M/0/6M,0.000100,EUR,-19563936.20,0.00,0.00
CC_SWAP_EUR_USD_RESET,false,DiscountCurve/EUR/2/2Y,0.000100,IndexCurve/EUR-EURIBOR-6M/1/1Y,0.000100,EUR,-19563936.20,0.00,-0.87
CC_SWAP_EUR_USD_RESET,false,DiscountCurve/EUR/2/2Y,0.000100,IndexCurve/EUR-EURIBOR-6M/2/2Y,0.000100,EUR,-19563936.20,0.00,3.46
CC_SWAP_EUR_USD_RESET,false,DiscountCurve/EUR/2/2Y,0.000100,IndexCurve/EUR-EURIBOR-6M/3/3Y,0.000100,EUR,-19563936.20,0.00,-2.58
CC_SWAP_EUR_USD_RESET,false,DiscountCurve/EUR/3/3Y,0.000100,DiscountCurve/EUR/4/5Y,0.000100,EUR,-19563936.20,0.00,3.16
CC_SWAP_EUR_USD_RESET,false,DiscountCurve/EUR/3/3Y,0.000100,IndexCurve/EUR-EURIBOR-6M/2/2Y,0.000100,EUR,-19563936.20,0.00,-2.58
CC_SWAP_EUR_USD_RESET,false,DiscountCurve/EUR/3/3Y,0.000100,IndexCurve/EUR-EURIBOR-6M/3/3Y,0.000100,EUR,-19563936.20,0.00,5.75
CC_SWAP_EUR_USD_RESET,false,DiscountCurve/EUR/3/3Y,0.000100,IndexCurve/EUR-EURIBOR-6M/4/5Y,0.000100,EUR,-19563936.20,0.00,-3.13
CC_SWAP_EUR_USD_RESET,false,DiscountCurve/EUR/4/5Y,0.000100,DiscountCurve/EUR/5/7Y,0.000100,EUR,-19563936.20,0.00,7.03
CC_SWAP_EUR_USD_RESET,false,DiscountCurve/EUR/4/5Y,0.000100,DiscountCurve/EUR/6/10Y,0.000100,EUR,-19563936.20,0.00,0.01
CC_SWAP_EUR_USD_RESET,false,DiscountCurve/EUR/4/5Y,0.000100,IndexCurve/EUR-EURIBOR-6M/3/3Y,0.000100,EUR,-19563936.20,0.00,-3.13
CC_SWAP_EUR_USD_RESET,false,DiscountCurve/EUR/4/5Y,0.000100,IndexCurve/EUR-EURIBOR-6M/4/5Y,0.000100,EUR,-19563936.20,0.00,10.21
CC_SWAP_EUR_USD_RESET,false,DiscountCurve/EUR/4/5Y,0.000100,IndexCurve/EUR-EURIBOR-6M/5/7Y,0.000100,EUR,-19563936.20,0.00,-6.98
CC_SWAP_EUR_USD_RESET,false,DiscountCurve/EUR/4/5Y,0.000100,IndexCurve/EUR-EURIBOR-6M/6/10Y,0.000100,EUR,-19563936.20,0.00,-0.01
CC_SWAP_EUR_USD_RESET,false,DiscountCurve/EUR/5/7Y,0.000100,DiscountCurve/EUR/6/10Y,0.000100,EUR,-19563936.20,0.00,8.76
CC_SWAP_EUR_USD_RESET,false,DiscountCurve/EUR/5/7Y,0.000100,IndexCurve/EUR-EURIBOR-6M/4/5Y,0.000100,EUR,-19563936.20,0.00,-6.98
CC_SWAP_EUR_USD_RESET,false,DiscountCurve/EUR/5/7Y,0.000100,IndexCurve/EUR-EURIBOR-6M/5/7Y,0.000100,EUR,-19563936.20,0.00,15.85
CC_SWAP_EUR_USD_RESET,false,DiscountCurve/EUR/5/7Y,0.000100,IndexCurve/EUR-EURIBOR-6M/6/10Y,0.000100,EUR,-19563936.20,0.00,-8.69
CC_SWAP_EUR_USD_RESET,false,DiscountCurve/EUR/6/10Y,0.000100,IndexCurve/EUR-EURIBOR-6M/4/5Y,0.000100,EUR,-19563936.20,0.00,-0.01
CC_SWAP_EUR_USD_RESET,false,DiscountCurve/EUR/6/10Y,0.000100,IndexCurve/EUR-EURIBOR-6M/5/7Y,0.000100,EUR,-19563936.20,0.00,-8.69
CC_SWAP_EUR_USD_RESET,false,DiscountCurve/EUR/6/10Y,0.000100,IndexCurve/EUR-EURIBOR-6M/6/10Y,0.000100,EUR,-19563936.20,0.00,12.44
CC_SWAP_EUR_USD_RESET,false,IndexCurve/EUR-EURIBOR-6M/0/6M,0.000100,IndexCurve/EUR-EURIBOR-6M/1/1Y,0.000100,EUR,-19563936.20,0.00,0.44
CC_SWAP_EUR_USD_RESET,false,IndexCurve/EUR-EURIBOR-6M/0/6M,0.000100,IndexCurve/EUR-EURIBOR-6M/2/2Y,0.000100,EUR,-19563936.20,0.00,0.00
CC_SWAP_EUR_USD_RESET,false,IndexCurve/EUR-EURIBOR-6M/1/1Y,0.000100,IndexCurve/EUR-EURIBOR-6M/2/2Y,0.000100,EUR,-19563936.20,0.00,0.87
CC_SWAP_EUR_USD_RESET,false,IndexCurve/EUR-EURIBOR-6M/2/2Y,0.000100,IndexCurve/EUR-EURIBOR-6M/3/3Y,0.000100,EUR,-19563936.20,0.00,2.58
CC_SWAP_EUR_USD_RESET,false,IndexCurve/EUR-EURIBOR-6M/3/3Y,0.000100,IndexCurve/EUR-EURIBOR-6M/4/5Y,0.000100,EUR,-19563936.20,0.00,3.13
CC_SWAP_EUR_USD_RESET,false,IndexCurve/EUR-EURIBOR-6M/4/5Y,0.000100,IndexCurve/EUR-EURIBOR-6M/5/7Y,0.000100,EUR,-19563936.20,0.00,6.98
CC_SWAP_EUR_USD_RESET,false,IndexCurve/EUR-EURIBOR-6M/4/5Y,0.000100,IndexCurve/EUR-EURIBOR-6M/6/10Y,0.000100,EUR,-19563936.20,0.00,0.01
CC_SWAP_EUR_USD_RESET,false,IndexCurve/EUR-EURIBOR-6M/5/7Y,0.000100,IndexCurve/EUR-EURIBOR-6M/6/10Y,0.000100,EUR,-19563936.20,0.00,8.69
CDS,false,DiscountCurve/USD/0/6M,0.000100,,0.000000,EUR,707.57,-0.09,0.00
CDS,false,DiscountCurve/USD/1/1Y,0.000100,,0.000000,EUR,707.57,0.04,0.00
CDS,false,DiscountCurve/USD/2/2Y,0.000100,,0.000000,EUR,707.57,0.06,0.00
CDS,false,DiscountCurve/USD/3/3Y,0.000100,,0.000000,EUR,707.57,0.13,0.00
CDS,false,DiscountCurve/USD/4/5Y,0.000100,,0.000000,EUR,707.57,0.32,0.00
CDS,false,DiscountCurve/USD/5/7Y,0.000100,,0.000000,EUR,707.57,0.61,0.00
CDS,false,DiscountCurve/USD/6/10Y,0.000100,,0.000000,EUR,707.57,7.95,-0.01
CDS,false,DiscountCurve/USD/7/15Y,0.000100,,0.000000,EUR,707.57,0.52,0.00
CDS,false,FXSpot/USDEUR/0/spot,0.008831,,0.000000,EUR,707.57,7.08,0.00
CDS,false,SurvivalProbability/BANK/0/6M,0.000100,,0.000000,EUR,707.57,1.94,0.00
CDS,false,SurvivalProbability/BANK/1/1Y,0.000100,,0.000000,EUR,707.57,12.16,0.00
CDS,false,SurvivalProbability/BANK/2/2Y,0.000100,,0.000000,EUR,707.57,68.80,-0.01
CDS,false,SurvivalProbability/BANK/3/5Y,0.000100,,0.000000,EUR,707.57,310.18,-0.12
CDS,false,SurvivalProbability/BANK/4/10Y,0.000100,,0.000000,EUR,707.57,4110.77,-4.06
CPI_Swap,false,DiscountCurve/GBP/0/6M,0.000100,,0.000000,EUR,1016258.46,0.25,0.00
CPI_Swap,false,DiscountCurve/GBP/1/1Y,0.000100,,0.000000,EUR,1016258.46,-10.01,0.00
CPI_Swap,false,DiscountCurve/GBP/2/2Y,0.000100,,0.000000,EUR,1016258.46,-43.80,0.00
CPI_Swap,false,DiscountCurve/GBP/3/3Y,0.000100,,0.000000,EUR,1016258.46,-90.83,0.01
CPI_Swap,false,DiscountCurve/GBP/4/5Y,0.000100,,0.000000,EUR,1016258.46,-172.18,0.06
CPI_Swap,false,DiscountCurve/GBP/5/7Y,0.000100,,0.000000,EUR,1016258.46,-39.35,0.01
CPI_Swap,false,IndexCurve/GBP-LIBOR-6M/0/6M,0.000100,,0.000000,EUR,1016258.46,550.80,-0.02
CPI_Swap,false,IndexCurve/GBP-LIBOR-6M/1/1Y,0.000100,,0.000000,EUR,1016258.46,3.26,-0.15
CPI_Swap,false,IndexCurve/GBP-LIBOR-6M/2/2Y,0.000100,,0.000000,EUR,1016258.46,-3.15,-0.43
CPI_Swap,false,IndexCurve/GBP-LIBOR-6M/3/3Y,0.000100,,0.000000,EUR,1016258.46,-28.73,-0.74
CPI_Swap,false,IndexCurve/GBP-LIBOR-6M/4/5Y,0.000100,,0.000000,EUR,1016258.46,-4735.95,-0.85
CPI_Swap,false,IndexCurve/GBP-LIBOR-6M/5/7Y,0.000100,,0.000000,EUR,1016258.46,-1907.02,-0.30
CPI_Swap,false,FXSpot/GBPEUR/0/spot,0.012316,,0.000000,EUR,1016258.46,10162.58,0.00
CPI_Swap,false,ZeroInflationCurve/UKRPI/1/1Y,0.000100,,0.000000,EUR,1016258.46,25.47,0.00
CPI_Swap,false,ZeroInflationCurve/UKRPI/2/2Y,0.000100,,0.000000,EUR,1016258.46,62.76,0.00
CPI_Swap,false,ZeroInflationCurve/UKRPI/3/3Y,0.000100,,0.000000,EUR,1016258.46,162.79,0.02
CPI_Swap,false,ZeroInflationCurve/UKRPI/4/5Y,0.000100,,0.000000,EUR,1016258.46,273.11,0.08
CPI_Swap,false,ZeroInflationCurve/UKRPI/5/7Y,0.000100,,0.000000,EUR,1016258.46,37.92,0.00
EQ_CALL_LUFT,false,DiscountCurve/EUR/2/2Y,0.000100,,0.000000,EUR,1872.93,-0.35,0.00
EQ_CALL_LUFT,false,DiscountCurve/EUR/3/3Y,0.000100,,0.000000,EUR,1872.93,-0.04,0.00
EQ_CALL_LUFT,false,IndexCurve/EUR-EONIA/2/2Y,0.000100,,0.000000,EUR,1872.93,1.16,0.00
EQ_CALL_LUFT,false,IndexCurve/EUR-EONIA/3/3Y,0.000100,,0.000000,EUR,1872.93,0.12,0.00
EQ_CALL_LUFT,false,EquitySpot/Lufthansa/0/spot,0.127500,,0.000000,EUR,1872.93,62.34,0.88
EQ_CALL_LUFT,false,EquityVolatility/Lufthansa/2/2Y/ATM,0.000000,,0.000000,EUR,1872.93,14.77,0.01
EQ_CALL_LUFT,false,EquityVolatility/Lufthansa/3/3Y/ATM,0.000000,,0.000000,EUR,1872.93,1.57,0.01
EQ_CALL_LUFT,false,DiscountCurve/EUR/2/2Y,0.000100,DiscountCurve/EUR/3/3Y,0.000100,EUR,1872.93,0.00,0.00
EQ_CALL_LUFT,false,DiscountCurve/EUR/2/2Y,0.000100,IndexCurve/EUR-EONIA/2/2Y,0.000100,EUR,1872.93,0.00,0.00
EQ_CALL_LUFT,false,DiscountCurve/EUR/2/2Y,0.000100,IndexCurve/EUR-EONIA/3/3Y,0.000100,EUR,1872.93,0.00,0.00
EQ_CALL_LUFT,false,DiscountCurve/EUR/3/3Y,0.000100,IndexCurve/EUR-EONIA/2/2Y,0.000100,EUR,1872.93,0.00,0.00
EQ_CALL_LUFT,false,DiscountCurve/EUR/3/3Y,0.000100,IndexCurve/EUR-EONIA/3/3Y,0.000100,EUR,1872.93,0.00,0.00
EQ_CALL_LUFT,false,IndexCurve/EUR-EONIA/2/2Y,0.000100,IndexCurve/EUR-EONIA/3/3Y,0.000100,EUR,1872.93,0.00,0.00
EQ_CALL_SP5,false,DiscountCurve/USD/2/2Y,0.000100,,0.000000,EUR,179760.02,-36.00,0.01
EQ_CALL_SP5,false,FXSpot/USDEUR/0/spot,0.008831,,0.000000,EUR,179760.02,1797.60,0.00
EQ_CALL_SP5,false,EquitySpot/SP5/0/spot,21.475600,,0.000000,EUR,179760.02,7600.70,156.30
EQ_CALL_SP5,false,EquityVolatility/SP5/2/2Y/ATM,0.000000,,0.000000,EUR,179760.02,1956.29,-0.50
EQ_FWD_LUFT,false,DiscountCurve/EUR/2/2Y,0.000100,,0.000000,EUR,399.11,-0.07,0.00
EQ_FWD_LUFT,false,DiscountCurve/EUR/3/3Y,0.000100,,0.000000,EUR,399.11,-0.01,0.00
EQ_FWD_LUFT,false,IndexCurve/EUR-EONIA/2/2Y,0.000100,,0.000000,EUR,399.11,1.86,0.00
EQ_FWD_LUFT,false,IndexCurve/EUR-EONIA/3/3Y,0.000100,,0.000000,EUR,399.11,0.20,0.00
EQ_FWD_LUFT,false,EquitySpot/Lufthansa/0/spot,0.127500,,0.000000,EUR,399.11,99.53,0.00
EQ_FWD_LUFT,false,DiscountCurve/EUR/2/2Y,0.000100,DiscountCurve/EUR/3/3Y,0.000100,EUR,399.11,0.00,0.00
EQ_FWD_LUFT,false,DiscountCurve/EUR/2/2Y,0.000100,IndexCurve/EUR-EONIA/2/2Y,0.000100,EUR,399.11,0.00,0.00
EQ_FWD_LUFT,false,DiscountCurve/EUR/2/2Y,0.000100,IndexCurve/EUR-EONIA/3/3Y,0.000100,EUR,399.11,0.00,0.00
EQ_FWD_LUFT,false,DiscountCurve/EUR/3/3Y,0.000100,IndexCurve/EUR-EONIA/2/2Y,0.000100,EUR,399.11,0.00,0.00
EQ_FWD_LUFT,false,DiscountCurve/EUR/3/3Y,0.000100,IndexCurve/EUR-EONIA/3/3Y,0.000100,EUR,399.11,0.00,0.00
EQ_FWD_LUFT,false,IndexCurve/EUR-EONIA/2/2Y,0.000100,IndexCurve/EUR-EONIA/3/3Y,0.000100,EUR,399.11,0.00,0.00
EQ_FWD_SP5,false,DiscountCurve/USD/2/2Y,0.000100,,0.000000,EUR,38240.13,-7.66,0.00
EQ_FWD_SP5,false,FXSpot/USDEUR/0/spot,0.008831,,0.000000,EUR,38240.13,382.40,0.00
EQ_FWD_SP5,false,EquitySpot/SP5/0/spot,21.475600,,0.000000,EUR,38240.13,-13932.00,0.00
EQ_PUT_LUFT,false,DiscountCurve/EUR/2/2Y,0.000100,,0.000000,EUR,1473.82,-0.28,0.00
EQ_PUT_LUFT,false,DiscountCurve/EUR/3/3Y,0.000100,,0.000000,EUR,1473.82,-0.03,0.00
EQ_PUT_LUFT,false,IndexCurve/EUR-EONIA/2/2Y,0.000100,,0.000000,EUR,1473.82,-0.70,0.00
EQ_PUT_LUFT,false,IndexCurve/EUR-EONIA/3/3Y,0.000100,,0.000000,EUR,1473.82,-0.07,0.00
EQ_PUT_LUFT,false,EquitySpot/Lufthansa/0/spot,0.127500,,0.000000,EUR,1473.82,-37.19,0.88
EQ_PUT_LUFT,false,EquityVolatility/Lufthansa/2/2Y/ATM,0.000000,,0.000000,EUR,1473.82,14.77,0.01
EQ_PUT_LUFT,false,EquityVolatility/Lufthansa/3/3Y/ATM,0.000000,,0.000000,EUR,1473.82,1.57,0.01
EQ_PUT_LUFT,false,DiscountCurve/EUR/2/2Y,0.000100,DiscountCurve/EUR/3/3Y,0.000100,EUR,1473.82,0.00,0.00
EQ_PUT_LUFT,false,DiscountCurve/EUR/2/2Y,0.000100,IndexCurve/EUR-EONIA/2/2Y,0.000100,EUR,1473.82,0.00,0.00
EQ_PUT_LUFT,false,DiscountCurve/EUR/2/2Y,0.000100,IndexCurve/EUR-EONIA/3/3Y,0.000100,EUR,1473.82,0.00,0.00
EQ_PUT_LUFT,false,DiscountCurve/EUR/3/3Y,0.000100,IndexCurve/EUR-EONIA/2/2Y,0.000100,EUR,1473.82,0.00,0.00
EQ_PUT_LUFT,false,DiscountCurve/EUR/3/3Y,0.000100,IndexCurve/EUR-EONIA/3/3Y,0.000100,EUR,1473.82,0.00,0.00
EQ_PUT_LUFT,false,IndexCurve/EUR-EONIA/2/2Y,0.000100,IndexCurve/EUR-EONIA/3/3Y,0.000100,EUR,1473.82,0.00,0.00
EQ_PUT_SP5,false,DiscountCurve/USD/2/2Y,0.000100,,0.000000,EUR,-218000.15,43.66,-0.01
EQ_PUT_SP5,false,FXSpot/USDEUR/0/spot,0.008831,,0.000000,EUR,-218000.15,-2180.00,0.00
EQ_PUT_SP5,false,EquitySpot/SP5/0/spot,21.475600,,0.000000,EUR,-218000.15,6331.30,-156.30
EQ_PUT_SP5,false,EquityVolatility/SP5/2/2Y/ATM,0.000000,,0.000000,EUR,-218000.15,-1956.29,0.50
EUROPEAN_SWAPTION,false,DiscountCurve/EUR/6/10Y,0.000100,,0.000000,EUR,-3076613.10,84.32,-0.01
EUROPEAN_SWAPTION,false,DiscountCurve/EUR/7/15Y,0.000100,,0.000000,EUR,-3076613.10,1376.96,-2.32
EUROPEAN_SWAPTION,false,DiscountCurve/EUR/8/20Y,0.000100,,0.000000,EUR,-3076613.10,4146.88,-9.04
EUROPEAN_SWAPTION,false,IndexCurve/EUR-EURIBOR-3M/6/10Y,0.000100,,0.000000,EUR,-3076613.10,-3874.37,-1.15
EUROPEAN_SWAPTION,false,IndexCurve/EUR-EURIBOR-3M/7/15Y,0.000100,,0.000000,EUR,-3076613.10,-11847.76,-10.79
EUROPEAN_SWAPTION,false,IndexCurve/EUR-EURIBOR-3M/8/20Y,0.000100,,0.000000,EUR,-3076613.10,23511.98,-47.09
EUROPEAN_SWAPTION,false,SwaptionVolatility/EUR/11/10Y/10Y/ATM,0.000000,,0.000000,EUR,-3076613.10,-3735.20,-65.36
EUROPEAN_SWAPTION,false,DiscountCurve/EUR/6/10Y,0.000100,DiscountCurve/EUR/7/15Y,0.000100,EUR,-3076613.10,0.00,-0.10
EUROPEAN_SWAPTION,false,DiscountCurve/EUR/6/10Y,0.000100,DiscountCurve/EUR/8/20Y,0.000100,EUR,-3076613.10,0.00,0.00
EUROPEAN_SWAPTION,false,DiscountCurve/EUR/6/10Y,0.000100,IndexCurve/EUR-EURIBOR-3M/6/10Y,0.000100,EUR,-3076613.10,0.00,0.81
EUROPEAN_SWAPTION,false,DiscountCurve/EUR/6/10Y,0.000100,IndexCurve/EUR-EURIBOR-3M/7/15Y,0.000100,EUR,-3076613.10,0.00,-1.26
EUROPEAN_SWAPTION,false,DiscountCurve/EUR/6/10Y,0.000100,IndexCurve/EUR-EURIBOR-3M/8/20Y,0.000100,EUR,-3076613.10,0.00,0.05
EUROPEAN_SWAPTION,false,DiscountCurve/EUR/7/15Y,0.000100,DiscountCurve/EUR/8/20Y,0.000100,EUR,-3076613.10,0.00,0.55
EUROPEAN_SWAPTION,false,DiscountCurve/EUR/7/15Y,0.000100,IndexCurve/EUR-EURIBOR-3M/6/10Y,0.000100,EUR,-3076613.10,0.00,4.54
EUROPEAN_SWAPTION,false,DiscountCurve/EUR/7/15Y,0.000100,IndexCurve/EUR-EURIBOR-3M/7/15Y,0.000100,EUR,-3076613.10,0.00,-1.05
EUROPEAN_SWAPTION,false,DiscountCurve/EUR/7/15Y,0.000100,IndexCurve/EUR-EURIBOR-3M/8/20Y,0.000100,EUR,-3076613.10,0.00,-7.68
EUROPEAN_SWAPTION,false,DiscountCurve/EUR/8/20Y,0.000100,IndexCurve/EUR-EURIBOR-3M/6/10Y,0.000100,EUR,-3076613.10,0.00,0.07
EUROPEAN_SWAPTION,false,DiscountCurve/EUR/8/20Y,0.000100,IndexCurve/EUR-EURIBOR-3M/7/15Y,0.000100,EUR,-3076613.10,0.00,27.60
EUROPEAN_SWAPTION,false,DiscountCurve/EUR/8/20Y,0.000100,IndexCurve/EUR-EURIBOR-3M/8/20Y,0.000100,EUR,-3076613.10,0.00,-36.89
EUROPEAN_SWAPTION,false,IndexCurve/EUR-EURIBOR-3M/6/10Y,0.000100,IndexCurve/EUR-EURIBOR-3M/7/15Y,0.000100,EUR,-3076613.10,0.00,-4.35
EUROPEAN_SWAPTION,false,IndexCurve/EUR-EURIBOR-3M/6/10Y,0.000100,IndexCurve/EUR-EURIBOR-3M/8/20Y,0.000100,EUR,-3076613.10,0.00,8.18
EUROPEAN_SWAPTION,false,IndexCurve/EUR-EURIBOR-3M/7/15Y,0.000100,IndexCurve/EUR-EURIBOR-3M/8/20Y,0.000100,EUR,-3076613.10,0.00,23.23
FLOOR_EUR,false,DiscountCurve/EUR/0/6M,0.000100,,0.000000,EUR,78572.27,-0.24,0.00
FLOOR_EUR,false,DiscountCurve/EUR/1/1Y,0.000100,,0.000000,EUR,78572.27,-0.82,0.00
FLOOR_EUR,false,DiscountCurve/EUR/2/2Y,0.000100,,0.000000,EUR,78572.27,-2.16,0.00
FLOOR_EUR,false,DiscountCurve/EUR/3/3Y,0.000100,,0.000000,EUR,78572.27,-4.17,0.00
FLOOR_EUR,false,DiscountCurve/EUR/4/5Y,0.000100,,0.000000,EUR,78572.27,-8.02,0.00
FLOOR_EUR,false,DiscountCurve/EUR/5/7Y,0.000100,,0.000000,EUR,78572.27,-10.68,0.01
FLOOR_EUR,false,DiscountCurve/EUR/6/10Y,0.000100,,0.000000,EUR,78572.27,-9.57,0.01
FLOOR_EUR,false,DiscountCurve/EUR/7/15Y,0.000100,,0.000000,EUR,78572.27,-0.01,0.00
FLOOR_EUR,false,IndexCurve/EUR-EURIBOR-6M/0/6M,0.000100,,0.000000,EUR,78572.27,1.09,0.00
FLOOR_EUR,false,IndexCurve/EUR-EURIBOR-6M/1/1Y,0.000100,,0.000000,EUR,78572.27,-3.22,0.14
FLOOR_EUR,false,IndexCurve/EUR-EURIBOR-6M/2/2Y,0.000100,,0.000000,EUR,78572.27,-15.81,1.42
FLOOR_EUR,false,IndexCurve/EUR-EURIBOR-6M/3/3Y,0.000100,,0.000000,EUR,78572.27,-52.51,3.38
FLOOR_EUR,false,IndexCurve/EUR-EURIBOR-6M/4/5Y,0.000100,,0.000000,EUR,78572.27,-85.12,6.66
FLOOR_EUR,false,IndexCurve/EUR-EURIBOR-6M/5/7Y,0.000100,,0.000000,EUR,78572.27,-87.55,9.27
FLOOR_EUR,false,IndexCurve/EUR-EURIBOR-6M/6/10Y,0.000100,,0.000000,EUR,78572.27,-393.20,6.66
FLOOR_EUR,false,IndexCurve/EUR-EURIBOR-6M/7/15Y,0.000100,,0.000000,EUR,78572.27,-1.30,0.00
FLOOR_EUR,false,OptionletVolatility/EUR/0/1Y/0.01,0.000000,,0.000000,EUR,78572.27,6.48,0.32
FLOOR_EUR,false,OptionletVolatility/EUR/5/2Y/0.01,0.000000,,0.000000,EUR,78572.27,25.75,0.56
FLOOR_EUR,false,OptionletVolatility/EUR/10/3Y/0.01,0.000000,,0.000000,EUR,78572.27,91.60,0.41
FLOOR_EUR,false,OptionletVolatility/EUR/15/5Y/0.01,0.000000,,0.000000,EUR,78572.27,174.81,0.12
FLOOR_EUR,false,OptionletVolatility/EUR/20/7Y/0.01,0.000000,,0.000000,EUR,78572.27,263.30,0.13
FLOOR_EUR,false,OptionletVolatility/EUR/25/10Y/0.01,0.000000,,0.000000,EUR,78572.27,141.85,0.08
FLOOR_EUR,false,DiscountCurve/EUR/0/6M,0.000100,IndexCurve/EUR-EURIBOR-6M/0/6M,0.000100,EUR,78572.27,0.00,0.00
FLOOR_EUR,false,DiscountCurve/EUR/0/6M,0.000100,IndexCurve/EUR-EURIBOR-6M/1/1Y,0.000100,EUR,78572.27,0.00,0.00
FLOOR_EUR,false,DiscountCurve/EUR/1/1Y,0.000100,DiscountCurve/EUR/2/2Y,0.000100,EUR,78572.27,0.00,0.00
FLOOR_EUR,false,DiscountCurve/EUR/1/1Y,0.000100,IndexCurve/EUR-EURIBOR-6M/0/6M,0.000100,EUR,78572.27,0.00,0.00
FLOOR_EUR,false,DiscountCurve/EUR/1/1Y,0.000100,IndexCurve/EUR-EURIBOR-6M/1/1Y,0.000100,EUR,78572.27,0.00,0.01
FLOOR_EUR,false,DiscountCurve/EUR/1/1Y,0.000100,IndexCurve/EUR-EURIBOR-6M/2/2Y,0.000100,EUR,78572.27,0.00,0.01
FLOOR_EUR,false,DiscountCurve/EUR/2/2Y,0.000100,DiscountCurve/EUR/3/3Y,0.000100,EUR,78572.27,0.00,0.00
FLOOR_EUR,false,DiscountCurve/EUR/2/2Y,0.000100,IndexCurve/EUR-EURIBOR-6M/0/6M,0.000100,EUR,78572.27,0.00,0.00
FLOOR_EUR,false,DiscountCurve/EUR/2/2Y,0.000100,IndexCurve/EUR-EURIBOR-6M/1/1Y,0.000100,EUR,78572.27,0.00,-0.01
FLOOR_EUR,false,DiscountCurve/EUR/2/2Y,0.000100,IndexCurve/EUR-EURIBOR-6M/2/2Y,0.000100,EUR,78572.27,0.00,0.02
FLOOR_EUR,false,DiscountCurve/EUR/2/2Y,0.000100,IndexCurve/EUR-EURIBOR-6M/3/3Y,0.000100,EUR,78572.27,0.00,0.01
FLOOR_EUR,false,DiscountCurve/EUR/3/3Y,0.000100,DiscountCurve/EUR/4/5Y,0.000100,EUR,78572.27,0.00,0.00
FLOOR_EUR,false,DiscountCurve/EUR/3/3Y,0.000100,IndexCurve/EUR-EURIBOR-6M/1/1Y,0.000100,EUR,78572.27,0.00,0.00
FLOOR_EUR,false,DiscountCurve/EUR/3/3Y,0.000100,IndexCurve/EUR-EURIBOR-6M/2/2Y,0.000100,EUR,78572.27,0.00,-0.04
FLOOR_EUR,false,DiscountCurve/EUR/3/3Y,0.000100,IndexCurve/EUR-EURIBOR-6M/3/3Y,0.000100,EUR,78572.27,0.00,0.03
FLOOR_EUR,false,DiscountCurve/EUR/3/3Y,0.000100,IndexCurve/EUR-EURIBOR-6M/4/5Y,0.000100,EUR,78572.27,0.00,0.04
FLOOR_EUR,false,DiscountCurve/EUR/4/5Y,0.000100,DiscountCurve/EUR/5/7Y,0.000100,EUR,78572.27,0.00,0.00
FLOOR_EUR,false,DiscountCurve/EUR/4/5Y,0.000100,IndexCurve/EUR-EURIBOR-6M/2/2Y,0.000100,EUR,78572.27,0.00,0.00
FLOOR_EUR,false,DiscountCurve/EUR/4/5Y,0.000100,IndexCurve/EUR-EURIBOR-6M/3/3Y,0.000100,EUR,78572.27,0.00,-0.06
FLOOR_EUR,false,DiscountCurve/EUR/4/5Y,0.000100,IndexCurve/EUR-EURIBOR-6M/4/5Y,0.000100,EUR,78572.27,0.00,0.06
FLOOR_EUR,false,DiscountCurve/EUR/4/5Y,0.000100,IndexCurve/EUR-EURIBOR-6M/5/7Y,0.000100,EUR,78572.27,0.00,0.07
FLOOR_EUR,false,DiscountCurve/EUR/5/7Y,0.000100,DiscountCurve/EUR/6/10Y,0.000100,EUR,78572.27,0.00,0.00
FLOOR_EUR,false,DiscountCurve/EUR/5/7Y,0.000100,IndexCurve/EUR-EURIBOR-6M/3/3Y,0.000100,EUR,78572.27,0.00,0.00
FLOOR_EUR,false,DiscountCurve/EUR/5/7Y,0.000100,IndexCurve/EUR-EURIBOR-6M/4/5Y,0.000100,EUR,78572.27,0.00,-0.12
FLOOR_EUR,false,DiscountCurve/EUR/5/7Y,0.000100,IndexCurve/EUR-EURIBOR-6M/5/7Y,0.000100,EUR,78572.27,0.00,0.08
FLOOR_EUR,false,DiscountCurve/EUR/5/7Y,0.000100,IndexCurve/EUR-EURIBOR-6M/6/10Y,0.000100,EUR,78572.27,0.00,0.12
FLOOR_EUR,false,DiscountCurve/EUR/6/10Y,0.000100,DiscountCurve/EUR/7/15Y,0.000100,EUR,78572.27,0.00,0.00
FLOOR_EUR,false,DiscountCurve/EUR/6/10Y,0.000100,IndexCurve/EUR-EURIBOR-6M/4/5Y,0.000100,EUR,78572.27,0.00,0.00
FLOOR_EUR,false,DiscountCurve/EUR/6/10Y,0.000100,IndexCurve/EUR-EURIBOR-6M/5/7Y,0.000100,EUR,78572.27,0.00,-0.16
FLOOR_EUR,false,DiscountCurve/EUR/6/10Y,0.000100,IndexCurve/EUR-EURIBOR-6M/6/10Y,0.000100,EUR,78572.27,0.00,0.23
FLOOR_EUR,false,DiscountCurve/EUR/6/10Y,0.000100,IndexCurve/EUR-EURIBOR-6M/7/15Y,0.000100,EUR,78572.27,0.00,0.00
FLOOR_EUR,false,DiscountCurve/EUR/7/15Y,0.000100,IndexCurve/EUR-EURIBOR-6M/5/7Y,0.000100,EUR,78572.27,0.00,0.00
FLOOR_EUR,false,DiscountCurve/EUR/7/15Y,0.000100,IndexCurve/EUR-EURIBOR-6M/6/10Y,0.000100,EUR,78572.27,0.00,0.00
FLOOR_EUR,false,DiscountCurve/EUR/7/15Y,0.000100,IndexCurve/EUR-EURIBOR-6M/7/15Y,0.000100,EUR,78572.27,0.00,0.00
FLOOR_EUR,false,IndexCurve/EUR-EURIBOR-6M/0/6M,0.000100,IndexCurve/EUR-EURIBOR-6M/1/1Y,0.000100,EUR,78572.27,0.00,-0.01
FLOOR_EUR,false,IndexCurve/EUR-EURIBOR-6M/0/6M,0.000100,IndexCurve/EUR-EURIBOR-6M/2/2Y,0.000100,EUR,78572.27,0.00,0.00
FLOOR_EUR,false,IndexCurve/EUR-EURIBOR-6M/1/1Y,0.000100,IndexCurve/EUR-EURIBOR-6M/2/2Y,0.000100,EUR,78572.27,0.00,-0.25
FLOOR_EUR,false,IndexCurve/EUR-EURIBOR-6M/1/1Y,0.000100,IndexCurve/EUR-EURIBOR-6M/3/3Y,0.000100,EUR,78572.27,0.00,0.00
FLOOR_EUR,false,IndexCurve/EUR-EURIBOR-6M/2/2Y,0.000100,IndexCurve/EUR-EURIBOR-6M/3/3Y,0.000100,EUR,78572.27,0.00,-1.40
FLOOR_EUR,false,IndexCurve/EUR-EURIBOR-6M/2/2Y,0.000100,IndexCurve/EUR-EURIBOR-6M/4/5Y,0.000100,EUR,78572.27,0.00,-0.02
FLOOR_EUR,false,IndexCurve/EUR-EURIBOR-6M/3/3Y,0.000100,IndexCurve/EUR-EURIBOR-6M/4/5Y,0.000100,EUR,78572.27,0.00,-2.14
FLOOR_EUR,false,IndexCurve/EUR-EURIBOR-6M/3/3Y,0.000100,IndexCurve/EUR-EURIBOR-6M/5/7Y,0.000100,EUR,78572.27,0.00,-0.01
FLOOR_EUR,false,IndexCurve/EUR-EURIBOR-6M/4/5Y,0.000100,IndexCurve/EUR-EURIBOR-6M/5/7Y,0.000100,EUR,78572.27,0.00,-4.27
FLOOR_EUR,false,IndexCurve/EUR-EURIBOR-6M/4/5Y,0.000100,IndexCurve/EUR-EURIBOR-6M/6/10Y,0.000100,EUR,78572.27,0.00,-0.02
FLOOR_EUR,false,IndexCurve/EUR-EURIBOR-6M/5/7Y,0.000100,IndexCurve/EUR-EURIBOR-6M/6/10Y,0.000100,EUR,78572.27,0.00,-4.64
FLOOR_EUR,false,IndexCurve/EUR-EURIBOR-6M/5/7Y,0.000100,IndexCurve/EUR-EURIBOR-6M/7/15Y,0.000100,EUR,78572.27,0.00,-0.01
FLOOR_EUR,false,IndexCurve/EUR-EURIBOR-6M/6/10Y,0.000100,IndexCurve/EUR-EURIBOR-6M/7/15Y,0.000100,EUR,78572.27,0.00,0.02
FLOOR_USD,false,DiscountCurve/USD/0/6M,0.000100,,0.000000,EUR,29788.04,-0.04,0.00
FLOOR_USD,false,DiscountCurve/USD/1/1Y,0.000100,,0.000000,EUR,29788.04,-0.14,0.00
FLOOR_USD,false,DiscountCurve/USD/2/2Y,0.000100,,0.000000,EUR,29788.04,-0.49,0.00
FLOOR_USD,false,DiscountCurve/USD/3/3Y,0.000100,,0.000000,EUR,29788.04,-1.32,0.00
FLOOR_USD,false,DiscountCurve/USD/4/5Y,0.000100,,0.000000,EUR,29788.04,-3.56,0.00
FLOOR_USD,false,DiscountCurve/USD/5/7Y,0.000100,,0.000000,EUR,29788.04,-5.78,0.00
FLOOR_USD,false,DiscountCurve/USD/6/10Y,0.000100,,0.000000,EUR,29788.04,-5.04,0.00
FLOOR_USD,false,DiscountCurve/USD/7/15Y,0.000100,,0.000000,EUR,29788.04,0.00,0.00
FLOOR_USD,false,IndexCurve/USD-LIBOR-3M/0/6M,0.000100,,0.000000,EUR,29788.04,-11.11,0.69
FLOOR_USD,false,IndexCurve/USD-LIBOR-3M/1/1Y,0.000100,,0.000000,EUR,29788.04,-10.28,2.39
FLOOR_USD,false,IndexCurve/USD-LIBOR-3M/2/2Y,0.000100,,0.000000,EUR,29788.04,-15.67,3.46
FLOOR_USD,false,IndexCurve/USD-LIBOR-3M/3/3Y,0.000100,,0.000000,EUR,29788.04,-15.50,3.68
FLOOR_USD,false,IndexCurve/USD-LIBOR-3M/4/5Y,0.000100,,0.000000,EUR,29788.04,-18.38,4.09
FLOOR_USD,false,IndexCurve/USD-LIBOR-3M/5/7Y,0.000100,,0.000000,EUR,29788.04,-29.96,5.09
FLOOR_USD,false,IndexCurve/USD-LIBOR-3M/6/10Y,0.000100,,0.000000,EUR,29788.04,-212.11,3.65
FLOOR_USD,false,IndexCurve/USD-LIBOR-3M/7/15Y,0.000100,,0.000000,EUR,29788.04,-0.69,0.00
FLOOR_USD,false,OptionletVolatility/USD/0/1Y/0.01,0.000000,,0.000000,EUR,29788.04,40.47,0.10
FLOOR_USD,false,OptionletVolatility/USD/5/2Y/0.01,0.000000,,0.000000,EUR,29788.04,48.07,0.02
FLOOR_USD,false,OptionletVolatility/USD/10/3Y/0.01,0.000000,,0.000000,EUR,29788.04,87.09,0.09
FLOOR_USD,false,OptionletVolatility/USD/15/5Y/0.01,0.000000,,0.000000,EUR,29788.04,133.98,0.17
FLOOR_USD,false,OptionletVolatility/USD/20/7Y/0.01,0.000000,,0.000000,EUR,29788.04,180.66,0.41
FLOOR_USD,false,OptionletVolatility/USD/25/10Y/0.01,0.000000,,0.000000,EUR,29788.04,103.99,0.26
FLOOR_USD,false,FXSpot/USDEUR/0/spot,0.008831,,0.000000,EUR,29788.04,297.88,0.00
FXFWD_EURUSD_10Y,false,DiscountCurve/EUR/6/10Y,0.000100,,0.000000,EUR,179341.84,-947.64,0.94
FXFWD_EURUSD_10Y,false,DiscountCurve/EUR/7/15Y,0.000100,,0.000000,EUR,179341.84,-18.94,0.00
FXFWD_EURUSD_10Y,false,DiscountCurve/USD/6/10Y,0.000100,,0.000000,EUR,179341.84,770.60,-0.76
FXFWD_EURUSD_10Y,false,DiscountCurve/USD/7/15Y,0.000100,,0.000000,EUR,179341.84,15.40,0.00
FXFWD_EURUSD_10Y,false,FXSpot/USDEUR/0/spot,0.008831,,0.000000,EUR,179341.84,-7806.03,0.00
FXFWD_EURUSD_10Y,false,DiscountCurve/EUR/6/10Y,0.000100,DiscountCurve/EUR/7/15Y,0.000100,EUR,179341.84,0.00,0.02
FX_CALL_OPTION,false,DiscountCurve/EUR/6/10Y,0.000100,,0.000000,EUR,255066.80,-716.34,1.39
FX_CALL_OPTION,false,DiscountCurve/EUR/7/15Y,0.000100,,0.000000,EUR,255066.80,-14.32,0.00
FX_CALL_OPTION,false,DiscountCurve/USD/6/10Y,0.000100,,0.000000,EUR,255066.80,465.22,0.22
FX_CALL_OPTION,false,DiscountCurve/USD/7/15Y,0.000100,,0.000000,EUR,255066.80,9.29,0.00
FX_CALL_OPTION,false,FXSpot/USDEUR/0/spot,0.008831,,0.000000,EUR,255066.80,-4674.49,69.57
FX_CALL_OPTION,false,FXVolatility/USDEUR/3/5Y/ATM,0.000000,,0.000000,EUR,255066.80,1302.79,2.37
FX_CALL_OPTION,false,DiscountCurve/EUR/6/10Y,0.000100,DiscountCurve/EUR/7/15Y,0.000100,EUR,255066.80,0.00,0.03
FX_PUT_OPTION,false,DiscountCurve/EUR/6/10Y,0.000100,,0.000000,EUR,75724.96,231.30,0.45
FX_PUT_OPTION,false,DiscountCurve/EUR/7/15Y,0.000100,,0.000000,EUR,75724.96,4.62,0.00
FX_PUT_OPTION,false,DiscountCurve/USD/6/10Y,0.000100,,0.000000,EUR,75724.96,-305.37,0.98
FX_PUT_OPTION,false,DiscountCurve/USD/7/15Y,0.000100,,0.000000,EUR,75724.96,-6.11,0.00
FX_PUT_OPTION,false,FXSpot/USDEUR/0/spot,0.008831,,0.000000,EUR,75724.96,3131.54,69.57
FX_PUT_OPTION,false,FXVolatility/USDEUR/3/5Y/ATM,0.000000,,0.000000,EUR,75724.96,1302.79,2.37
FX_PUT_OPTION,false,DiscountCurve/EUR/6/10Y,0.000100,DiscountCurve/EUR/7/15Y,0.000100,EUR,75724.96,0.00,0.01
SWAP_EUR,false,DiscountCurve/EUR/0/6M,0.000100,,0.000000,EUR,-262631.05,0.06,0.00
SWAP_EUR,false,DiscountCurve/EUR/1/1Y,0.000100,,0.000000,EUR,-262631.05,-10.31,0.00
SWAP_EUR,false,DiscountCurve/EUR/2/2Y,0.000100,,0.000000,EUR,-262631.05,-20.69,0.00
SWAP_EUR,false,DiscountCurve/EUR/3/3Y,0.000100,,0.000000,EUR,-262631.05,-34.66,0.01
SWAP_EUR,false,DiscountCurve/EUR/4/5Y,0.000100,,0.000000,EUR,-262631.05,-39.67,0.02
SWAP_EUR,false,DiscountCurve/EUR/5/7Y,0.000100,,0.000000,EUR,-262631.05,35.46,-0.01
SWAP_EUR,false,DiscountCurve/EUR/6/10Y,0.000100,,0.000000,EUR,-262631.05,221.30,-0.14
SWAP_EUR,false,DiscountCurve/EUR/7/15Y,0.000100,,0.000000,EUR,-262631.05,415.26,-0.41
SWAP_EUR,false,DiscountCurve/EUR/8/20Y,0.000100,,0.000000,EUR,-262631.05,227.65,-0.28
SWAP_EUR,false,IndexCurve/EUR-EURIBOR-6M/0/6M,0.000100,,0.000000,EUR,-262631.05,11.64,-0.05
SWAP_EUR,false,IndexCurve/EUR-EURIBOR-6M/1/1Y,0.000100,,0.000000,EUR,-262631.05,2.81,-0.14
SWAP_EUR,false,IndexCurve/EUR-EURIBOR-6M/2/2Y,0.000100,,0.000000,EUR,-262631.05,6.58,-0.39
SWAP_EUR,false,IndexCurve/EUR-EURIBOR-6M/3/3Y,0.000100,,0.000000,EUR,-262631.05,5.82,-0.66
SWAP_EUR,false,IndexCurve/EUR-EURIBOR-6M/4/5Y,0.000100,,0.000000,EUR,-262631.05,-27.93,-1.24
SWAP_EUR,false,IndexCurve/EUR-EURIBOR-6M/5/7Y,0.000100,,0.000000,EUR,-262631.05,-161.42,-2.01
SWAP_EUR,false,IndexCurve/EUR-EURIBOR-6M/6/10Y,0.000100,,0.000000,EUR,-262631.05,-531.42,-2.55
SWAP_EUR,false,IndexCurve/EUR-EURIBOR-6M/7/15Y,0.000100,,0.000000,EUR,-262631.05,-948.14,-4.02
SWAP_EUR,false,IndexCurve/EUR-EURIBOR-6M/8/20Y,0.000100,,0.000000,EUR,-262631.05,-17349.46,-3.46
SWAP_EUR,false,DiscountCurve/EUR/0/6M,0.000100,IndexCurve/EUR-EURIBOR-6M/0/6M,0.000100,EUR,-262631.05,0.00,0.02
SWAP_EUR,false,DiscountCurve/EUR/0/6M,0.000100,IndexCurve/EUR-EURIBOR-6M/1/1Y,0.000100,EUR,-262631.05,0.00,0.00
SWAP_EUR,false,DiscountCurve/EUR/1/1Y,0.000100,DiscountCurve/EUR/2/2Y,0.000100,EUR,-262631.05,0.00,0.00
SWAP_EUR,false,DiscountCurve/EUR/1/1Y,0.000100,IndexCurve/EUR-EURIBOR-6M/0/6M,0.000100,EUR,-262631.05,0.00,-0.05
SWAP_EUR,false,DiscountCurve/EUR/1/1Y,0.000100,IndexCurve/EUR-EURIBOR-6M/1/1Y,0.000100,EUR,-262631.05,0.00,0.07
SWAP_EUR,false,DiscountCurve/EUR/1/1Y,0.000100,IndexCurve/EUR-EURIBOR-6M/2/2Y,0.000100,EUR,-262631.05,0.00,0.05
SWAP_EUR,false,DiscountCurve/EUR/2/2Y,0.000100,DiscountCurve/EUR/3/3Y,0.000100,EUR,-262631.05,0.00,0.00
SWAP_EUR,false,DiscountCurve/EUR/2/2Y,0.000100,IndexCurve/EUR-EURIBOR-6M/0/6M,0.000100,EUR,-262631.05,0.00,0.00
SWAP_EUR,false,DiscountCurve/EUR/2/2Y,0.000100,IndexCurve/EUR-EURIBOR-6M/1/1Y,0.000100,EUR,-262631.05,0.00,-0.15
SWAP_EUR,false,DiscountCurve/EUR/2/2Y,0.000100,IndexCurve/EUR-EURIBOR-6M/2/2Y,0.000100,EUR,-262631.05,0.00,0.19
SWAP_EUR,false,DiscountCurve/EUR/2/2Y,0.000100,IndexCurve/EUR-EURIBOR-6M/3/3Y,0.000100,EUR,-262631.05,0.00,0.15
SWAP_EUR,false,DiscountCurve/EUR/3/3Y,0.000100,DiscountCurve/EUR/4/5Y,0.000100,EUR,-262631.05,0.00,0.00
SWAP_EUR,false,DiscountCurve/EUR/3/3Y,0.000100,IndexCurve/EUR-EURIBOR-6M/1/1Y,0.000100,EUR,-262631.05,0.00,0.00
SWAP_EUR,false,DiscountCurve/EUR/3/3Y,0.000100,IndexCurve/EUR-EURIBOR-6M/2/2Y,0.000100,EUR,-262631.05,0.00,-0.45
SWAP_EUR,false,DiscountCurve/EUR/3/3Y,0.000100,IndexCurve/EUR-EURIBOR-6M/3/3Y,0.000100,EUR,-262631.05,0.00,0.33
SWAP_EUR,false,DiscountCurve/EUR/3/3Y,0.000100,IndexCurve/EUR-EURIBOR-6M/4/5Y,0.000100,EUR,-262631.05,0.00,0.57
SWAP_EUR,false,DiscountCurve/EUR/4/5Y,0.000100,DiscountCurve/EUR/5/7Y,0.000100,EUR,-262631.05,0.00,0.00
SWAP_EUR,false,DiscountCurve/EUR/4/5Y,0.000100,IndexCurve/EUR-EURIBOR-6M/2/2Y,0.000100,EUR,-262631.05,0.00,0.00
SWAP_EUR,false,DiscountCurve/EUR/4/5Y,0.000100,IndexCurve/EUR-EURIBOR-6M/3/3Y,0.000100,EUR,-262631.05,0.00,-0.94
SWAP_EUR,false,DiscountCurve/EUR/4/5Y,0.000100,IndexCurve/EUR-EURIBOR-6M/4/5Y,0.000100,EUR,-262631.05,0.00,0.62
SWAP_EUR,false,DiscountCurve/EUR/4/5Y,0.000100,IndexCurve/EUR-EURIBOR-6M/5/7Y,0.000100,EUR,-262631.05,0.00,1.33
SWAP_EUR,false,DiscountCurve/EUR/5/7Y,0.000100,DiscountCurve/EUR/6/10Y,0.000100,EUR,-262631.05,0.00,-0.02
SWAP_EUR,false,DiscountCurve/EUR/5/7Y,0.000100,IndexCurve/EUR-EURIBOR-6M/3/3Y,0.000100,EUR,-262631.05,0.00,0.00
SWAP_EUR,false,DiscountCurve/EUR/5/7Y,0.000100,IndexCurve/EUR-EURIBOR-6M/4/5Y,0.000100,EUR,-262631.05,0.00,-2.19
SWAP_EUR,false,DiscountCurve/EUR/5/7Y,0.000100,IndexCurve/EUR-EURIBOR-6M/5/7Y,0.000100,EUR,-262631.05,0.00,1.04
SWAP_EUR,false,DiscountCurve/EUR/5/7Y,0.000100,IndexCurve/EUR-EURIBOR-6M/6/10Y,0.000100,EUR,-262631.05,0.00,2.90
SWAP_EUR,false,DiscountCurve/EUR/6/10Y,0.000100,DiscountCurve/EUR/7/15Y,0.000100,EUR,-262631.05,0.00,-0.08
SWAP_EUR,false,DiscountCurve/EUR/6/10Y,0.000100,IndexCurve/EUR-EURIBOR-6M/4/5Y,0.000100,EUR,-262631.05,0.00,0.00
SWAP_EUR,false,DiscountCurve/EUR/6/10Y,0.000100,IndexCurve/EUR-EURIBOR-6M/5/7Y,0.000100,EUR,-262631.05,0.00,-3.98
SWAP_EUR,false,DiscountCurve/EUR/6/10Y,0.000100,IndexCurve/EUR-EURIBOR-6M/6/10Y,0.000100,EUR,-262631.05,0.00,1.45
SWAP_EUR,false,DiscountCurve/EUR/6/10Y,0.000100,IndexCurve/EUR-EURIBOR-6M/7/15Y,0.000100,EUR,-262631.05,0.00,6.37
SWAP_EUR,false,DiscountCurve/EUR/7/15Y,0.000100,DiscountCurve/EUR/8/20Y,0.000100,EUR,-262631.05,0.00,-0.13
SWAP_EUR,false,DiscountCurve/EUR/7/15Y,0.000100,IndexCurve/EUR-EURIBOR-6M/5/7Y,0.000100,EUR,-262631.05,0.00,0.00
SWAP_EUR,false,DiscountCurve/EUR/7/15Y,0.000100,IndexCurve/EUR-EURIBOR-6M/6/10Y,0.000100,EUR,-262631.05,0.00,-7.58
SWAP_EUR,false,DiscountCurve/EUR/7/15Y,0.000100,IndexCurve/EUR-EURIBOR-6M/7/15Y,0.000100,EUR,-262631.05,0.00,2.51
SWAP_EUR,false,DiscountCurve/EUR/7/15Y,0.000100,IndexCurve/EUR-EURIBOR-6M/8/20Y,0.000100,EUR,-262631.05,0.00,11.83
SWAP_EUR,false,DiscountCurve/EUR/8/20Y,0.000100,IndexCurve/EUR-EURIBOR-6M/6/10Y,0.000100,EUR,-262631.05,0.00,0.00
SWAP_EUR,false,DiscountCurve/EUR/8/20Y,0.000100,IndexCurve/EUR-EURIBOR-6M/7/15Y,0.000100,EUR,-262631.05,0.00,-14.19
SWAP_EUR,false,DiscountCurve/EUR/8/20Y,0.000100,IndexCurve/EUR-EURIBOR-6M/8/20Y,0.000100,EUR,-262631.05,0.00,18.93
SWAP_EUR,false,IndexCurve/EUR-EURIBOR-6M/0/6M,0.000100,IndexCurve/EUR-EURIBOR-6M/1/1Y,0.000100,EUR,-262631.05,0.00,0.05
SWAP_EUR,false,IndexCurve/EUR-EURIBOR-6M/0/6M,0.000100,IndexCurve/EUR-EURIBOR-6M/2/2Y,0.000100,EUR,-262631.05,0.00,0.00
SWAP_EUR,false,IndexCurve/EUR-EURIBOR-6M/1/1Y,0.000100,IndexCurve/EUR-EURIBOR-6M/2/2Y,0.000100,EUR,-262631.05,0.00,0.10
SWAP_EUR,false,IndexCurve/EUR-EURIBOR-6M/1/1Y,0.000100,IndexCurve/EUR-EURIBOR-6M/3/3Y,0.000100,EUR,-262631.05,0.00,0.00
SWAP_EUR,false,IndexCurve/EUR-EURIBOR-6M/2/2Y,0.000100,IndexCurve/EUR-EURIBOR-6M/3/3Y,0.000100,EUR,-262631.05,0.00,0.29
SWAP_EUR,false,IndexCurve/EUR-EURIBOR-6M/2/2Y,0.000100,IndexCurve/EUR-EURIBOR-6M/4/5Y,0.000100,EUR,-262631.05,0.00,0.00
SWAP_EUR,false,IndexCurve/EUR-EURIBOR-6M/3/3Y,0.000100,IndexCurve/EUR-EURIBOR-6M/4/5Y,0.000100,EUR,-262631.05,0.00,0.37
SWAP_EUR,false,IndexCurve/EUR-EURIBOR-6M/3/3Y,0.000100,IndexCurve/EUR-EURIBOR-6M/5/7Y,0.000100,EUR,-262631.05,0.00,0.00
SWAP_EUR,false,IndexCurve/EUR-EURIBOR-6M/4/5Y,0.000100,IndexCurve/EUR-EURIBOR-6M/5/7Y,0.000100,EUR,-262631.05,0.00,0.86
SWAP_EUR,false,IndexCurve/EUR-EURIBOR-6M/4/5Y,0.000100,IndexCurve/EUR-EURIBOR-6M/6/10Y,0.000100,EUR,-262631.05,0.00,0.00
SWAP_EUR,false,IndexCurve/EUR-EURIBOR-6M/5/7Y,0.000100,IndexCurve/EUR-EURIBOR-6M/6/10Y,0.000100,EUR,-262631.05,0.00,1.13
SWAP_EUR,false,IndexCurve/EUR-EURIBOR-6M/5/7Y,0.000100,IndexCurve/EUR-EURIBOR-6M/7/15Y,0.000100,EUR,-262631.05,0.00,0.00
SWAP_EUR,false,IndexCurve/EUR-EURIBOR-6M/6/10Y,0.000100,IndexCurve/EUR-EURIBOR-6M/7/15Y,0.000100,EUR,-262631.05,0.00,1.38
SWAP_EUR,false,IndexCurve/EUR-EURIBOR-6M/6/10Y,0.000100,IndexCurve/EUR-EURIBOR-6M/8/20Y,0.000100,EUR,-262631.05,0.00,0.00
SWAP_EUR,false,IndexCurve/EUR-EURIBOR-6M/7/15Y,0.000100,IndexCurve/EUR-EURIBOR-6M/8/20Y,0.000100,EUR,-262631.05,0.00,2.59
YearOnYear_Swap,false,DiscountCurve/EUR/0/6M,0.000100,,0.000000,EUR,590124.24,-0.01,0.00
YearOnYear_Swap,false,DiscountCurve/EUR/1/1Y,0.000100,,0.000000,EUR,590124.24,-7.34,0.00
YearOnYear_Swap,false,DiscountCurve/EUR/2/2Y,0.000100,,0.000000,EUR,590124.24,-26.89,0.00
YearOnYear_Swap,false,DiscountCurve/EUR/3/3Y,0.000100,,0.000000,EUR,590124.24,-53.88,0.01
YearOnYear_Swap,false,DiscountCurve/EUR/4/5Y,0.000100,,0.000000,EUR,590124.24,-89.18,0.03
YearOnYear_Swap,false,DiscountCurve/EUR/5/7Y,0.000100,,0.000000,EUR,590124.24,-17.32,0.00
YearOnYear_Swap,false,IndexCurve/EUR-EURIBOR-6M/0/6M,0.000100,,0.000000,EUR,590124.24,450.61,-0.02
YearOnYear_Swap,false,IndexCurve/EUR-EURIBOR-6M/1/1Y,0.000100,,0.000000,EUR,590124.24,2.79,-0.12
YearOnYear_Swap,false,IndexCurve/EUR-EURIBOR-6M/2/2Y,0.000100,,0.000000,EUR,590124.24,6.58,-0.35
YearOnYear_Swap,false,IndexCurve/EUR-EURIBOR-6M/3/3Y,0.000100,,0.000000,EUR,590124.24,5.81,-0.61
YearOnYear_Swap,false,IndexCurve/EUR-EURIBOR-6M/4/5Y,0.000100,,0.000000,EUR,590124.24,-3925.22,-0.71
YearOnYear_Swap,false,IndexCurve/EUR-EURIBOR-6M/5/7Y,0.000100,,0.000000,EUR,590124.24,-1590.41,-0.25
YearOnYear_Swap,false,YoYInflationCurve/EUHICPXT/1/1Y,0.000000,,0.000000,EUR,590124.24,505.95,0.00
YearOnYear_Swap,false,YoYInflationCurve/EUHICPXT/2/2Y,0.000000,,0.000000,EUR,590124.24,1005.90,0.00
YearOnYear_Swap,false,YoYInflationCurve/EUHICPXT/3/3Y,0.000000,,0.000000,EUR,590124.24,1515.06,0.00
YearOnYear_Swap,false,YoYInflationCurve/EUHICPXT/4/5Y,0.000000,,0.000000,EUR,590124.24,1763.75,0.00
YearOnYear_Swap,false,YoYInflationCurve/EUHICPXT/5/7Y,0.000000,,0.000000,EUR,590124.24,248.48,0.00
YearOnYear_Swap,false,DiscountCurve/EUR/0/6M,0.000100,DiscountCurve/EUR/1/1Y,0.000100,EUR,590124.24,0.00,0.00
YearOnYear_Swap,false,DiscountCurve/EUR/0/6M,0.000100,IndexCurve/EUR-EURIBOR-6M/0/6M,0.000100,EUR,590124.24,0.00,0.00
YearOnYear_Swap,false,DiscountCurve/EUR/0/6M,0.000100,IndexCurve/EUR-EURIBOR-6M/1/1Y,0.000100,EUR,590124.24,0.00,0.00
YearOnYear_Swap,false,DiscountCurve/EUR/1/1Y,0.000100,DiscountCurve/EUR/2/2Y,0.000100,EUR,590124.24,0.00,0.00
YearOnYear_Swap,false,DiscountCurve/EUR/1/1Y,0.000100,IndexCurve/EUR-EURIBOR-6M/0/6M,0.000100,EUR,590124.24,0.00,-0.04
YearOnYear_Swap,false,DiscountCurve/EUR/1/1Y,0.000100,IndexCurve/EUR-EURIBOR-6M/1/1Y,0.000100,EUR,590124.24,0.00,0.06
YearOnYear_Swap,false,DiscountCurve/EUR/1/1Y,0.000100,IndexCurve/EUR-EURIBOR-6M/2/2Y,0.000100,EUR,590124.24,0.00,0.05
YearOnYear_Swap,false,DiscountCurve/EUR/2/2Y,0.000100,DiscountCurve/EUR/3/3Y,0.000100,EUR,590124.24,0.00,0.00
YearOnYear_Swap,false,DiscountCurve/EUR/2/2Y,0.000100,IndexCurve/EUR-EURIBOR-6M/0/6M,0.000100,EUR,590124.24,0.00,0.00
YearOnYear_Swap,false,DiscountCurve/EUR/2/2Y,0.000100,IndexCurve/EUR-EURIBOR-6M/1/1Y,0.000100,EUR,590124.24,0.00,-0.13
YearOnYear_Swap,false,DiscountCurve/EUR/2/2Y,0.000100,IndexCurve/EUR-EURIBOR-6M/2/2Y,0.000100,EUR,590124.24,0.00,0.17
YearOnYear_Swap,false,DiscountCurve/EUR/2/2Y,0.000100,IndexCurve/EUR-EURIBOR-6M/3/3Y,0.000100,EUR,590124.24,0.00,0.16
YearOnYear_Swap,false,DiscountCurve/EUR/3/3Y,0.000100,DiscountCurve/EUR/4/5Y,0.000100,EUR,590124.24,0.00,0.01
YearOnYear_Swap,false,DiscountCurve/EUR/3/3Y,0.000100,IndexCurve/EUR-EURIBOR-6M/1/1Y,0.000100,EUR,590124.24,0.00,-0.01
YearOnYear_Swap,false,DiscountCurve/EUR/3/3Y,0.000100,IndexCurve/EUR-EURIBOR-6M/2/2Y,0.000100,EUR,590124.24,0.00,-0.42
YearOnYear_Swap,false,DiscountCurve/EUR/3/3Y,0.000100,IndexCurve/EUR-EURIBOR-6M/3/3Y,0.000100,EUR,590124.24,0.00,0.31
YearOnYear_Swap,false,DiscountCurve/EUR/3/3Y,0.000100,IndexCurve/EUR-EURIBOR-6M/4/5Y,0.000100,EUR,590124.24,0.00,0.58
YearOnYear_Swap,false,DiscountCurve/EUR/4/5Y,0.000100,DiscountCurve/EUR/5/7Y,0.000100,EUR,590124.24,0.00,0.01
YearOnYear_Swap,false,DiscountCurve/EUR/4/5Y,0.000100,IndexCurve/EUR-EURIBOR-6M/2/2Y,0.000100,EUR,590124.24,0.00,-0.01
YearOnYear_Swap,false,DiscountCurve/EUR/4/5Y,0.000100,IndexCurve/EUR-EURIBOR-6M/3/3Y,0.000100,EUR,590124.24,0.00,-0.92
YearOnYear_Swap,false,DiscountCurve/EUR/4/5Y,0.000100,IndexCurve/EUR-EURIBOR-6M/4/5Y,0.000100,EUR,590124.24,0.00,1.11
YearOnYear_Swap,false,DiscountCurve/EUR/4/5Y,0.000100,IndexCurve/EUR-EURIBOR-6M/5/7Y,0.000100,EUR,590124.24,0.00,0.62
YearOnYear_Swap,false,DiscountCurve/EUR/5/7Y,0.000100,IndexCurve/EUR-EURIBOR-6M/3/3Y,0.000100,EUR,590124.24,0.00,-0.01
YearOnYear_Swap,false,DiscountCurve/EUR/5/7Y,0.000100,IndexCurve/EUR-EURIBOR-6M/4/5Y,0.000100,EUR,590124.24,0.00,-0.16
YearOnYear_Swap,false,DiscountCurve/EUR/5/7Y,0.000100,IndexCurve/EUR-EURIBOR-6M/5/7Y,0.000100,EUR,590124.24,0.00,0.25
YearOnYear_Swap,false,IndexCurve/EUR-EURIBOR-6M/0/6M,0.000100,IndexCurve/EUR-EURIBOR-6M/1/1Y,0.000100,EUR,590124.24,0.00,0.03
YearOnYear_Swap,false,IndexCurve/EUR-EURIBOR-6M/0/6M,0.000100,IndexCurve/EUR-EURIBOR-6M/2/2Y,0.000100,EUR,590124.24,0.00,0.00
YearOnYear_Swap,false,IndexCurve/EUR-EURIBOR-6M/1/1Y,0.000100,IndexCurve/EUR-EURIBOR-6M/2/2Y,0.000100,EUR,590124.24,0.00,0.08
YearOnYear_Swap,false,IndexCurve/EUR-EURIBOR-6M/1/1Y,0.000100,IndexCurve/EUR-EURIBOR-6M/3/3Y,0.000100,EUR,590124.24,0.00,0.01
YearOnYear_Swap,false,IndexCurve/EUR-EURIBOR-6M/2/2Y,0.000100,IndexCurve/EUR-EURIBOR-6M/3/3Y,0.000100,EUR,590124.24,0.00,0.26
YearOnYear_Swap,false,IndexCurve/EUR-EURIBOR-6M/2/2Y,0.000100,IndexCurve/EUR-EURIBOR-6M/4/5Y,0.000100,EUR,590124.24,0.00,0.01
YearOnYear_Swap,false,IndexCurve/EUR-EURIBOR-6M/3/3Y,0.000100,IndexCurve/EUR-EURIBOR-6M/4/5Y,0.000100,EUR,590124.24,0.00,0.34
YearOnYear_Swap,false,IndexCurve/EUR-EURIBOR-6M/3/3Y,0.000100,IndexCurve/EUR-EURIBOR-6M/5/7Y,0.000100,EUR,590124.24,0.00,0.01
YearOnYear_Swap,false,IndexCurve/EUR-EURIBOR-6M/4/5Y,0.000100,IndexCurve/EUR-EURIBOR-6M/5/7Y,0.000100,EUR,590124.24,0.00,0.16
