<?xml version="1.0"?>
<ORE>
  <Setup>
    <Parameter name="asofDate">2016-02-05</Parameter>
    <Parameter name="inputPath">Input</Parameter>
    <Parameter name="outputPath">Output</Parameter>
    <Parameter name="logFile">log.txt</Parameter>
    <Parameter name="logMask">255</Parameter>
    <Parameter name="marketDataFile">../../Input/market_20160205.txt</Parameter>
    <Parameter name="fixingDataFile">../../Input/fixings_20160205.txt</Parameter>
    <Parameter name="implyTodaysFixings">Y</Parameter>
    <Parameter name="curveConfigFile">../../Input/curveconfig.xml</Parameter>
    <Parameter name="conventionsFile">../../Input/conventions.xml</Parameter>
    <Parameter name="marketConfigFile">../../Input/todaysmarket.xml</Parameter>
    <Parameter name="pricingEnginesFile">../../Input/pricingengine.xml</Parameter>
    <Parameter name="portfolioFile">portfolio.xml</Parameter>
    <Parameter name="observationModel">None</Parameter>
  </Setup>
  <Markets>
    <Parameter name="lgmcalibration">collateral_inccy</Parameter>
    <Parameter name="fxcalibration">xois_eur</Parameter>
    <Parameter name="infcalibration">collateral_inccy</Parameter>
    <Parameter name="pricing">xois_eur</Parameter>
    <Parameter name="simulation">xois_eur</Parameter>
  </Markets>
  <Analytics>
    <Analytic type="npv">
      <Parameter name="active">Y</Parameter>
      <Parameter name="baseCurrency">GBP</Parameter>
      <Parameter name="outputFileName">npv.csv</Parameter>
    </Analytic>
    <Analytic type="cashflow">
      <Parameter name="active">Y</Parameter>
      <Parameter name="outputFileName">flows.csv</Parameter>
    </Analytic>
    <Analytic type="curves">
      <Parameter name="active">Y</Parameter>
      <Parameter name="configuration">default</Parameter>
      <Parameter name="grid">240,1M</Parameter>
      <Parameter name="outputFileName">curves.csv</Parameter>
    </Analytic>
    <Analytic type="simulation">
      <Parameter name="active">Y</Parameter>
      <Parameter name="simulationConfigFile">simulation.xml</Parameter>
      <Parameter name="pricingEnginesFile">../../Input/pricingengine.xml</Parameter>
      <Parameter name="baseCurrency">EUR</Parameter>
      <Parameter name="storeScenarios">N</Parameter>
      <Parameter name="cubeFile">cube.dat</Parameter>
      <Parameter name="aggregationScenarioDataFileName">scenariodata.dat</Parameter>
    </Analytic>
    <Analytic type="xva">
      <Parameter name="active">Y</Parameter>
      <Parameter name="csaFile">netting.xml</Parameter>
      <Parameter name="cubeFile">cube.dat</Parameter>
      <Parameter name="scenarioFile">scenariodata.dat</Parameter>
      <Parameter name="baseCurrency">EUR</Parameter>
      <Parameter name="exposureProfiles">Y</Parameter>
      <Parameter name="exposureProfilesByTrade">Y</Parameter>
      <Parameter name="quantile">0.95</Parameter>
      <Parameter name="calculationType">Symmetric</Parameter>
      <Parameter name="allocationMethod">None</Parameter>
      <Parameter name="marginalAllocationLimit">1.0</Parameter>
      <Parameter name="exerciseNextBreak">N</Parameter>
      <Parameter name="cva">Y</Parameter>
      <Parameter name="dva">N</Parameter>
      <Parameter name="dvaName">BANK</Parameter>
      <Parameter name="fva">N</Parameter>
      <Parameter name="fvaBorrowingCurve">BANK_EUR_BORROW</Parameter>
      <Parameter name="fvaLendingCurve">BANK_EUR_LEND</Parameter>
      <Parameter name="colva">N</Parameter>
      <Parameter name="collateralFloor">N</Parameter>
      <Parameter name="rawCubeOutputFile">rawcube.csv</Parameter>
      <Parameter name="netCubeOutputFile">netcube.csv</Parameter>
    </Analytic>
    <Analytic type="initialMargin">
      <Parameter name="active">N</Parameter>
      <Parameter name="method"/>
    </Analytic>
  </Analytics>
</ORE>
