<?xml version="1.0"?>
<Simulation>

  <Market>

    <BaseCurrency>EUR</BaseCurrency>

    <Currencies>
      <Currency>EUR</Currency>
      <Currency>GBP</Currency>
    </Currencies>

    <YieldCurves>
      <Configuration>
        <!--<Tenors>3M,6M,1Y,2Y,3Y,4Y,5Y,6Y,7Y,8Y,9Y,10Y,12Y,15Y,20Y,30Y,40Y,50Y</Tenors>-->
        <Tenors>6M,1Y,2Y,3Y,5Y,7Y,10Y,15Y,20Y</Tenors>
        <Interpolation>LogLinear</Interpolation>
        <!-- Alternative: LinearZero -->
        <Extrapolation>Y</Extrapolation>
      </Configuration>
    </YieldCurves>

    <Indices>
      <Index>EUR-EURIBOR-6M</Index>
      <Index>EUR-EURIBOR-3M</Index>
      <Index>EUR-EONIA</Index>
      <Index>GBP-LIBOR-6M</Index>
      <Index>GBP-LIBOR-3M</Index>
      <Index>GBP-SONIA</Index>
    </Indices>

    <SwapIndices>
      <SwapIndex>
        <Name>EUR-CMS-1Y</Name>
        <DiscountingIndex>EUR-EONIA</DiscountingIndex>
      </SwapIndex>
      <SwapIndex>
        <Name>EUR-CMS-30Y</Name>
        <DiscountingIndex>EUR-EONIA</DiscountingIndex>
      </SwapIndex>
    </SwapIndices>

    <!-- Even if we do not simulate them - option pricing needs vol
	   surfaces, so we need to specify here how we propagate the
	   vol structure and what its composition will be -->
    <SwaptionVolatilities>
      <Simulate>true</Simulate>
      <ReactionToTimeDecay>ForwardVariance</ReactionToTimeDecay>
      <!-- Alternative: ConstantVariance -->
      <Currencies>
        <Currency>EUR</Currency>
        <Currency>GBP</Currency>
      </Currencies>
      <Expiries>6M,1Y,2Y,3Y,5Y,10Y,12Y,15Y,20Y</Expiries>
      <Terms>1Y,2Y,3Y,4Y,5Y,7Y,10Y,15Y,20Y,30Y</Terms>
    </SwaptionVolatilities>
    
    <CapFloorVolatilities>
      <Simulate>false</Simulate>
      <ReactionToTimeDecay>ConstantVariance</ReactionToTimeDecay>
      <Currencies>
        <Currency>EUR</Currency>
        <Currency>GBP</Currency>
      </Currencies>
      <Expiries>6M,1Y,2Y,3Y,5Y,7Y,10Y,15Y,20Y</Expiries>
      <Strikes>0.00,0.01,0.02,0.03,0.04,0.05,0.06</Strikes>
    </CapFloorVolatilities>

    <FxVolatilities>
      <Simulate>true</Simulate>
      <ReactionToTimeDecay>ForwardVariance</ReactionToTimeDecay>
      <!-- Alternative: ConstantVariance -->
      <CurrencyPairs>
        <CurrencyPair>EURGBP</CurrencyPair>
        <!--<CurrencyPair>GBPUSD</CurrencyPair>-->
      </CurrencyPairs>
      <Expiries>6M,1Y,2Y,3Y,4Y,5Y,7Y,10Y</Expiries>
    </FxVolatilities>
    
    <CpiIndices>
      <Index>EUHICPXT</Index>
      <Index>UKRPI</Index>
    </CpiIndices>
	
    <ZeroInflationIndexCurves>
      <Names>
      	<Name>EUHICPXT</Name>
        <Name>UKRPI</Name>
      </Names>
      <Tenors>6M,1Y,2Y,3Y,5Y,7Y,10Y,15Y,20Y</Tenors>
    </ZeroInflationIndexCurves>
	
	<YYInflationIndexCurves>
      <Names>
      	<Name>EUHICPXT</Name>
      </Names>
      <Tenors>1Y,2Y,3Y,5Y,7Y,10Y,15Y,20Y</Tenors>
    </YYInflationIndexCurves>

    <CPICapFloorVolatilities>
      <Simulate>true</Simulate>
      <ReactionToTimeDecay>ConstantVariance</ReactionToTimeDecay>
      <Names>
        <Name>EUHICPXT</Name>
      </Names>
      <Expiries>6M,1Y,2Y,3Y,5Y,7Y,10Y,15Y,20Y</Expiries>
      <Strikes>0.00,0.01,0.02,0.03</Strikes>
    </CPICapFloorVolatilities>

    <YYCapFloorVolatilities>
      <Simulate>true</Simulate>
      <ReactionToTimeDecay>ConstantVariance</ReactionToTimeDecay>
      <Names>
        <Name>EUHICPXT</Name>
      </Names>
      <Expiries>6M,1Y,2Y,3Y,5Y,7Y,10Y,15Y,20Y</Expiries>
      <Strikes>0.00,0.01,0.02,0.03</Strikes>
    </YYCapFloorVolatilities>

    <!-- Additional data that is recorded during simulation for later
	   use in the post processor -->
    <AggregationScenarioDataCurrencies>
      <Currency>EUR</Currency>
    </AggregationScenarioDataCurrencies>

    <AggregationScenarioDataIndices>
      <Index>EUR-EURIBOR-3M</Index>
      <Index>EUR-EONIA</Index>
    </AggregationScenarioDataIndices>

  </Market>

</Simulation>
