<Portfolio>
  <!--
  <Trade id="Swap_20">
    <TradeType>Swap</TradeType>
    <Envelope>
      <CounterParty>CPTY_A</CounterParty>
      <NettingSetId>CPTY_A</NettingSetId>
      <AdditionalFields/>
    </Envelope>
    <SwapData>
      <LegData>
        <LegType>Fixed</LegType>
        <Payer>false</Payer>
        <Currency>EUR</Currency>
        <Notionals>
          <Notional>10000000.000000</Notional>
        </Notionals>
        <DayCounter>30/360</DayCounter>
        <PaymentConvention>F</PaymentConvention>
        <FixedLegData>
          <Rates>
            <Rate>0.02</Rate>
          </Rates>
        </FixedLegData>
        <ScheduleData>
          <Rules>
            <StartDate>20160210</StartDate>
            <EndDate>20260210</EndDate>
            <Tenor>1Y</Tenor>
            <Calendar>TARGET</Calendar>
            <Convention>F</Convention>
            <TermConvention>F</TermConvention>
            <Rule>Forward</Rule>
            <EndOfMonth/>
            <FirstDate/>
            <LastDate/>
          </Rules>
        </ScheduleData>
      </LegData>
      <LegData>
        <LegType>Floating</LegType>
        <Payer>true</Payer>
        <Currency>EUR</Currency>
        <Notionals>
          <Notional>10000000.000000</Notional>
        </Notionals>
        <DayCounter>A360</DayCounter>
        <PaymentConvention>MF</PaymentConvention>
        <FloatingLegData>
          <Index>EUR-EURIBOR-6M</Index>
          <Spreads>
            <Spread>0.000000</Spread>
          </Spreads>
          <IsInArrears>false</IsInArrears>
          <FixingDays>2</FixingDays>
        </FloatingLegData>
        <ScheduleData>
          <Rules>
            <StartDate>20160210</StartDate>
            <EndDate>20260210</EndDate>
            <Tenor>6M</Tenor>
            <Calendar>TARGET</Calendar>
            <Convention>MF</Convention>
            <TermConvention>MF</TermConvention>
            <Rule>Forward</Rule>
            <EndOfMonth/>
            <FirstDate/>
            <LastDate/>
          </Rules>
        </ScheduleData>
      </LegData>
    </SwapData>
  </Trade>
  <Trade id="EquityForward_LUFT">
    <TradeType>EquityForward</TradeType>
    <Envelope>
      <CounterParty>CPTY_A</CounterParty>
      <NettingSetId>CPTY_A</NettingSetId>
      <AdditionalFields/>
    </Envelope>
    <EquityForwardData>
      <LongShort>Long</LongShort>
      <Maturity>2018-03-01</Maturity>
      <Name>Lufthansa</Name>
      <Currency>EUR</Currency>
      <Strike>12.24</Strike>
      <Quantity>775</Quantity>
    </EquityForwardData>
  </Trade>
  <Trade id="EquityOption_LUFT">
    <TradeType>EquityOption</TradeType>
    <Envelope>
      <CounterParty>CPTY_A</CounterParty>
      <NettingSetId>CPTY_A</NettingSetId>
      <AdditionalFields/>
    </Envelope>
    <EquityOptionData>
      <OptionData>
        <LongShort>Long</LongShort>
        <OptionType>Call</OptionType>
        <Style>European</Style>
        <Settlement>Cash</Settlement>
        <PayOffAtExpiry>false</PayOffAtExpiry>
        <ExerciseDates>
          <ExerciseDate>2018-03-01</ExerciseDate>
        </ExerciseDates>
      </OptionData>
      <Name>Lufthansa</Name>
      <Currency>EUR</Currency>
      <Strike>12.24</Strike>
      <Quantity>775</Quantity>
    </EquityOptionData>
    </Trade>
    -->
  <Trade id="CommodityForward_Gold_1Y">
    <TradeType>CommodityForward</TradeType>
    <Envelope>
      <CounterParty>CPTY_A</CounterParty>
      <NettingSetId>CPTY_A</NettingSetId>
      <AdditionalFields/>
    </Envelope>
    <CommodityForwardData>
      <Position>Short</Position>
      <Maturity>2017-02-05</Maturity>
      <Name>COMDTY_GOLD_USD</Name>
      <Currency>USD</Currency>
      <Strike>1162.0</Strike>
      <Quantity>1000</Quantity>
    </CommodityForwardData>
  </Trade>
  <Trade id="CommodityForward_Gold_Apr_17">
    <TradeType>CommodityForward</TradeType>
    <Envelope>
      <CounterParty>CPTY_A</CounterParty>
      <NettingSetId>CPTY_A</NettingSetId>
      <AdditionalFields/>
    </Envelope>
    <CommodityForwardData>
      <Position>Long</Position>
      <Maturity>2017-04-28</Maturity>
      <Name>COMDTY_GOLD_USD</Name>
      <Currency>USD</Currency>
      <Strike>1161.8</Strike>
      <Quantity>500</Quantity>
    </CommodityForwardData>
  </Trade>
  <Trade id="CommodityForward_WTI_2Y">
    <TradeType>CommodityForward</TradeType>
    <Envelope>
      <CounterParty>CPTY_A</CounterParty>
      <NettingSetId>CPTY_A</NettingSetId>
      <AdditionalFields/>
    </Envelope>
    <CommodityForwardData>
      <Position>Long</Position>
      <Maturity>2018-02-05</Maturity>
      <Name>COMDTY_WTI_USD</Name>
      <Currency>USD</Currency>
      <Strike>46.0</Strike>
      <Quantity>1000000</Quantity>
    </CommodityForwardData>
  </Trade>
  <Trade id="CommodityForward_WTI_Oct_21">
    <TradeType>CommodityForward</TradeType>
    <Envelope>
      <CounterParty>CPTY_A</CounterParty>
      <NettingSetId>CPTY_A</NettingSetId>
      <AdditionalFields/>
    </Envelope>
    <CommodityForwardData>
      <Position>Short</Position>
      <Maturity>2021-10-31</Maturity>
      <Name>COMDTY_WTI_USD</Name>
      <Currency>USD</Currency>
      <Strike>49.75</Strike>
      <Quantity>500000</Quantity>
    </CommodityForwardData>
  </Trade>
  <Trade id="CommodityOption_WTI_Oct_21">
    <TradeType>CommodityOption</TradeType>
    <Envelope>
      <CounterParty>CPTY_A</CounterParty>
      <NettingSetId>CPTY_A</NettingSetId>
      <AdditionalFields/>
    </Envelope>
    <CommodityOptionData>
      <OptionData>
        <LongShort>Long</LongShort>
        <OptionType>Call</OptionType>
        <Style>European</Style>
        <Settlement>Cash</Settlement>
        <PayOffAtExpiry>false</PayOffAtExpiry>
        <ExerciseDates>
          <ExerciseDate>2021-10-31</ExerciseDate>
        </ExerciseDates>
      </OptionData>
      <Name>COMDTY_WTI_USD</Name>
      <Currency>USD</Currency>
      <Strike>49.75</Strike>
      <Quantity>500000</Quantity>
    </CommodityOptionData>
  </Trade>
  <Trade id="CommodityOption_Gold_Apr_17">
    <TradeType>CommodityOption</TradeType>
    <Envelope>
      <CounterParty>CPTY_A</CounterParty>
      <NettingSetId>CPTY_A</NettingSetId>
      <AdditionalFields/>
    </Envelope>
    <CommodityOptionData>
      <OptionData>
        <LongShort>Short</LongShort>
        <OptionType>Put</OptionType>
        <Style>European</Style>
        <Settlement>Cash</Settlement>
        <PayOffAtExpiry>false</PayOffAtExpiry>
        <ExerciseDates>
          <ExerciseDate>2017-04-28</ExerciseDate>
        </ExerciseDates>
      </OptionData>
      <Name>COMDTY_GOLD_USD</Name>
      <Currency>USD</Currency>
      <Strike>1161.8</Strike>
      <Quantity>500</Quantity>
    </CommodityOptionData>
  </Trade>
</Portfolio>
