<SensitivityAnalysis>
  <DiscountCurves>
    <DiscountCurve ccy="EUR">
      <ShiftType>Absolute</ShiftType>
      <ShiftSize>0.0001</ShiftSize>
      <ShiftTenors>6M,1Y,2Y,3Y,5Y,7Y,10Y,15Y,20Y</ShiftTenors>
    </DiscountCurve>
    <DiscountCurve ccy="USD">
      <ShiftType>Absolute</ShiftType>
      <ShiftSize>0.0001</ShiftSize>
      <ShiftTenors>6M,1Y,2Y,3Y,5Y,7Y,10Y,15Y,20Y</ShiftTenors>
    </DiscountCurve>
  </DiscountCurves>
  <IndexCurves>
    <IndexCurve index="EUR-EURIBOR-6M">
      <ShiftType>Absolute</ShiftType>
      <ShiftSize>0.0001</ShiftSize>
      <ShiftTenors>6M,1Y,2Y,3Y,5Y,7Y,10Y,15Y,20Y</ShiftTenors>
    </IndexCurve>
  </IndexCurves>
  <YieldCurves/>
  <FxSpots>
    <FxSpot ccypair="EURUSD">
      <ShiftType>Relative</ShiftType>
      <ShiftSize>0.01</ShiftSize>
    </FxSpot>
  </FxSpots>
  <EquitySpots>
    <EquitySpot equity="Lufthansa">
      <ShiftType>Relative</ShiftType>
      <ShiftSize>0.01</ShiftSize>
    </EquitySpot>
  </EquitySpots>
  <EquityVolatilities>
    <EquityVolatility equity="Lufthansa">
      <ShiftType>Relative</ShiftType>
      <ShiftSize>0.01</ShiftSize>
      <ShiftExpiries>6M,1Y,2Y,3Y,5Y</ShiftExpiries>
      <ShiftStrikes/>
    </EquityVolatility>
  </EquityVolatilities>
  <CommodityCurves>
    <CommodityCurve name="COMDTY_GOLD_USD">
      <Currency>USD</Currency>
      <ShiftType>Relative</ShiftType>
      <ShiftSize>0.01</ShiftSize>
      <ShiftTenors>1Y,5Y,10Y</ShiftTenors>
    </CommodityCurve>
    <CommodityCurve name="COMDTY_WTI_USD">
      <Currency>USD</Currency>
      <ShiftType>Relative</ShiftType>
      <ShiftSize>0.01</ShiftSize>
      <ShiftTenors>1Y,5Y,10Y</ShiftTenors>
    </CommodityCurve>
  </CommodityCurves>
  <CommodityVolatilities>
    <CommodityVolatility name="COMDTY_GOLD_USD">
      <ShiftType>Relative</ShiftType>
      <ShiftSize>0.01</ShiftSize>
      <ShiftExpiries>6M,1Y,2Y,3Y,4Y,5Y,7Y,10Y</ShiftExpiries>
      <ShiftStrikes/>
    </CommodityVolatility>
    <CommodityVolatility name="COMDTY_WTI_USD">
      <ShiftType>Relative</ShiftType>
      <ShiftSize>0.01</ShiftSize>
      <ShiftExpiries>6M,1Y,2Y,3Y,4Y,5Y,7Y,10Y</ShiftExpiries>
      <ShiftStrikes>0.9,1.0,1.167,1.333,1.5,1.667,1.833,2.0</ShiftStrikes>
    </CommodityVolatility>
  </CommodityVolatilities>
  <CrossGammaFilter>
    <Pair>DiscountCurve/EUR,DiscountCurve/EUR</Pair>
    <Pair>IndexCurve/EUR,IndexCurve/EUR</Pair>
    <Pair>DiscountCurve/EUR,IndexCurve/EUR</Pair>
  </CrossGammaFilter>
</SensitivityAnalysis>
