<?xml version="1.0"?>
<Portfolio>
  <Trade id="Swaption_1">
    <TradeType>Swaption</TradeType>
    <Envelope>
      <CounterParty>CPTY_A</CounterParty>
      <NettingSetId>CPTY_A</NettingSetId>
      <AdditionalFields/>
    </Envelope>
    <SwaptionData>
      <OptionData>
        <LongShort>Long</LongShort>
        <OptionType>Call</OptionType>
        <Style>European</Style>
        <Settlement>Cash</Settlement>
        <PayOffAtExpiry>false</PayOffAtExpiry>
        <ExerciseDates>
          <ExerciseDate>20170301</ExerciseDate>
        </ExerciseDates>
      </OptionData>
      <LegData>
        <LegType>Fixed</LegType>
        <Payer>false</Payer>
        <Currency>EUR</Currency>
        <Notionals>
          <Notional>10000000.000000</Notional>
        </Notionals>
        <DayCounter>30/360</DayCounter>
        <PaymentConvention>F</PaymentConvention>
        <FixedLegData>
          <Rates>
            <Rate>0.01</Rate>
          </Rates>
        </FixedLegData>
        <ScheduleData>
          <Rules>
            <StartDate>20170301</StartDate>
            <EndDate>20360301</EndDate>
            <Tenor>1Y</Tenor>
            <Calendar>TARGET</Calendar>
            <Convention>F</Convention>
            <TermConvention>F</TermConvention>
            <Rule>Forward</Rule>
            <EndOfMonth/>
            <FirstDate/>
            <LastDate/>
          </Rules>
        </ScheduleData>
      </LegData>
      <LegData>
        <LegType>Floating</LegType>
        <Payer>true</Payer>
        <Currency>EUR</Currency>
        <Notionals>
          <Notional>10000000.000000</Notional>
        </Notionals>
        <DayCounter>A360</DayCounter>
        <PaymentConvention>MF</PaymentConvention>
        <FloatingLegData>
          <Index>EUR-EURIBOR-6M</Index>
          <Spreads>
            <Spread>0.000000</Spread>
          </Spreads>
          <IsInArrears>false</IsInArrears>
          <FixingDays>2</FixingDays>
        </FloatingLegData>
        <ScheduleData>
          <Rules>
            <StartDate>20170301</StartDate>
            <EndDate>20360301</EndDate>
            <Tenor>6M</Tenor>
            <Calendar>TARGET</Calendar>
            <Convention>MF</Convention>
            <TermConvention>MF</TermConvention>
            <Rule>Forward</Rule>
            <EndOfMonth/>
            <FirstDate/>
            <LastDate/>
          </Rules>
        </ScheduleData>
      </LegData>
    </SwaptionData>
  </Trade>

  <Trade id="Swaption_2">
    <TradeType>Swaption</TradeType>
    <Envelope>
      <CounterParty>CPTY_A</CounterParty>
      <NettingSetId>CPTY_A</NettingSetId>
      <AdditionalFields/>
    </Envelope>
    <SwaptionData>
      <OptionData>
        <LongShort>Long</LongShort>
        <OptionType>Call</OptionType>
        <Style>European</Style>
        <Settlement>Cash</Settlement>
        <PayOffAtExpiry>false</PayOffAtExpiry>
        <ExerciseDates>
          <ExerciseDate>20170301</ExerciseDate>
        </ExerciseDates>
      </OptionData>
      <LegData>
        <LegType>Fixed</LegType>
        <Payer>false</Payer>
        <Currency>EUR</Currency>
        <Notionals>
          <Notional>10000000.000000</Notional>
        </Notionals>
        <DayCounter>30/360</DayCounter>
        <PaymentConvention>F</PaymentConvention>
        <FixedLegData>
          <Rates>
            <Rate>0.02</Rate>
          </Rates>
        </FixedLegData>
        <ScheduleData>
          <Rules>
            <StartDate>20170301</StartDate>
            <EndDate>20360301</EndDate>
            <Tenor>1Y</Tenor>
            <Calendar>TARGET</Calendar>
            <Convention>F</Convention>
            <TermConvention>F</TermConvention>
            <Rule>Forward</Rule>
            <EndOfMonth/>
            <FirstDate/>
            <LastDate/>
          </Rules>
        </ScheduleData>
      </LegData>
      <LegData>
        <LegType>Floating</LegType>
        <Payer>true</Payer>
        <Currency>EUR</Currency>
        <Notionals>
          <Notional>10000000.000000</Notional>
        </Notionals>
        <DayCounter>A360</DayCounter>
        <PaymentConvention>MF</PaymentConvention>
        <FloatingLegData>
          <Index>EUR-EURIBOR-6M</Index>
          <Spreads>
            <Spread>0.000000</Spread>
          </Spreads>
          <IsInArrears>false</IsInArrears>
          <FixingDays>2</FixingDays>
        </FloatingLegData>
        <ScheduleData>
          <Rules>
            <StartDate>20170301</StartDate>
            <EndDate>20360301</EndDate>
            <Tenor>6M</Tenor>
            <Calendar>TARGET</Calendar>
            <Convention>MF</Convention>
            <TermConvention>MF</TermConvention>
            <Rule>Forward</Rule>
            <EndOfMonth/>
            <FirstDate/>
            <LastDate/>
          </Rules>
        </ScheduleData>
      </LegData>
    </SwaptionData>
  </Trade>

  <Trade id="Swaption_3">
    <TradeType>Swaption</TradeType>
    <Envelope>
      <CounterParty>CPTY_A</CounterParty>
      <NettingSetId>CPTY_A</NettingSetId>
      <AdditionalFields/>
    </Envelope>
    <SwaptionData>
      <OptionData>
        <LongShort>Long</LongShort>
        <OptionType>Call</OptionType>
        <Style>European</Style>
        <Settlement>Cash</Settlement>
        <PayOffAtExpiry>false</PayOffAtExpiry>
        <ExerciseDates>
          <ExerciseDate>20170301</ExerciseDate>
        </ExerciseDates>
      </OptionData>
      <LegData>
        <LegType>Fixed</LegType>
        <Payer>false</Payer>
        <Currency>EUR</Currency>
        <Notionals>
          <Notional>10000000.000000</Notional>
        </Notionals>
        <DayCounter>30/360</DayCounter>
        <PaymentConvention>F</PaymentConvention>
        <FixedLegData>
          <Rates>
            <Rate>0.03</Rate>
          </Rates>
        </FixedLegData>
        <ScheduleData>
          <Rules>
            <StartDate>20170301</StartDate>
            <EndDate>20360301</EndDate>
            <Tenor>1Y</Tenor>
            <Calendar>TARGET</Calendar>
            <Convention>F</Convention>
            <TermConvention>F</TermConvention>
            <Rule>Forward</Rule>
            <EndOfMonth/>
            <FirstDate/>
            <LastDate/>
          </Rules>
        </ScheduleData>
      </LegData>
      <LegData>
        <LegType>Floating</LegType>
        <Payer>true</Payer>
        <Currency>EUR</Currency>
        <Notionals>
          <Notional>10000000.000000</Notional>
        </Notionals>
        <DayCounter>A360</DayCounter>
        <PaymentConvention>MF</PaymentConvention>
        <FloatingLegData>
          <Index>EUR-EURIBOR-6M</Index>
          <Spreads>
            <Spread>0.000000</Spread>
          </Spreads>
          <IsInArrears>false</IsInArrears>
          <FixingDays>2</FixingDays>
        </FloatingLegData>
        <ScheduleData>
          <Rules>
            <StartDate>20170301</StartDate>
            <EndDate>20360301</EndDate>
            <Tenor>6M</Tenor>
            <Calendar>TARGET</Calendar>
            <Convention>MF</Convention>
            <TermConvention>MF</TermConvention>
            <Rule>Forward</Rule>
            <EndOfMonth/>
            <FirstDate/>
            <LastDate/>
          </Rules>
        </ScheduleData>
      </LegData>
    </SwaptionData>
  </Trade>

  <Trade id="Swaption_4">
    <TradeType>Swaption</TradeType>
    <Envelope>
      <CounterParty>CPTY_A</CounterParty>
      <NettingSetId>CPTY_A</NettingSetId>
      <AdditionalFields/>
    </Envelope>
    <SwaptionData>
      <OptionData>
        <LongShort>Long</LongShort>
        <OptionType>Call</OptionType>
        <Style>European</Style>
        <Settlement>Cash</Settlement>
        <PayOffAtExpiry>false</PayOffAtExpiry>
        <ExerciseDates>
          <ExerciseDate>20170301</ExerciseDate>
        </ExerciseDates>
      </OptionData>
      <LegData>
        <LegType>Fixed</LegType>
        <Payer>false</Payer>
        <Currency>EUR</Currency>
        <Notionals>
          <Notional>10000000.000000</Notional>
        </Notionals>
        <DayCounter>30/360</DayCounter>
        <PaymentConvention>F</PaymentConvention>
        <FixedLegData>
          <Rates>
            <Rate>0.04</Rate>
          </Rates>
        </FixedLegData>
        <ScheduleData>
          <Rules>
            <StartDate>20170301</StartDate>
            <EndDate>20360301</EndDate>
            <Tenor>1Y</Tenor>
            <Calendar>TARGET</Calendar>
            <Convention>F</Convention>
            <TermConvention>F</TermConvention>
            <Rule>Forward</Rule>
            <EndOfMonth/>
            <FirstDate/>
            <LastDate/>
          </Rules>
        </ScheduleData>
      </LegData>
      <LegData>
        <LegType>Floating</LegType>
        <Payer>true</Payer>
        <Currency>EUR</Currency>
        <Notionals>
          <Notional>10000000.000000</Notional>
        </Notionals>
        <DayCounter>A360</DayCounter>
        <PaymentConvention>MF</PaymentConvention>
        <FloatingLegData>
          <Index>EUR-EURIBOR-6M</Index>
          <Spreads>
            <Spread>0.000000</Spread>
          </Spreads>
          <IsInArrears>false</IsInArrears>
          <FixingDays>2</FixingDays>
        </FloatingLegData>
        <ScheduleData>
          <Rules>
            <StartDate>20170301</StartDate>
            <EndDate>20360301</EndDate>
            <Tenor>6M</Tenor>
            <Calendar>TARGET</Calendar>
            <Convention>MF</Convention>
            <TermConvention>MF</TermConvention>
            <Rule>Forward</Rule>
            <EndOfMonth/>
            <FirstDate/>
            <LastDate/>
          </Rules>
        </ScheduleData>
      </LegData>
    </SwaptionData>
  </Trade>

</Portfolio>
