#TradeId,TradeType,Maturity,MaturityTime,NPV,NpvCurrency,NPV(Base),BaseCurrency,Notional,NotionalCurrency,Notional(Base),NettingSet,CounterParty
EQ_CALL_SP5,EquityOption,2018-02-05,2.000262,132179.292120,USD,116731.407805,EUR,1664359.00,USD,1469844.22,CPTY_A,CPTY_A
EQ_PUT_SP5,EquityOption,2018-02-05,2.000262,-175480.208684,USD,-154971.716621,EUR,1664359.00,USD,1469844.22,CPTY_A,CPTY_A
Swaption_CALL,Swaption,2036-03-03,20.073770,418059.295912,EUR,418059.295912,EUR,10000000.00,EUR,10000000.00,CPTY_A,CPTY_A
FX_CALL_OPTION,FxOption,2026-03-01,10.066015,286840.684025,USD,253317.417010,EUR,1100000.00,USD,971442.25,CPTY_A,CPTY_A
