#TradeId,TradeType,Maturity,MaturityTime,NPV,NpvCurrency,NPV(Base),BaseCurrency,Notional,NotionalCurrency,Notional(Base),NettingSet,CounterParty
YearOnYear_Cap,CapFloor,2021-02-05,5.000262,25065.914792,EUR,20351.968725,GBP,10000000.00,EUR,8119380.00,CPTY_B,CPTY_B
YearOnYear_Floor,CapFloor,2019-02-05,3.000262,2758.691827,EUR,2239.886725,GBP,10000000.00,EUR,8119380.00,CPTY_B,CPTY_B
CPI_Floor,CapFloor,2019-02-05,3.000262,-6303.669846,EUR,-5118.189087,GBP,10000000.00,EUR,8119380.00,CPTY_B,CPTY_B
CPI_Floor_SingleFlow,CapFloor,2019-02-05,3.000262,-103307.263240,EUR,-83879.092701,GBP,0.00,EUR,0.00,CPTY_B,CPTY_B
CPI_Cap,CapFloor,2019-02-05,3.000262,73305.947674,EUR,59519.884543,GBP,10000000.00,EUR,8119380.00,CPTY_B,CPTY_B
